{
  "iri": "31c15e62-6f46-4c53-ad4d-cf900421feb6/c0dc5ab7-07d4-4399-9e66-5e2f38b752e9",
  "types": [
    "http://dataspecer.com/resources/local/package"
  ],
  "userMetadata": {
    "label": {
      "cs": "DCAT-AP-CZ - podmínky užití",
      "en": "DCAT-AP-CZ - terms of use"
    },
    "description": {},
    "importedFromUrl": "https://mff-uk.github.io/specifications/dcat-ap-cz-podmínky-užití/",
    "documentBaseUrl": "https://mff-uk.github.io/specifications/dcat-ap-cz-podmínky-užití/"
  },
  "metadata": {
    "creationDate": "2025-04-14T14:53:12.825Z",
    "modificationDate": "2025-04-29T06:43:10.731Z"
  },
  "_version": 1,
  "_exportVersion": 1,
  "_exportedAt": "2025-04-29T06:45:11.791Z",
  "_exportedBy": "http://localhost:3100"
}