{
  "iri": "31c15e62-6f46-4c53-ad4d-cf900421feb6/c0dc5ab7-07d4-4399-9e66-5e2f38b752e9/468e23af-aa3b-4ddc-8ef9-0b9cfe604c89",
  "types": [
    "https://dataspecer.com/core/model-descriptor/pim-store-wrapper"
  ],
  "userMetadata": {
    "documentBaseUrl": "https://www.w3.org/ns/dcat3.ttl",
    "label": {
      "en": "dcat3"
    }
  },
  "metadata": {
    "creationDate": "2025-04-14T14:53:13.133Z",
    "modificationDate": "2025-04-29T06:43:10.654Z"
  },
  "_version": 1,
  "_exportVersion": 1,
  "_exportedAt": "2025-04-29T06:45:11.789Z",
  "_exportedBy": "http://localhost:3100"
}