{
  "iri": "fe29a614-bbc7-4064-823b-7eaa1eda6580",
  "types": [
    "http://dataspecer.com/resources/local/package"
  ],
  "userMetadata": {
    "label": {
      "cs": "DCAT-AP-CZ - typy datových sad dle zdroje"
    },
    "description": {
      "cs": ""
    }
  },
  "metadata": {
    "creationDate": "2025-03-04T10:56:06.276Z",
    "modificationDate": "2025-04-14T14:51:26.223Z"
  },
  "_version": 1,
  "_exportVersion": 1,
  "_exportedAt": "2025-04-14T14:51:37.811Z",
  "_exportedBy": "http://localhost:3100"
}