{
  "iri": "a2511155-90f5-4849-a32c-a265e8b6439a",
  "types": [
    "http://dataspecer.com/resources/local/visual-model"
  ],
  "userMetadata": {
    "label": {
      "en": "Main view"
    },
    "description": {
      "en": "View model for the vocabulary"
    }
  },
  "metadata": {
    "creationDate": "2025-03-04T10:56:06.589Z",
    "modificationDate": "2025-04-14T14:51:21.124Z"
  },
  "_version": 1,
  "_exportVersion": 1,
  "_exportedAt": "2025-04-14T14:51:37.805Z",
  "_exportedBy": "http://localhost:3100"
}