{
  "iri": "31c15e62-6f46-4c53-ad4d-cf900421feb6/8f22fffc-b41a-455f-87f7-e9e3c2f6dc90/0a2602fb-fca8-4e3e-84cf-f6f50435ae7a/0e96695e-fd50-4510-afc0-fe0c222b0562",
  "types": [
    "https://dataspecer.com/core/model-descriptor/pim-store-wrapper"
  ],
  "userMetadata": {
    "documentBaseUrl": "https://www.w3.org/2006/vcard/ns",
    "label": {
      "en": "ns"
    }
  },
  "metadata": {
    "creationDate": "2025-04-29T06:44:25.092Z",
    "modificationDate": "2025-04-29T06:44:25.274Z"
  },
  "_version": 1,
  "_exportVersion": 1,
  "_exportedAt": "2025-04-29T06:45:11.815Z",
  "_exportedBy": "http://localhost:3100"
}