{
  "iri": "31c15e62-6f46-4c53-ad4d-cf900421feb6/8f22fffc-b41a-455f-87f7-e9e3c2f6dc90/0a2602fb-fca8-4e3e-84cf-f6f50435ae7a/193b645c-790b-487b-b662-03ab94a3ccfd",
  "types": [
    "https://dataspecer.com/core/model-descriptor/pim-store-wrapper"
  ],
  "userMetadata": {
    "documentBaseUrl": "https://www.w3.org/ns/legacy_adms",
    "label": {
      "en": "legacy_adms"
    }
  },
  "metadata": {
    "creationDate": "2025-04-29T06:44:26.042Z",
    "modificationDate": "2025-04-29T06:44:26.190Z"
  },
  "_version": 1,
  "_exportVersion": 1,
  "_exportedAt": "2025-04-29T06:45:11.822Z",
  "_exportedBy": "http://localhost:3100"
}