{
  "iri": "31c15e62-6f46-4c53-ad4d-cf900421feb6/8f22fffc-b41a-455f-87f7-e9e3c2f6dc90/0a2602fb-fca8-4e3e-84cf-f6f50435ae7a/19766dd5-1715-4602-a7bc-f50e0b12fc13",
  "types": [
    "https://dataspecer.com/core/model-descriptor/pim-store-wrapper"
  ],
  "userMetadata": {
    "documentBaseUrl": "https://datagov-cz.github.io/cache-slovniku/time.ttl",
    "label": {
      "en": "time"
    }
  },
  "metadata": {
    "creationDate": "2025-04-29T06:44:24.248Z",
    "modificationDate": "2025-04-29T06:44:24.322Z"
  },
  "_version": 1,
  "_exportVersion": 1,
  "_exportedAt": "2025-04-29T06:45:11.809Z",
  "_exportedBy": "http://localhost:3100"
}