{
  "iri": "31c15e62-6f46-4c53-ad4d-cf900421feb6/8f22fffc-b41a-455f-87f7-e9e3c2f6dc90/0a2602fb-fca8-4e3e-84cf-f6f50435ae7a/1ca0e229-ae7e-4e57-863d-e3108fec2b55",
  "types": [
    "https://dataspecer.com/core/model-descriptor/pim-store-wrapper"
  ],
  "userMetadata": {
    "documentBaseUrl": "https://www.w3.org/ns/dcat3.ttl",
    "label": {
      "en": "dcat3"
    }
  },
  "metadata": {
    "creationDate": "2025-04-29T06:44:25.646Z",
    "modificationDate": "2025-04-29T06:44:25.880Z"
  },
  "_version": 1,
  "_exportVersion": 1,
  "_exportedAt": "2025-04-29T06:45:11.817Z",
  "_exportedBy": "http://localhost:3100"
}