{
  "iri": "31c15e62-6f46-4c53-ad4d-cf900421feb6/8f22fffc-b41a-455f-87f7-e9e3c2f6dc90/0a2602fb-fca8-4e3e-84cf-f6f50435ae7a/b168745d-b14a-4d9e-846b-12f29acb1c90",
  "types": [
    "https://dataspecer.com/core/model-descriptor/pim-store-wrapper"
  ],
  "userMetadata": {
    "documentBaseUrl": "https://semiceu.github.io/Core-Location-Vocabulary/releases/2.00/voc/core-location-ap.ttl",
    "label": {
      "en": "core-location-ap"
    }
  },
  "metadata": {
    "creationDate": "2025-04-29T06:44:24.494Z",
    "modificationDate": "2025-04-29T06:44:24.531Z"
  },
  "_version": 1,
  "_exportVersion": 1,
  "_exportedAt": "2025-04-29T06:45:11.811Z",
  "_exportedBy": "http://localhost:3100"
}