{
  "iri": "31c15e62-6f46-4c53-ad4d-cf900421feb6/9c72830f-55aa-4622-aba5-cfdf595e1bc0/dbe94553-8fc9-487a-b08b-9fc9ad7814f7/0329a5c7-c549-4cda-a553-4a6db0960138",
  "types": [
    "https://dataspecer.com/core/model-descriptor/pim-store-wrapper"
  ],
  "userMetadata": {
    "documentBaseUrl": "https://datagov-cz.github.io/cache-slovniku/foaf.ttl",
    "label": {
      "en": "foaf"
    }
  },
  "metadata": {
    "creationDate": "2025-04-15T08:44:37.502Z",
    "modificationDate": "2025-04-15T08:44:37.562Z"
  },
  "_version": 1,
  "_exportVersion": 1,
  "_exportedAt": "2025-04-15T08:44:55.977Z",
  "_exportedBy": "http://localhost:3100"
}