{
  "iri": "31c15e62-6f46-4c53-ad4d-cf900421feb6/9c72830f-55aa-4622-aba5-cfdf595e1bc0/dbe94553-8fc9-487a-b08b-9fc9ad7814f7/55331f66-566a-467a-978c-5c586ca4b97d",
  "types": [
    "https://dataspecer.com/core/model-descriptor/pim-store-wrapper"
  ],
  "userMetadata": {
    "documentBaseUrl": "https://www.w3.org/ns/legacy_adms",
    "label": {
      "en": "legacy_adms"
    }
  },
  "metadata": {
    "creationDate": "2025-04-15T08:44:39.800Z",
    "modificationDate": "2025-04-15T08:44:39.953Z"
  },
  "_version": 1,
  "_exportVersion": 1,
  "_exportedAt": "2025-04-15T08:44:55.997Z",
  "_exportedBy": "http://localhost:3100"
}