{
  "iri": "31c15e62-6f46-4c53-ad4d-cf900421feb6/9c72830f-55aa-4622-aba5-cfdf595e1bc0/dbe94553-8fc9-487a-b08b-9fc9ad7814f7/81d081d1-601a-4b1c-b9d7-47e0b24a3010",
  "types": [
    "https://dataspecer.com/core/model-descriptor/pim-store-wrapper"
  ],
  "userMetadata": {
    "documentBaseUrl": "https://www.w3.org/ns/dcat3.ttl",
    "label": {
      "en": "dcat3"
    }
  },
  "metadata": {
    "creationDate": "2025-04-15T08:44:39.451Z",
    "modificationDate": "2025-04-15T08:44:39.638Z"
  },
  "_version": 1,
  "_exportVersion": 1,
  "_exportedAt": "2025-04-15T08:44:55.995Z",
  "_exportedBy": "http://localhost:3100"
}