{
  "iri": "3380f69e-138c-4c8d-b067-316e25615d88/546c17eb-800c-45ce-8fbe-99c4f2f3e8a0/132a6ffb-d5c1-4d1e-bc15-205b4217825f",
  "types": [
    "https://dataspecer.com/core/model-descriptor/pim-store-wrapper"
  ],
  "userMetadata": {
    "documentBaseUrl": "https://www.dublincore.org/specifications/dublin-core/dcmi-terms/dublin_core_terms.ttl",
    "label": {
      "en": "dublin_core_terms"
    }
  },
  "metadata": {
    "creationDate": "2026-01-09T08:40:18.978Z",
    "modificationDate": "2026-01-09T08:40:56.503Z"
  },
  "_version": 1,
  "_exportVersion": 1,
  "_exportedAt": "2026-01-09T08:44:16.124Z",
  "_exportedBy": "http://localhost:3100"
}