{
  "iri": "3380f69e-138c-4c8d-b067-316e25615d88/546c17eb-800c-45ce-8fbe-99c4f2f3e8a0/3411d211-4d13-49c4-82df-c21fc03e427e",
  "types": [
    "https://dataspecer.com/core/model-descriptor/pim-store-wrapper"
  ],
  "userMetadata": {
    "documentBaseUrl": "https://datagov-cz.github.io/cache-slovniku/rdfs.ttl",
    "label": {
      "en": "rdfs"
    }
  },
  "metadata": {
    "creationDate": "2026-01-09T08:40:15.097Z",
    "modificationDate": "2026-01-09T08:40:55.990Z"
  },
  "_version": 1,
  "_exportVersion": 1,
  "_exportedAt": "2026-01-09T08:44:16.104Z",
  "_exportedBy": "http://localhost:3100"
}