{
  "iri": "3380f69e-138c-4c8d-b067-316e25615d88/546c17eb-800c-45ce-8fbe-99c4f2f3e8a0/3b913d7f-dd86-47eb-9ce2-fbe9bba18456",
  "types": [
    "https://dataspecer.com/core/model-descriptor/pim-store-wrapper"
  ],
  "userMetadata": {
    "documentBaseUrl": "https://datagov-cz.github.io/cache-slovniku/spdx-ontology.2.3.1.ttl",
    "label": {
      "en": "spdx-ontology"
    }
  },
  "metadata": {
    "creationDate": "2026-01-09T08:40:19.501Z",
    "modificationDate": "2026-01-09T08:40:56.692Z"
  },
  "_version": 1,
  "_exportVersion": 1,
  "_exportedAt": "2026-01-09T08:53:56.841Z",
  "_exportedBy": "http://localhost:3100"
}