{
  "iri": "3380f69e-138c-4c8d-b067-316e25615d88/546c17eb-800c-45ce-8fbe-99c4f2f3e8a0/4b649c4a-b853-4d53-a9d0-d14831fd1680",
  "types": [
    "https://dataspecer.com/core/model-descriptor/pim-store-wrapper"
  ],
  "userMetadata": {
    "documentBaseUrl": "https://www.w3.org/ns/legacy_adms",
    "label": {
      "en": "legacy_adms"
    }
  },
  "metadata": {
    "creationDate": "2026-01-09T08:40:15.984Z",
    "modificationDate": "2026-01-09T08:40:56.161Z"
  },
  "_version": 1,
  "_exportVersion": 1,
  "_exportedAt": "2026-01-09T08:53:56.825Z",
  "_exportedBy": "http://localhost:3100"
}