{
  "iri": "3380f69e-138c-4c8d-b067-316e25615d88/546c17eb-800c-45ce-8fbe-99c4f2f3e8a0/99043040-26e2-41b7-891c-acf230bb5af1",
  "types": [
    "https://dataspecer.com/core/model-descriptor/pim-store-wrapper"
  ],
  "userMetadata": {
    "documentBaseUrl": "https://www.w3.org/ns/dcat3.ttl",
    "label": {
      "en": "dcat3"
    }
  },
  "metadata": {
    "creationDate": "2026-01-09T08:40:17.236Z",
    "modificationDate": "2026-01-09T08:40:56.333Z"
  },
  "_version": 1,
  "_exportVersion": 1,
  "_exportedAt": "2026-01-09T08:44:16.117Z",
  "_exportedBy": "http://localhost:3100"
}