{
  "iri": "3380f69e-138c-4c8d-b067-316e25615d88/3b721c44-2b4a-4a9e-a418-3727ed3a23cd",
  "types": [
    "http://dataspecer.com/resources/local/package"
  ],
  "userMetadata": {
    "label": {
      "en": "DCAT 3 Default Application Profile",
      "cs": "Výchozí aplikační profil DCAT 3"
    },
    "description": {},
    "importedFromUrl": "https://mff-uk.github.io/specifications/dcat-dap/",
    "documentBaseUrl": "https://mff-uk.github.io/specifications/dcat-dap/"
  },
  "metadata": {
    "creationDate": "2025-07-17T08:32:20.399Z",
    "modificationDate": "2025-07-17T08:32:25.370Z"
  },
  "_version": 1,
  "_exportVersion": 1,
  "_exportedAt": "2025-07-17T08:36:14.432Z",
  "_exportedBy": "http://localhost:3100"
}