{
  "iri": "3380f69e-138c-4c8d-b067-316e25615d88/3b721c44-2b4a-4a9e-a418-3727ed3a23cd/81880ad7-c356-41fb-ac72-7f656689d6ac",
  "types": [
    "https://dataspecer.com/core/model-descriptor/pim-store-wrapper"
  ],
  "userMetadata": {
    "documentBaseUrl": "https://datagov-cz.github.io/cache-slovniku/spdx-ontology.2.3.1.ttl",
    "label": {
      "en": "spdx-ontology"
    }
  },
  "metadata": {
    "creationDate": "2025-07-17T08:32:23.373Z",
    "modificationDate": "2025-07-17T08:32:23.492Z"
  },
  "_version": 1,
  "_exportVersion": 1,
  "_exportedAt": "2025-07-17T08:36:14.410Z",
  "_exportedBy": "http://localhost:3100"
}