{
  "iri": "3380f69e-138c-4c8d-b067-316e25615d88/3b721c44-2b4a-4a9e-a418-3727ed3a23cd/8aeb379c-8d2e-401c-a2f6-c52294915474",
  "types": [
    "https://dataspecer.com/core/model-descriptor/pim-store-wrapper"
  ],
  "userMetadata": {
    "documentBaseUrl": "https://datagov-cz.github.io/cache-slovniku/foaf.ttl",
    "label": {
      "en": "foaf"
    }
  },
  "metadata": {
    "creationDate": "2025-07-17T08:32:23.637Z",
    "modificationDate": "2025-07-17T08:32:23.688Z"
  },
  "_version": 1,
  "_exportVersion": 1,
  "_exportedAt": "2025-07-17T08:36:14.416Z",
  "_exportedBy": "http://localhost:3100"
}