{
  "type": "https://dataspecer.com/core/model-descriptor/pim-store-wrapper",
  "id": "3380f69e-138c-4c8d-b067-316e25615d88/3b721c44-2b4a-4a9e-a418-3727ed3a23cd/958fef4c-8e62-4bfc-bc49-8ad9717df27d",
  "alias": "legacy_adms",
  "pimStore": {
    "resources": {
      "http://www.w3.org/ns/adms#identifier#domain": {
        "types": [
          "https://ofn.gov.cz/slovník/pim/AssociationEnd"
        ],
        "iri": "http://www.w3.org/ns/adms#identifier#domain",
        "pimInterpretation": null,
        "pimTechnicalLabel": null,
        "pimHumanLabel": null,
        "pimHumanDescription": null,
        "pimPart": "http://www.w3.org/2002/07/owl#Thing",
        "pimCardinalityMin": null,
        "pimCardinalityMax": null
      },
      "http://www.w3.org/ns/adms#identifier": {
        "types": [
          "https://ofn.gov.cz/slovník/pim/Association"
        ],
        "iri": "http://www.w3.org/ns/adms#identifier",
        "pimInterpretation": "http://www.w3.org/ns/adms#identifier",
        "pimTechnicalLabel": null,
        "pimHumanLabel": {
          "en": "identifier"
        },
        "pimHumanDescription": {
          "en": "adms:identifier is used to link any resource to an instance of adms:Identifier which is its range. N.B. it is not appropriate to use dcterms:identifer to link to the Identifier class as its range is rdfs:Literal. ADMS uses this to provide any identifier for the Asset."
        },
        "pimEnd": [
          "http://www.w3.org/ns/adms#identifier#domain",
          "http://www.w3.org/ns/adms#identifier#range"
        ],
        "pimIsOriented": true,
        "pimExtends": []
      },
      "http://www.w3.org/ns/adms#identifier#range": {
        "types": [
          "https://ofn.gov.cz/slovník/pim/AssociationEnd"
        ],
        "iri": "http://www.w3.org/ns/adms#identifier#range",
        "pimInterpretation": null,
        "pimTechnicalLabel": null,
        "pimHumanLabel": null,
        "pimHumanDescription": null,
        "pimPart": "http://www.w3.org/ns/adms#Identifier",
        "pimCardinalityMin": null,
        "pimCardinalityMax": null
      },
      "http://www.w3.org/ns/adms#includedAsset#domain": {
        "types": [
          "https://ofn.gov.cz/slovník/pim/AssociationEnd"
        ],
        "iri": "http://www.w3.org/ns/adms#includedAsset#domain",
        "pimInterpretation": null,
        "pimTechnicalLabel": null,
        "pimHumanLabel": null,
        "pimHumanDescription": null,
        "pimPart": "http://www.w3.org/ns/adms#Asset",
        "pimCardinalityMin": null,
        "pimCardinalityMax": null
      },
      "http://www.w3.org/ns/adms#includedAsset": {
        "types": [
          "https://ofn.gov.cz/slovník/pim/Association"
        ],
        "iri": "http://www.w3.org/ns/adms#includedAsset",
        "pimInterpretation": "http://www.w3.org/ns/adms#includedAsset",
        "pimTechnicalLabel": null,
        "pimHumanLabel": {
          "en": "included asset"
        },
        "pimHumanDescription": {
          "en": "Links to an Asset that is contained in the Asset being described, e.g. when there are several vocabularies defined in a single document."
        },
        "pimEnd": [
          "http://www.w3.org/ns/adms#includedAsset#domain",
          "http://www.w3.org/ns/adms#includedAsset#range"
        ],
        "pimIsOriented": true,
        "pimExtends": []
      },
      "http://www.w3.org/ns/adms#includedAsset#range": {
        "types": [
          "https://ofn.gov.cz/slovník/pim/AssociationEnd"
        ],
        "iri": "http://www.w3.org/ns/adms#includedAsset#range",
        "pimInterpretation": null,
        "pimTechnicalLabel": null,
        "pimHumanLabel": null,
        "pimHumanDescription": null,
        "pimPart": "http://www.w3.org/ns/adms#Asset",
        "pimCardinalityMin": null,
        "pimCardinalityMax": null
      },
      "http://www.w3.org/ns/adms#interoperabilityLevel#domain": {
        "types": [
          "https://ofn.gov.cz/slovník/pim/AssociationEnd"
        ],
        "iri": "http://www.w3.org/ns/adms#interoperabilityLevel#domain",
        "pimInterpretation": null,
        "pimTechnicalLabel": null,
        "pimHumanLabel": null,
        "pimHumanDescription": null,
        "pimPart": "https://dataspecer.com/cim/abstract-class-union-domain/http://www.w3.org/ns/adms#interoperabilityLevel",
        "pimCardinalityMin": null,
        "pimCardinalityMax": null
      },
      "http://www.w3.org/ns/adms#interoperabilityLevel": {
        "types": [
          "https://ofn.gov.cz/slovník/pim/Association"
        ],
        "iri": "http://www.w3.org/ns/adms#interoperabilityLevel",
        "pimInterpretation": "http://www.w3.org/ns/adms#interoperabilityLevel",
        "pimTechnicalLabel": null,
        "pimHumanLabel": {
          "en": "interoperability level"
        },
        "pimHumanDescription": {
          "en": "Links an Asset to its adms:InteroperabilityLevel. Since this is encoded using skos:Concept, that is the defined range for this property."
        },
        "pimEnd": [
          "http://www.w3.org/ns/adms#interoperabilityLevel#domain",
          "http://www.w3.org/ns/adms#interoperabilityLevel#range"
        ],
        "pimIsOriented": true,
        "pimExtends": []
      },
      "http://www.w3.org/ns/adms#interoperabilityLevel#range": {
        "types": [
          "https://ofn.gov.cz/slovník/pim/AssociationEnd"
        ],
        "iri": "http://www.w3.org/ns/adms#interoperabilityLevel#range",
        "pimInterpretation": null,
        "pimTechnicalLabel": null,
        "pimHumanLabel": null,
        "pimHumanDescription": null,
        "pimPart": "http://www.w3.org/2004/02/skos/core#Concept",
        "pimCardinalityMin": null,
        "pimCardinalityMax": null
      },
      "http://www.w3.org/ns/adms#last#domain": {
        "types": [
          "https://ofn.gov.cz/slovník/pim/AssociationEnd"
        ],
        "iri": "http://www.w3.org/ns/adms#last#domain",
        "pimInterpretation": null,
        "pimTechnicalLabel": null,
        "pimHumanLabel": null,
        "pimHumanDescription": null,
        "pimPart": "http://www.w3.org/2002/07/owl#Thing",
        "pimCardinalityMin": null,
        "pimCardinalityMax": null
      },
      "http://www.w3.org/ns/adms#last": {
        "types": [
          "https://ofn.gov.cz/slovník/pim/Association"
        ],
        "iri": "http://www.w3.org/ns/adms#last",
        "pimInterpretation": "http://www.w3.org/ns/adms#last",
        "pimTechnicalLabel": null,
        "pimHumanLabel": {
          "en": "last"
        },
        "pimHumanDescription": {
          "en": "A link to the current or latest version of the Asset."
        },
        "pimEnd": [
          "http://www.w3.org/ns/adms#last#domain",
          "http://www.w3.org/ns/adms#last#range"
        ],
        "pimIsOriented": true,
        "pimExtends": [
          "http://www.w3.org/1999/xhtml/vocab#last"
        ]
      },
      "http://www.w3.org/ns/adms#last#range": {
        "types": [
          "https://ofn.gov.cz/slovník/pim/AssociationEnd"
        ],
        "iri": "http://www.w3.org/ns/adms#last#range",
        "pimInterpretation": null,
        "pimTechnicalLabel": null,
        "pimHumanLabel": null,
        "pimHumanDescription": null,
        "pimPart": "http://www.w3.org/2002/07/owl#Thing",
        "pimCardinalityMin": null,
        "pimCardinalityMax": null
      },
      "http://www.w3.org/ns/adms#next#domain": {
        "types": [
          "https://ofn.gov.cz/slovník/pim/AssociationEnd"
        ],
        "iri": "http://www.w3.org/ns/adms#next#domain",
        "pimInterpretation": null,
        "pimTechnicalLabel": null,
        "pimHumanLabel": null,
        "pimHumanDescription": null,
        "pimPart": "http://www.w3.org/2002/07/owl#Thing",
        "pimCardinalityMin": null,
        "pimCardinalityMax": null
      },
      "http://www.w3.org/ns/adms#next": {
        "types": [
          "https://ofn.gov.cz/slovník/pim/Association"
        ],
        "iri": "http://www.w3.org/ns/adms#next",
        "pimInterpretation": "http://www.w3.org/ns/adms#next",
        "pimTechnicalLabel": null,
        "pimHumanLabel": {
          "en": "next"
        },
        "pimHumanDescription": {
          "en": "A link to the next version of the Asset."
        },
        "pimEnd": [
          "http://www.w3.org/ns/adms#next#domain",
          "http://www.w3.org/ns/adms#next#range"
        ],
        "pimIsOriented": true,
        "pimExtends": [
          "http://www.w3.org/1999/xhtml/vocab#next"
        ]
      },
      "http://www.w3.org/ns/adms#next#range": {
        "types": [
          "https://ofn.gov.cz/slovník/pim/AssociationEnd"
        ],
        "iri": "http://www.w3.org/ns/adms#next#range",
        "pimInterpretation": null,
        "pimTechnicalLabel": null,
        "pimHumanLabel": null,
        "pimHumanDescription": null,
        "pimPart": "http://www.w3.org/2002/07/owl#Thing",
        "pimCardinalityMin": null,
        "pimCardinalityMax": null
      },
      "http://www.w3.org/ns/adms#prev#domain": {
        "types": [
          "https://ofn.gov.cz/slovník/pim/AssociationEnd"
        ],
        "iri": "http://www.w3.org/ns/adms#prev#domain",
        "pimInterpretation": null,
        "pimTechnicalLabel": null,
        "pimHumanLabel": null,
        "pimHumanDescription": null,
        "pimPart": "http://www.w3.org/2002/07/owl#Thing",
        "pimCardinalityMin": null,
        "pimCardinalityMax": null
      },
      "http://www.w3.org/ns/adms#prev": {
        "types": [
          "https://ofn.gov.cz/slovník/pim/Association"
        ],
        "iri": "http://www.w3.org/ns/adms#prev",
        "pimInterpretation": "http://www.w3.org/ns/adms#prev",
        "pimTechnicalLabel": null,
        "pimHumanLabel": {
          "en": "prev"
        },
        "pimHumanDescription": {
          "en": "A link to the previous version of the Asset."
        },
        "pimEnd": [
          "http://www.w3.org/ns/adms#prev#domain",
          "http://www.w3.org/ns/adms#prev#range"
        ],
        "pimIsOriented": true,
        "pimExtends": [
          "http://www.w3.org/1999/xhtml/vocab#prev"
        ]
      },
      "http://www.w3.org/ns/adms#prev#range": {
        "types": [
          "https://ofn.gov.cz/slovník/pim/AssociationEnd"
        ],
        "iri": "http://www.w3.org/ns/adms#prev#range",
        "pimInterpretation": null,
        "pimTechnicalLabel": null,
        "pimHumanLabel": null,
        "pimHumanDescription": null,
        "pimPart": "http://www.w3.org/2002/07/owl#Thing",
        "pimCardinalityMin": null,
        "pimCardinalityMax": null
      },
      "http://www.w3.org/ns/adms#representationTechnique#domain": {
        "types": [
          "https://ofn.gov.cz/slovník/pim/AssociationEnd"
        ],
        "iri": "http://www.w3.org/ns/adms#representationTechnique#domain",
        "pimInterpretation": null,
        "pimTechnicalLabel": null,
        "pimHumanLabel": null,
        "pimHumanDescription": null,
        "pimPart": "http://www.w3.org/2002/07/owl#Thing",
        "pimCardinalityMin": null,
        "pimCardinalityMax": null
      },
      "http://www.w3.org/ns/adms#representationTechnique": {
        "types": [
          "https://ofn.gov.cz/slovník/pim/Association"
        ],
        "iri": "http://www.w3.org/ns/adms#representationTechnique",
        "pimInterpretation": "http://www.w3.org/ns/adms#representationTechnique",
        "pimTechnicalLabel": null,
        "pimHumanLabel": {
          "en": "representation technique"
        },
        "pimHumanDescription": {
          "en": "Links an adms:AssetDistribution to a skos:Concept that is its adms:RepresentationTechnique."
        },
        "pimEnd": [
          "http://www.w3.org/ns/adms#representationTechnique#domain",
          "http://www.w3.org/ns/adms#representationTechnique#range"
        ],
        "pimIsOriented": true,
        "pimExtends": []
      },
      "http://www.w3.org/ns/adms#representationTechnique#range": {
        "types": [
          "https://ofn.gov.cz/slovník/pim/AssociationEnd"
        ],
        "iri": "http://www.w3.org/ns/adms#representationTechnique#range",
        "pimInterpretation": null,
        "pimTechnicalLabel": null,
        "pimHumanLabel": null,
        "pimHumanDescription": null,
        "pimPart": "http://www.w3.org/2004/02/skos/core#Concept",
        "pimCardinalityMin": null,
        "pimCardinalityMax": null
      },
      "http://www.w3.org/ns/adms#sample#domain": {
        "types": [
          "https://ofn.gov.cz/slovník/pim/AssociationEnd"
        ],
        "iri": "http://www.w3.org/ns/adms#sample#domain",
        "pimInterpretation": null,
        "pimTechnicalLabel": null,
        "pimHumanLabel": null,
        "pimHumanDescription": null,
        "pimPart": "http://www.w3.org/ns/adms#Asset",
        "pimCardinalityMin": null,
        "pimCardinalityMax": null
      },
      "http://www.w3.org/ns/adms#sample": {
        "types": [
          "https://ofn.gov.cz/slovník/pim/Association"
        ],
        "iri": "http://www.w3.org/ns/adms#sample",
        "pimInterpretation": "http://www.w3.org/ns/adms#sample",
        "pimTechnicalLabel": null,
        "pimHumanLabel": {
          "en": "sample"
        },
        "pimHumanDescription": {
          "en": "Links to a sample of an Asset (which is itself an Asset)."
        },
        "pimEnd": [
          "http://www.w3.org/ns/adms#sample#domain",
          "http://www.w3.org/ns/adms#sample#range"
        ],
        "pimIsOriented": true,
        "pimExtends": []
      },
      "http://www.w3.org/ns/adms#sample#range": {
        "types": [
          "https://ofn.gov.cz/slovník/pim/AssociationEnd"
        ],
        "iri": "http://www.w3.org/ns/adms#sample#range",
        "pimInterpretation": null,
        "pimTechnicalLabel": null,
        "pimHumanLabel": null,
        "pimHumanDescription": null,
        "pimPart": "http://www.w3.org/ns/adms#Asset",
        "pimCardinalityMin": null,
        "pimCardinalityMax": null
      },
      "http://www.w3.org/ns/adms#schemeAgency": {
        "types": [
          "https://ofn.gov.cz/slovník/pim/Attribute"
        ],
        "iri": "http://www.w3.org/ns/adms#schemeAgency",
        "pimInterpretation": "http://www.w3.org/ns/adms#schemeAgency",
        "pimTechnicalLabel": null,
        "pimHumanLabel": {
          "en": "scheme agency"
        },
        "pimHumanDescription": {
          "en": "The name of the agency responsible for issuing the identifier"
        },
        "pimDatatype": "http://www.w3.org/2000/01/rdf-schema#Literal",
        "pimLanguageStringRequiredLanguages": [],
        "pimOwnerClass": "http://www.w3.org/ns/adms#Identifier",
        "pimCardinalityMin": null,
        "pimCardinalityMax": null,
        "pimRegex": null,
        "pimExample": null,
        "pimExtends": []
      },
      "http://www.w3.org/ns/adms#status#domain": {
        "types": [
          "https://ofn.gov.cz/slovník/pim/AssociationEnd"
        ],
        "iri": "http://www.w3.org/ns/adms#status#domain",
        "pimInterpretation": null,
        "pimTechnicalLabel": null,
        "pimHumanLabel": null,
        "pimHumanDescription": null,
        "pimPart": "http://www.w3.org/2002/07/owl#Thing",
        "pimCardinalityMin": null,
        "pimCardinalityMax": null
      },
      "http://www.w3.org/ns/adms#status": {
        "types": [
          "https://ofn.gov.cz/slovník/pim/Association"
        ],
        "iri": "http://www.w3.org/ns/adms#status",
        "pimInterpretation": "http://www.w3.org/ns/adms#status",
        "pimTechnicalLabel": null,
        "pimHumanLabel": {
          "en": "status"
        },
        "pimHumanDescription": {
          "en": "Links to the status of the Asset or Asset Distribution in the context of a particular workflow process. Since Status is defined using a skos:Concept, that is the defined range for this property."
        },
        "pimEnd": [
          "http://www.w3.org/ns/adms#status#domain",
          "http://www.w3.org/ns/adms#status#range"
        ],
        "pimIsOriented": true,
        "pimExtends": []
      },
      "http://www.w3.org/ns/adms#status#range": {
        "types": [
          "https://ofn.gov.cz/slovník/pim/AssociationEnd"
        ],
        "iri": "http://www.w3.org/ns/adms#status#range",
        "pimInterpretation": null,
        "pimTechnicalLabel": null,
        "pimHumanLabel": null,
        "pimHumanDescription": null,
        "pimPart": "http://www.w3.org/2004/02/skos/core#Concept",
        "pimCardinalityMin": null,
        "pimCardinalityMax": null
      },
      "http://www.w3.org/ns/adms#supportedSchema#domain": {
        "types": [
          "https://ofn.gov.cz/slovník/pim/AssociationEnd"
        ],
        "iri": "http://www.w3.org/ns/adms#supportedSchema#domain",
        "pimInterpretation": null,
        "pimTechnicalLabel": null,
        "pimHumanLabel": null,
        "pimHumanDescription": null,
        "pimPart": "http://www.w3.org/2002/07/owl#Thing",
        "pimCardinalityMin": null,
        "pimCardinalityMax": null
      },
      "http://www.w3.org/ns/adms#supportedSchema": {
        "types": [
          "https://ofn.gov.cz/slovník/pim/Association"
        ],
        "iri": "http://www.w3.org/ns/adms#supportedSchema",
        "pimInterpretation": "http://www.w3.org/ns/adms#supportedSchema",
        "pimTechnicalLabel": null,
        "pimHumanLabel": {
          "en": "supported schema"
        },
        "pimHumanDescription": {
          "en": "A schema according to which the Asset Repository can provide data about its content, e.g. ADMS"
        },
        "pimEnd": [
          "http://www.w3.org/ns/adms#supportedSchema#domain",
          "http://www.w3.org/ns/adms#supportedSchema#range"
        ],
        "pimIsOriented": true,
        "pimExtends": []
      },
      "http://www.w3.org/ns/adms#supportedSchema#range": {
        "types": [
          "https://ofn.gov.cz/slovník/pim/AssociationEnd"
        ],
        "iri": "http://www.w3.org/ns/adms#supportedSchema#range",
        "pimInterpretation": null,
        "pimTechnicalLabel": null,
        "pimHumanLabel": null,
        "pimHumanDescription": null,
        "pimPart": "http://www.w3.org/ns/adms#Asset",
        "pimCardinalityMin": null,
        "pimCardinalityMax": null
      },
      "http://www.w3.org/ns/adms#translation#domain": {
        "types": [
          "https://ofn.gov.cz/slovník/pim/AssociationEnd"
        ],
        "iri": "http://www.w3.org/ns/adms#translation#domain",
        "pimInterpretation": null,
        "pimTechnicalLabel": null,
        "pimHumanLabel": null,
        "pimHumanDescription": null,
        "pimPart": "http://www.w3.org/2002/07/owl#Thing",
        "pimCardinalityMin": null,
        "pimCardinalityMax": null
      },
      "http://www.w3.org/ns/adms#translation": {
        "types": [
          "https://ofn.gov.cz/slovník/pim/Association"
        ],
        "iri": "http://www.w3.org/ns/adms#translation",
        "pimInterpretation": "http://www.w3.org/ns/adms#translation",
        "pimTechnicalLabel": null,
        "pimHumanLabel": {
          "en": "translation"
        },
        "pimHumanDescription": {
          "en": "Links Assets that are translations of each other."
        },
        "pimEnd": [
          "http://www.w3.org/ns/adms#translation#domain",
          "http://www.w3.org/ns/adms#translation#range"
        ],
        "pimIsOriented": true,
        "pimExtends": []
      },
      "http://www.w3.org/ns/adms#translation#range": {
        "types": [
          "https://ofn.gov.cz/slovník/pim/AssociationEnd"
        ],
        "iri": "http://www.w3.org/ns/adms#translation#range",
        "pimInterpretation": null,
        "pimTechnicalLabel": null,
        "pimHumanLabel": null,
        "pimHumanDescription": null,
        "pimPart": "http://www.w3.org/2002/07/owl#Thing",
        "pimCardinalityMin": null,
        "pimCardinalityMax": null
      },
      "http://www.w3.org/ns/adms#versionNotes": {
        "types": [
          "https://ofn.gov.cz/slovník/pim/Attribute"
        ],
        "iri": "http://www.w3.org/ns/adms#versionNotes",
        "pimInterpretation": "http://www.w3.org/ns/adms#versionNotes",
        "pimTechnicalLabel": null,
        "pimHumanLabel": {
          "en": "version info"
        },
        "pimHumanDescription": {
          "en": "A description of changes between this version and the previous version of the Asset."
        },
        "pimDatatype": "http://www.w3.org/2000/01/rdf-schema#Literal",
        "pimLanguageStringRequiredLanguages": [],
        "pimOwnerClass": "http://www.w3.org/2002/07/owl#Thing",
        "pimCardinalityMin": null,
        "pimCardinalityMax": null,
        "pimRegex": null,
        "pimExample": null,
        "pimExtends": []
      },
      "http://www.w3.org/ns/adms#AssetRepository": {
        "types": [
          "https://ofn.gov.cz/slovník/pim/Class"
        ],
        "iri": "http://www.w3.org/ns/adms#AssetRepository",
        "pimInterpretation": "http://www.w3.org/ns/adms#AssetRepository",
        "pimTechnicalLabel": null,
        "pimHumanLabel": {
          "en": "Asset Repository"
        },
        "pimHumanDescription": {
          "en": "An Asset Repository is a system or service that provides facilities for storage and maintenance of descriptions of Assets and Asset Distributions, and functionality that allows users to search and access these descriptions. An Asset Repository will typically contain descriptions of several Assets and related Asset Distributions."
        },
        "pimExtends": [
          "http://www.w3.org/ns/dcat#Catalog",
          "http://www.w3.org/2002/07/owl#Thing"
        ],
        "pimIsCodelist": false,
        "pimCodelistUrl": [],
        "pimRegex": null,
        "pimExample": null,
        "pimObjectExample": null
      },
      "http://www.w3.org/ns/adms#Asset": {
        "types": [
          "https://ofn.gov.cz/slovník/pim/Class"
        ],
        "iri": "http://www.w3.org/ns/adms#Asset",
        "pimInterpretation": "http://www.w3.org/ns/adms#Asset",
        "pimTechnicalLabel": null,
        "pimHumanLabel": {
          "en": "Asset"
        },
        "pimHumanDescription": {
          "en": "An Asset is an abstract entity that reflects the intellectual content of the asset and represents those characteristics of the asset that are independent of its physical embodiment. This abstract entity combines the FRBR entities work (a distinct intellectual or artistic creation) and expression (the intellectual or artistic realization of a work). Assets can be versioned. Every time the intellectual content of an asset changes, the result is considered to be a new asset that can be linked to previous and next versions of the Asset. The physical embodiment of an Asset is called an Asset Distribution. A particular Asset may have zero or more Asset Distributions.."
        },
        "pimExtends": [
          "http://www.w3.org/ns/dcat#Dataset",
          "http://www.w3.org/2002/07/owl#Thing"
        ],
        "pimIsCodelist": false,
        "pimCodelistUrl": [],
        "pimRegex": null,
        "pimExample": null,
        "pimObjectExample": null
      },
      "http://www.w3.org/ns/adms#AssetDistribution": {
        "types": [
          "https://ofn.gov.cz/slovník/pim/Class"
        ],
        "iri": "http://www.w3.org/ns/adms#AssetDistribution",
        "pimInterpretation": "http://www.w3.org/ns/adms#AssetDistribution",
        "pimTechnicalLabel": null,
        "pimHumanLabel": {
          "en": "Asset Distribution"
        },
        "pimHumanDescription": {
          "en": "An Asset Distribution represents a particular physical embodiment of an Asset, which is an example of the FRBR entity manifestation (the physical embodiment of an expression of a work). An Asset Distribution is typically a downloadable computer file (but in principle it could also be a paper document) that implements the intellectual content of an Asset. A particular Asset Distribution is associated with one and only one Asset, while all Distributions of an Asset share the same intellectual content in different physical formats. Asset Distributions themselves are not versioned."
        },
        "pimExtends": [
          "http://www.w3.org/ns/dcat#Distribution",
          "http://www.w3.org/2002/07/owl#Thing"
        ],
        "pimIsCodelist": false,
        "pimCodelistUrl": [],
        "pimRegex": null,
        "pimExample": null,
        "pimObjectExample": null
      },
      "http://www.w3.org/ns/adms#Identifier": {
        "types": [
          "https://ofn.gov.cz/slovník/pim/Class"
        ],
        "iri": "http://www.w3.org/ns/adms#Identifier",
        "pimInterpretation": "http://www.w3.org/ns/adms#Identifier",
        "pimTechnicalLabel": null,
        "pimHumanLabel": {
          "en": "Identifier"
        },
        "pimHumanDescription": {
          "en": "This class is based on the UN/CEFACT Identifier complex type defined in See Section 5.8 of Core Components Data Type Catalogue Version 3.1 (http://www.unece.org/fileadmin/DAM/cefact/codesfortrade/CCTS/CCTS-DTCatalogueVersion3p1.pdf) In RDF this is expressed using the following properties: - the content string should be provided using skos:notation, datatyped with the identifier scheme (inclduing the version number if appropriate); - use dcterms:creator to link to a class describing the agency that manages the identifier scheme or adms:schemaAgency to provide the name as a literal. Although not part of the ADMS conceptual model, it may be useful to provide further properties to the Identifier class such as dcterms:created to provide the date on which the identifier was issued."
        },
        "pimExtends": [
          "http://www.w3.org/2002/07/owl#Thing"
        ],
        "pimIsCodelist": false,
        "pimCodelistUrl": [],
        "pimRegex": null,
        "pimExample": null,
        "pimObjectExample": null
      },
      "http://www.w3.org/2002/07/owl#Thing": {
        "types": [
          "https://ofn.gov.cz/slovník/pim/Class"
        ],
        "iri": "http://www.w3.org/2002/07/owl#Thing",
        "pimInterpretation": "http://www.w3.org/2002/07/owl#Thing",
        "pimTechnicalLabel": null,
        "pimHumanLabel": {
          "en": "owl:Thing"
        },
        "pimHumanDescription": null,
        "pimExtends": [
          "http://www.w3.org/2002/07/owl#Thing"
        ],
        "pimIsCodelist": false,
        "pimCodelistUrl": [],
        "pimRegex": null,
        "pimExample": null,
        "pimObjectExample": null
      }
    }
  },
  "urls": [
    "https://www.w3.org/ns/legacy_adms"
  ]
}