{
  "iri": "3380f69e-138c-4c8d-b067-316e25615d88/3b721c44-2b4a-4a9e-a418-3727ed3a23cd/958fef4c-8e62-4bfc-bc49-8ad9717df27d",
  "types": [
    "https://dataspecer.com/core/model-descriptor/pim-store-wrapper"
  ],
  "userMetadata": {
    "documentBaseUrl": "https://www.w3.org/ns/legacy_adms",
    "label": {
      "en": "legacy_adms"
    }
  },
  "metadata": {
    "creationDate": "2025-07-17T08:32:20.946Z",
    "modificationDate": "2025-07-17T08:47:31.439Z"
  },
  "_version": 1,
  "_exportVersion": 1,
  "_exportedAt": "2025-07-23T10:44:51.011Z",
  "_exportedBy": "http://localhost:3100"
}