{
  "iri": "3380f69e-138c-4c8d-b067-316e25615d88/3b721c44-2b4a-4a9e-a418-3727ed3a23cd/f3a32c56-93e4-458a-bd5f-8c8f76375606",
  "types": [
    "https://dataspecer.com/core/model-descriptor/pim-store-wrapper"
  ],
  "userMetadata": {
    "documentBaseUrl": "https://datagov-cz.github.io/cache-slovniku/time.ttl",
    "label": {
      "en": "time"
    }
  },
  "metadata": {
    "creationDate": "2025-07-17T08:32:20.569Z",
    "modificationDate": "2025-07-17T08:32:20.677Z"
  },
  "_version": 1,
  "_exportVersion": 1,
  "_exportedAt": "2025-07-17T08:36:14.371Z",
  "_exportedBy": "http://localhost:3100"
}