{
  "iri": "3380f69e-138c-4c8d-b067-316e25615d88/3b721c44-2b4a-4a9e-a418-3727ed3a23cd/profile",
  "types": [
    "http://dataspecer.com/resources/local/semantic-model"
  ],
  "userMetadata": {
    "label": {
      "en": "DCAT 3 Default Application Profile"
    },
    "documentBaseUrl": "https://mff-uk.github.io/specifications/dcat-dap/"
  },
  "metadata": {
    "creationDate": "2025-07-17T08:32:25.340Z",
    "modificationDate": "2025-07-17T08:47:32.550Z"
  },
  "_version": 1,
  "_exportVersion": 1,
  "_exportedAt": "2025-07-17T08:48:06.860Z",
  "_exportedBy": "http://localhost:3100"
}