{
  "iri": "3380f69e-138c-4c8d-b067-316e25615d88/b42edff0-c822-4f8e-8955-276e64cf1b65",
  "types": [
    "http://dataspecer.com/resources/local/package"
  ],
  "userMetadata": {
    "label": {
      "en": "DCAT 3 Default Application Profile",
      "cs": "Výchozí aplikační profil DCAT 3"
    },
    "description": {},
    "importedFromUrl": "https://mff-uk.github.io/specifications/dcat-dap/",
    "documentBaseUrl": "https://mff-uk.github.io/specifications/dcat-dap/"
  },
  "metadata": {
    "creationDate": "2025-05-13T11:46:55.749Z",
    "modificationDate": "2025-05-13T11:47:16.688Z"
  },
  "_version": 1,
  "_exportVersion": 1,
  "_exportedAt": "2025-05-13T11:47:37.347Z",
  "_exportedBy": "http://localhost:3100"
}