{
  "iri": "3380f69e-138c-4c8d-b067-316e25615d88/b42edff0-c822-4f8e-8955-276e64cf1b65/12040272-6f79-43fe-9f44-68cd45d78328",
  "types": [
    "https://dataspecer.com/core/model-descriptor/pim-store-wrapper"
  ],
  "userMetadata": {
    "documentBaseUrl": "https://www.w3.org/ns/legacy_locn.ttl",
    "label": {
      "en": "legacy_locn"
    }
  },
  "metadata": {
    "creationDate": "2025-05-13T11:46:56.818Z",
    "modificationDate": "2025-05-13T11:47:16.073Z"
  },
  "_version": 1,
  "_exportVersion": 1,
  "_exportedAt": "2025-05-13T11:47:37.309Z",
  "_exportedBy": "http://localhost:3100"
}