{
  "iri": "3380f69e-138c-4c8d-b067-316e25615d88/b42edff0-c822-4f8e-8955-276e64cf1b65/28ffc31e-d2f8-4276-922b-40b6337bf385",
  "types": [
    "https://dataspecer.com/core/model-descriptor/pim-store-wrapper"
  ],
  "userMetadata": {
    "documentBaseUrl": "https://www.w3.org/ns/prov-o",
    "label": {
      "en": "prov-o"
    }
  },
  "metadata": {
    "creationDate": "2025-05-13T11:46:59.732Z",
    "modificationDate": "2025-05-13T11:47:16.401Z"
  },
  "_version": 1,
  "_exportVersion": 1,
  "_exportedAt": "2025-05-13T11:47:37.337Z",
  "_exportedBy": "http://localhost:3100"
}