{
  "iri": "3380f69e-138c-4c8d-b067-316e25615d88/b42edff0-c822-4f8e-8955-276e64cf1b65/a1ce68fd-aef2-497a-ae80-58c3da8a521d",
  "types": [
    "https://dataspecer.com/core/model-descriptor/pim-store-wrapper"
  ],
  "userMetadata": {
    "documentBaseUrl": "https://www.dublincore.org/specifications/dublin-core/dcmi-terms/dublin_core_terms.ttl",
    "label": {
      "en": "dublin_core_terms"
    }
  },
  "metadata": {
    "creationDate": "2025-05-13T11:46:55.868Z",
    "modificationDate": "2025-05-13T11:47:15.803Z"
  },
  "_version": 1,
  "_exportVersion": 1,
  "_exportedAt": "2025-05-13T11:47:37.301Z",
  "_exportedBy": "http://localhost:3100"
}