{
  "iri": "3380f69e-138c-4c8d-b067-316e25615d88/b42edff0-c822-4f8e-8955-276e64cf1b65/ceddf0a8-c54c-4eec-b387-0ccdfdef1b9d",
  "types": [
    "https://dataspecer.com/core/model-descriptor/pim-store-wrapper"
  ],
  "userMetadata": {
    "documentBaseUrl": "https://datagov-cz.github.io/cache-slovniku/foaf.ttl",
    "label": {
      "en": "foaf"
    }
  },
  "metadata": {
    "creationDate": "2025-05-13T11:46:58.228Z",
    "modificationDate": "2025-05-13T11:47:16.203Z"
  },
  "_version": 1,
  "_exportVersion": 1,
  "_exportedAt": "2025-05-13T11:47:37.320Z",
  "_exportedBy": "http://localhost:3100"
}