{
  "iri": "31c15e62-6f46-4c53-ad4d-cf900421feb6/c0dc5ab7-07d4-4399-9e66-5e2f38b752e9/d0862464-35cd-45bd-9273-2183b63c063e",
  "types": [
    "https://dataspecer.com/core/model-descriptor/pim-store-wrapper"
  ],
  "userMetadata": {
    "documentBaseUrl": "https://www.dublincore.org/specifications/dublin-core/dcmi-terms/dublin_core_terms.ttl",
    "label": {
      "en": "dublin_core_terms"
    }
  },
  "metadata": {
    "creationDate": "2025-04-14T14:53:12.880Z",
    "modificationDate": "2025-04-14T14:56:52.393Z"
  },
  "_version": 1,
  "_exportVersion": 1,
  "_exportedAt": "2025-04-14T14:57:13.840Z",
  "_exportedBy": "http://localhost:3100"
}