{
  "iri": "31c15e62-6f46-4c53-ad4d-cf900421feb6/c0dc5ab7-07d4-4399-9e66-5e2f38b752e9/vocabulary",
  "types": [
    "http://dataspecer.com/resources/local/semantic-model"
  ],
  "userMetadata": {
    "label": {
      "en": "DCAT-AP-CZ - terms of use"
    },
    "documentBaseUrl": "https://mff-uk.github.io/specifications/dcat-ap-cz-podmínky-užití/"
  },
  "metadata": {
    "creationDate": "2025-04-14T14:53:13.577Z",
    "modificationDate": "2025-04-14T14:56:52.404Z"
  },
  "_version": 1,
  "_exportVersion": 1,
  "_exportedAt": "2025-04-14T14:57:13.845Z",
  "_exportedBy": "http://localhost:3100"
}