{
  "iri": "3380f69e-138c-4c8d-b067-316e25615d88/838acbfc-4365-48ee-8d2b-a7825c0a73af/622f50ea-8470-413a-a650-816bdcc23318",
  "types": [
    "https://dataspecer.com/core/model-descriptor/pim-store-wrapper"
  ],
  "userMetadata": {
    "documentBaseUrl": "https://datagov-cz.github.io/cache-slovniku/rdfs.ttl",
    "label": {
      "en": "rdfs"
    }
  },
  "metadata": {
    "creationDate": "2025-06-24T10:47:00.199Z",
    "modificationDate": "2025-06-24T10:47:00.236Z"
  },
  "_version": 1,
  "_exportVersion": 1,
  "_exportedAt": "2025-06-24T10:47:41.447Z",
  "_exportedBy": "http://localhost:3100"
}