{
  "iri": "3380f69e-138c-4c8d-b067-316e25615d88/838acbfc-4365-48ee-8d2b-a7825c0a73af/6aee1728-01a5-4621-a394-b7e44fed2483",
  "types": [
    "https://dataspecer.com/core/model-descriptor/pim-store-wrapper"
  ],
  "userMetadata": {
    "documentBaseUrl": "https://www.dublincore.org/specifications/dublin-core/dcmi-terms/dublin_core_terms.ttl",
    "label": {
      "en": "dublin_core_terms"
    }
  },
  "metadata": {
    "creationDate": "2025-06-24T10:46:58.032Z",
    "modificationDate": "2025-06-24T10:46:58.211Z"
  },
  "_version": 1,
  "_exportVersion": 1,
  "_exportedAt": "2025-06-24T10:47:41.432Z",
  "_exportedBy": "http://localhost:3100"
}