{
  "iri": "3380f69e-138c-4c8d-b067-316e25615d88/838acbfc-4365-48ee-8d2b-a7825c0a73af/9e0d4970-c5bd-4bdd-9d57-60ddd66f856d",
  "types": [
    "https://dataspecer.com/core/model-descriptor/pim-store-wrapper"
  ],
  "userMetadata": {
    "documentBaseUrl": "https://www.w3.org/ns/legacy_adms",
    "label": {
      "en": "legacy_adms"
    }
  },
  "metadata": {
    "creationDate": "2025-06-24T10:47:01.528Z",
    "modificationDate": "2025-06-24T10:47:01.696Z"
  },
  "_version": 1,
  "_exportVersion": 1,
  "_exportedAt": "2025-06-24T10:47:41.455Z",
  "_exportedBy": "http://localhost:3100"
}