{
  "iri": "3380f69e-138c-4c8d-b067-316e25615d88/838acbfc-4365-48ee-8d2b-a7825c0a73af/9ecedceb-2033-4c17-8772-53abf6db2b7d",
  "types": [
    "https://dataspecer.com/core/model-descriptor/pim-store-wrapper"
  ],
  "userMetadata": {
    "documentBaseUrl": "https://www.w3.org/ns/legacy_locn.ttl",
    "label": {
      "en": "legacy_locn"
    }
  },
  "metadata": {
    "creationDate": "2025-06-24T10:46:59.240Z",
    "modificationDate": "2025-06-24T10:46:59.400Z"
  },
  "_version": 1,
  "_exportVersion": 1,
  "_exportedAt": "2025-06-24T10:47:41.440Z",
  "_exportedBy": "http://localhost:3100"
}