{
  "iri": "31c15e62-6f46-4c53-ad4d-cf900421feb6/d9112763-b3b6-41bd-84cf-592d04e66bfe/25a4d24f-a3c3-4312-a52a-acc8931a78f4/38ba0a50-a47a-4182-95a9-fc1d22be2558",
  "types": [
    "https://dataspecer.com/core/model-descriptor/pim-store-wrapper"
  ],
  "userMetadata": {
    "documentBaseUrl": "https://www.w3.org/ns/legacy_adms",
    "label": {
      "en": "legacy_adms"
    }
  },
  "metadata": {
    "creationDate": "2025-04-14T14:53:06.142Z",
    "modificationDate": "2025-04-14T14:56:52.288Z"
  },
  "_version": 1,
  "_exportVersion": 1,
  "_exportedAt": "2025-04-14T14:57:13.793Z",
  "_exportedBy": "http://localhost:3100"
}