{
  "iri": "31c15e62-6f46-4c53-ad4d-cf900421feb6/d9112763-b3b6-41bd-84cf-592d04e66bfe/25a4d24f-a3c3-4312-a52a-acc8931a78f4/3d6712f6-3ae4-494d-bda4-e880465dfb30",
  "types": [
    "https://dataspecer.com/core/model-descriptor/pim-store-wrapper"
  ],
  "userMetadata": {
    "documentBaseUrl": "https://www.dublincore.org/specifications/dublin-core/dcmi-terms/dublin_core_terms.ttl",
    "label": {
      "en": "dublin_core_terms"
    }
  },
  "metadata": {
    "creationDate": "2025-04-14T14:53:05.119Z",
    "modificationDate": "2025-04-14T14:56:52.265Z"
  },
  "_version": 1,
  "_exportVersion": 1,
  "_exportedAt": "2025-04-14T14:57:13.781Z",
  "_exportedBy": "http://localhost:3100"
}