{
  "iri": "31c15e62-6f46-4c53-ad4d-cf900421feb6/d9112763-b3b6-41bd-84cf-592d04e66bfe/25a4d24f-a3c3-4312-a52a-acc8931a78f4/8088e31c-1227-4350-b5da-7e82c2f0a8cf",
  "types": [
    "https://dataspecer.com/core/model-descriptor/pim-store-wrapper"
  ],
  "userMetadata": {
    "documentBaseUrl": "https://www.w3.org/ns/odrl/2/ODRL22.ttl",
    "label": {
      "en": "ODRL22"
    }
  },
  "metadata": {
    "creationDate": "2025-04-14T14:53:06.809Z",
    "modificationDate": "2025-04-14T14:56:52.309Z"
  },
  "_version": 1,
  "_exportVersion": 1,
  "_exportedAt": "2025-04-14T14:57:13.817Z",
  "_exportedBy": "http://localhost:3100"
}