{
  "iri": "31c15e62-6f46-4c53-ad4d-cf900421feb6/d9112763-b3b6-41bd-84cf-592d04e66bfe/25a4d24f-a3c3-4312-a52a-acc8931a78f4/8ad2bd45-9177-4fc7-b85a-dd05ab1ab8c1",
  "types": [
    "https://dataspecer.com/core/model-descriptor/pim-store-wrapper"
  ],
  "userMetadata": {
    "documentBaseUrl": "https://www.w3.org/2006/vcard/ns",
    "label": {
      "en": "ns"
    }
  },
  "metadata": {
    "creationDate": "2025-04-14T14:53:05.401Z",
    "modificationDate": "2025-04-14T14:56:52.273Z"
  },
  "_version": 1,
  "_exportVersion": 1,
  "_exportedAt": "2025-04-14T14:57:13.784Z",
  "_exportedBy": "http://localhost:3100"
}