{
  "iri": "31c15e62-6f46-4c53-ad4d-cf900421feb6/d9112763-b3b6-41bd-84cf-592d04e66bfe/25a4d24f-a3c3-4312-a52a-acc8931a78f4/abc888e0-977c-44e7-9662-8fd6d39cf4b0",
  "types": [
    "https://dataspecer.com/core/model-descriptor/pim-store-wrapper"
  ],
  "userMetadata": {
    "documentBaseUrl": "https://datagov-cz.github.io/cache-slovniku/skos.rdf",
    "label": {
      "en": "skos"
    }
  },
  "metadata": {
    "creationDate": "2025-04-14T14:53:04.157Z",
    "modificationDate": "2025-04-14T14:56:52.166Z"
  },
  "_version": 1,
  "_exportVersion": 1,
  "_exportedAt": "2025-04-14T14:57:13.746Z",
  "_exportedBy": "http://localhost:3100"
}