{
  "iri": "43b6e9cf-3cc6-45c7-976d-676a6a4f8029",
  "types": [
    "http://dataspecer.com/resources/local/semantic-model"
  ],
  "userMetadata": {
    "label": {
      "en": "DCAT-AP HVD 3.0.0"
    },
    "description": {
      "en": "Semantic model for the profile"
    }
  },
  "metadata": {
    "creationDate": "2026-01-08T13:19:01.833Z",
    "modificationDate": "2026-01-09T08:52:01.220Z"
  },
  "_version": 1,
  "_exportVersion": 1,
  "_exportedAt": "2026-01-09T08:58:15.786Z",
  "_exportedBy": "http://localhost:3100"
}