{
  "type": "http://dataspecer.com/resources/local/semantic-model",
  "modelId": "43b6e9cf-3cc6-45c7-976d-676a6a4f8029",
  "modelAlias": "DCAT-AP HVD 3.0.0",
  "baseIri": "https://mff-uk.github.io/specifications/dcat-ap-hvd#",
  "entities": {
    "y2xs49b0mzmmk5h854u": {
      "iri": "Dataset",
      "profiling": [
        "https://mff-uk.github.io/specifications/dcat-ap#Dataset"
      ],
      "name": {
        "es": "Conjunto de datos",
        "en": "Dataset",
        "it": "Dataset",
        "cs": "Datová sada",
        "fr": "Jeu de données",
        "el": "Σύνολο Δεδομένων",
        "ar": "قائمة بيانات",
        "ja": "データセット",
        "da": "Datasæt"
      },
      "nameFromProfiled": "https://mff-uk.github.io/specifications/dcat-ap#Dataset",
      "description": {
        "ja": "1つのエージェントによって公開またはキュレートされ、1つ以上の形式でアクセスまたはダウンロードできるデータの集合。",
        "en": "A conceptual entity that represents the information published.",
        "cs": "Kolekce dat poskytovaná či řízená jedním zdrojem, která je k dispozici pro přístup či stažení v jednom či více formátech.",
        "it": "Raccolta di dati, pubblicati o curati da un'unica fonte, disponibili per l'accesso o il download in uno o più formati.",
        "es": "Una colección de datos, publicados o conservados por una única fuente, y disponibles para ser accedidos o descargados en uno o más formatos.",
        "fr": "Une collection de données, publiée ou élaborée par une seule source, et disponible pour accès ou téléchargement dans un ou plusieurs formats.",
        "el": "Μία συλλογή από δεδομένα, δημοσιευμένη ή επιμελημένη από μία και μόνο πηγή, διαθέσιμη δε προς πρόσβαση ή μεταφόρτωση σε μία ή περισσότερες μορφές.",
        "ar": "قائمة بيانات منشورة أو مجموعة من قبل مصدر ما و متاح الوصول إليها أو تحميلها",
        "da": "En samling af data, udgivet eller udvalgt og arrangeret af en enkelt kilde og som er til råde for adgang til eller download af i en eller flere repræsentationer."
      },
      "descriptionFromProfiled": "https://mff-uk.github.io/specifications/dcat-ap#Dataset",
      "usageNote": {
        "en": "If a Dataset is used as part of a Dataset Series, the usage of the properties listed below must be coherent with the associated Dataset Series. For this usage, consult the guidelines in section 14. General usage guidelines."
      },
      "usageNoteFromProfiled": "https://mff-uk.github.io/specifications/dcat-ap#Dataset",
      "externalDocumentationUrl": "https://semiceu.github.io/DCAT-AP/releases/3.0.0-hvd/#Dataset",
      "tags": [
        "https://w3id.org/dsv/class-role#main"
      ],
      "id": "y2xs49b0mzmmk5h854u",
      "type": [
        "class-profile"
      ]
    },
    "8gnkebzfakjmk5h8pam": {
      "iri": "Catalogue",
      "profiling": [
        "https://mff-uk.github.io/specifications/dcat-ap#Catalogue"
      ],
      "name": {
        "en": "Catalogue",
        "it": "Catalogo",
        "fr": "Catalogue",
        "es": "Catálogo",
        "cs": "Katalog",
        "el": "Κατάλογος",
        "ar": "فهرس قوائم البيانات",
        "ja": "カタログ",
        "da": "Katalog"
      },
      "nameFromProfiled": "https://mff-uk.github.io/specifications/dcat-ap#Catalogue",
      "description": {
        "en": "A catalogue or repository that hosts the Datasets or Data Services being described.",
        "es": "Una colección curada de metadatos sobre recursos (por ejemplo, conjuntos de datos y servicios de datos en el contexto de un catálogo de datos).",
        "it": "Una raccolta curata di metadati sulle risorse (ad es. sui dataset e relativi servizi nel contesto di cataloghi di dati).",
        "fr": "Une collection élaborée de métadonnées sur les jeux de données",
        "cs": "Řízená kolekce metadat o datových sadách a datových službách",
        "el": "Μια επιμελημένη συλλογή μεταδεδομένων περί συνόλων δεδομένων",
        "ar": "مجموعة من توصيفات قوائم البيانات",
        "ja": "データ・カタログは、データセットに関するキュレートされたメタデータの集合です。",
        "da": "En udvalgt og arrangeret samling af metadata om ressourcer (fx datasæt og datatjenester i kontekst af et datakatalog). "
      },
      "descriptionFromProfiled": "https://mff-uk.github.io/specifications/dcat-ap#Catalogue",
      "usageNote": {
        "en": "A Web-based data catalog is typically represented as a single instance of this class.\nDatasets and data services are examples of resources in the context of a data catalog."
      },
      "usageNoteFromProfiled": "https://mff-uk.github.io/specifications/dcat-ap#Catalogue",
      "externalDocumentationUrl": "https://semiceu.github.io/DCAT-AP/releases/3.0.0-hvd/#Catalogue",
      "tags": [
        "https://w3id.org/dsv/class-role#main"
      ],
      "id": "8gnkebzfakjmk5h8pam",
      "type": [
        "class-profile"
      ]
    },
    "h34shvshv5mmk5h903i": {
      "iri": "CatalogueRecord",
      "profiling": [
        "https://mff-uk.github.io/specifications/dcat-ap#CatalogueRecord"
      ],
      "name": {
        "en": "Catalogue Record",
        "cs": "Katalogizační záznam",
        "it": "Record di catalogo",
        "fr": "Registre du catalogue",
        "es": "Registro del catálogo",
        "el": "Καταγραφή καταλόγου",
        "ar": "سجل",
        "ja": "カタログ・レコード",
        "da": "Katalogpost"
      },
      "nameFromProfiled": "https://mff-uk.github.io/specifications/dcat-ap#CatalogueRecord",
      "description": {
        "ja": "1つのデータセットを記述したデータ・カタログ内のレコード。",
        "en": "A record in a catalog, describing the registration of a single dcat:Resource.",
        "it": "Un record in un catalogo di dati che descrive un singolo dataset o servizio di dati.",
        "fr": "Un registre du catalogue ou une entrée du catalogue, décrivant un seul jeu de données.",
        "es": "Un registro en un catálogo de datos que describe un solo conjunto de datos o un servicio de datos.",
        "cs": "Záznam v datovém katalogu popisující jednu datovou sadu či datovou službu.",
        "el": "Μία καταγραφή ενός καταλόγου, η οποία περιγράφει ένα συγκεκριμένο σύνολο δεδομένων.",
        "da": "En post i et datakatalog der beskriver registreringen af et enkelt datasæt eller en datatjeneste."
      },
      "descriptionFromProfiled": "https://mff-uk.github.io/specifications/dcat-ap#CatalogueRecord",
      "usageNote": {
        "en": "This class is optional and not all catalogs will use it. It exists for catalogs where a distinction is made between metadata about a dataset or service and metadata about the entry in the catalog about the dataset or service. For example, the publication date property of the dataset reflects the date when the information was originally made available by the publishing agency, while the publication date of the catalog record is the date when the dataset was added to the catalog. In cases where both dates differ, or where only the latter is known, the publication date SHOULD only be specified for the catalog record. Notice that the W3C PROV Ontology [[PROV-O]] allows describing further provenance information such as the details of the process and the agent involved in a particular change to a dataset or its registration."
      },
      "usageNoteFromProfiled": "https://mff-uk.github.io/specifications/dcat-ap#CatalogueRecord",
      "externalDocumentationUrl": "https://semiceu.github.io/DCAT-AP/releases/3.0.0-hvd/#CatalogueRecord",
      "tags": [
        "https://w3id.org/dsv/class-role#main"
      ],
      "id": "h34shvshv5mmk5h903i",
      "type": [
        "class-profile"
      ]
    },
    "usspuqbvpqmk5h95li": {
      "iri": "CataloguedResource",
      "profiling": [
        "https://mff-uk.github.io/specifications/dcat-ap#CataloguedResource"
      ],
      "name": {
        "en": "Catalogued Resource",
        "cs": "Katalogizovaný zdroj",
        "es": "Recurso catalogado",
        "it": "Risorsa catalogata",
        "da": "Katalogiseret ressource"
      },
      "nameFromProfiled": "https://mff-uk.github.io/specifications/dcat-ap#CataloguedResource",
      "description": {
        "es": "Recurso publicado o curado por un agente único.",
        "en": "Resource published or curated by a single agent.",
        "it": "Risorsa pubblicata o curata da un singolo agente.",
        "cs": "Zdroj publikovaný či řízený jediným činitelem.",
        "da": "Ressource udgivet eller udvalgt og arrangeret af en enkelt aktør."
      },
      "descriptionFromProfiled": "https://mff-uk.github.io/specifications/dcat-ap#CataloguedResource",
      "usageNote": {
        "en": "This class Catalogued Resource is an abstract class for DCAT-AP. Therefore only subclasses should be used in a data exchange."
      },
      "usageNoteFromProfiled": "https://mff-uk.github.io/specifications/dcat-ap#CataloguedResource",
      "externalDocumentationUrl": "https://semiceu.github.io/DCAT-AP/releases/3.0.0-hvd/#CataloguedResource",
      "tags": [
        "https://w3id.org/dsv/class-role#main"
      ],
      "id": "usspuqbvpqmk5h95li",
      "type": [
        "class-profile"
      ]
    },
    "1dyv8iemrm7mk5h9kmw": {
      "iri": "DataService",
      "profiling": [
        "https://mff-uk.github.io/specifications/dcat-ap#DataService"
      ],
      "name": {
        "en": "Data service",
        "it": "Servizio di dati",
        "es": "Servicio de datos",
        "da": "Datatjeneste"
      },
      "nameFromProfiled": "https://mff-uk.github.io/specifications/dcat-ap#DataService",
      "description": {
        "en": "A collection of operations that provides access to one or more datasets or data processing functions.",
        "cs": "Umístění či přístupový bod poskytující operace související s hledáním, přistupem k, či výkonem funkcí na datech či souvisejících zdrojích.",
        "es": "Un sitio o end-point que provee operaciones relacionadas a funciones de descubrimiento, acceso, o procesamiento de datos o recursos relacionados.",
        "it": "Un sito o end-point che fornisce operazioni relative alla scoperta, all'accesso o all'elaborazione di funzioni su dati o risorse correlate.",
        "da": "Et websted eller endpoint der udstiller operationer relateret til opdagelse af, adgang til eller behandlende funktioner på data eller relaterede ressourcer."
      },
      "descriptionFromProfiled": "https://mff-uk.github.io/specifications/dcat-ap#DataService",
      "usageNote": {
        "en": "If a dcat:DataService is bound to one or more specified Datasets, they are indicated by the dcat:servesDataset property.\nThe kind of service can be indicated using the dcterms:type property. Its value may be taken from a controlled vocabulary such as the INSPIRE spatial data service type code list [INSPIRE-SDST]."
      },
      "usageNoteFromProfiled": "https://mff-uk.github.io/specifications/dcat-ap#DataService",
      "externalDocumentationUrl": "https://semiceu.github.io/DCAT-AP/releases/3.0.0-hvd/#DataService",
      "tags": [
        "https://w3id.org/dsv/class-role#main"
      ],
      "id": "1dyv8iemrm7mk5h9kmw",
      "type": [
        "class-profile"
      ]
    },
    "kowusel0o4mk5h9uhp": {
      "iri": "DatasetSeries",
      "profiling": [
        "https://mff-uk.github.io/specifications/dcat-ap#DatasetSeries"
      ],
      "name": {
        "en": "Dataset series",
        "es": "Serie de conjuntos de datos",
        "it": "Serie di dataset"
      },
      "nameFromProfiled": "https://mff-uk.github.io/specifications/dcat-ap#DatasetSeries",
      "description": {
        "en": "A collection of datasets that are published separately, but share some characteristics that group them.",
        "it": "Una collezione di dataset che sono pubblicati separatamente, ma che condividono caratteristiche che li rendono parte di uno stesso gruppo.",
        "es": "Una colección de conjuntos de datos publicados por separado, pero que comparten características que los agrupan."
      },
      "descriptionFromProfiled": "https://mff-uk.github.io/specifications/dcat-ap#DatasetSeries",
      "usageNote": {
        "en": "It is recommended to avoid Dataset Series without a dataset in the collection. Therefore at least one Dataset should refer to a Dataset Series using the property in series (dcat:inSeries)."
      },
      "usageNoteFromProfiled": "https://mff-uk.github.io/specifications/dcat-ap#DatasetSeries",
      "externalDocumentationUrl": "https://semiceu.github.io/DCAT-AP/releases/3.0.0-hvd/#DatasetSeries",
      "tags": [
        "https://w3id.org/dsv/class-role#main"
      ],
      "id": "kowusel0o4mk5h9uhp",
      "type": [
        "class-profile"
      ]
    },
    "uf284edqakmk5habhw": {
      "iri": "Distribution",
      "profiling": [
        "https://mff-uk.github.io/specifications/dcat-ap#Distribution"
      ],
      "name": {
        "cs": "Distribuce",
        "es": "Distribución",
        "en": "Distribution",
        "fr": "Distribution",
        "it": "Distribuzione",
        "el": "Διανομή",
        "ar": "التوزيع",
        "ja": "配信",
        "da": "Distribution"
      },
      "nameFromProfiled": "https://mff-uk.github.io/specifications/dcat-ap#Distribution",
      "description": {
        "en": "A specific representation of a dataset. A dataset might be available in multiple serializations that may differ in various ways, including natural language, media-type or format, schematic organization, temporal and spatial resolution, level of detail or profiles (which might specify any or all of the above).",
        "cs": "Konkrétní reprezentace datové sady. Datová sada může být dostupná v různých serializacích, které se mohou navzájem lišit různými způsoby, mimo jiné přirozeným jazykem, media-typem či formátem, schematickou organizací, časovým a prostorovým rozlišením, úrovní detailu či profily (které mohou specifikovat některé či všechny tyto rozdíly).",
        "it": "Rappresenta una forma disponibile e specifica del dataset. Ciascun dataset può essere disponibile in forme differenti, che possono rappresentare formati diversi o diversi punti di accesso per un dataset. Esempi di distribuzioni sono un file CSV scaricabile, una API o un RSS feed.",
        "fr": "Représente une forme spécifique d'un jeu de données. Caque jeu de données peut être disponible sous différentes formes, celles-ci pouvant représenter différents formats du jeu de données ou différents endpoint. Des exemples de distribution sont des fichirs CSV, des API ou des flux RSS.",
        "es": "Una representación específica de los datos. Cada conjunto de datos puede estar disponible en formas diferentes, las cuáles pueden variar en distintas formas, incluyendo el idioma, 'media-type' o formato, organización esquemática, resolución temporal y espacial, nivel de detalle o perfiles (que pueden especificar cualquiera o todas las diferencias anteriores).",
        "el": "Αναπαριστά μία συγκεκριμένη διαθέσιμη μορφή ενός συνόλου δεδομένων. Κάθε σύνολο δεδομενων μπορεί να είναι διαθέσιμο σε διαφορετικές μορφές, οι μορφές αυτές μπορεί να αναπαριστούν διαφορετικές μορφές αρχείων ή διαφορετικά σημεία διάθεσης. Παραδείγματα διανομών συμπεριλαμβάνουν ένα μεταφορτώσιμο αρχείο μορφής CSV, ένα API ή ένα RSS feed.",
        "ar": "شكل محدد لقائمة البيانات يمكن الوصول إليه. قائمة بيانات ما يمكن أن تكون متاحه باشكال و أنواع متعددة.  ملف يمكن تحميله أو واجهة برمجية يمكن من خلالها الوصول إلى البيانات هي أمثلة على ذلك.",
        "ja": "データセットの特定の利用可能な形式を表わします。各データセットは、異なる形式で利用できることがあり、これらの形式は、データセットの異なる形式や、異なるエンドポイントを表わす可能性があります。配信の例には、ダウンロード可能なCSVファイル、API、RSSフィードが含まれます。",
        "da": "En specifik repræsentation af et datasæt. Et datasæt kan være tilgængelig i mange serialiseringer der kan variere på forskellige vis, herunder sprog, medietype eller format, systemorganisering, tidslig- og geografisk opløsning, detaljeringsniveau eller profiler (der kan specificere en eller flere af ovenstående)."
      },
      "descriptionFromProfiled": "https://mff-uk.github.io/specifications/dcat-ap#Distribution",
      "usageNote": {
        "en": "This represents a general availability of a dataset. It implies no information about the actual access method of the data, i.e., whether by direct download, API, or through a Web page. The use of dcat:downloadURL property indicates directly downloadable distributions."
      },
      "usageNoteFromProfiled": "https://mff-uk.github.io/specifications/dcat-ap#Distribution",
      "externalDocumentationUrl": "https://semiceu.github.io/DCAT-AP/releases/3.0.0-hvd/#Distribution",
      "tags": [
        "https://w3id.org/dsv/class-role#main"
      ],
      "id": "uf284edqakmk5habhw",
      "type": [
        "class-profile"
      ]
    },
    "b2begcr1otmmk5haj75": {
      "iri": "Kind",
      "profiling": [
        "https://mff-uk.github.io/specifications/dcat-ap#Kind"
      ],
      "name": {
        "en": "Kind"
      },
      "nameFromProfiled": "https://mff-uk.github.io/specifications/dcat-ap#Kind",
      "description": {
        "en": "A description following the vCard specification, e.g. to provide telephone number and e-mail address for a contact point."
      },
      "descriptionFromProfiled": "https://mff-uk.github.io/specifications/dcat-ap#Kind",
      "usageNote": {
        "en": "Note that the class Kind is the parent class for the four explicit types of vCard (Individual, Organization, Location, Group)."
      },
      "usageNoteFromProfiled": "https://mff-uk.github.io/specifications/dcat-ap#Kind",
      "externalDocumentationUrl": "https://semiceu.github.io/DCAT-AP/releases/3.0.0-hvd/#Kind",
      "tags": [
        "https://w3id.org/dsv/class-role#main"
      ],
      "id": "b2begcr1otmmk5haj75",
      "type": [
        "class-profile"
      ]
    },
    "phepl9mej0gmk5hay95": {
      "iri": "LicenseDocument",
      "profiling": [
        "https://mff-uk.github.io/specifications/dcat-dap#LicenseDocument"
      ],
      "name": {
        "en": "License Document"
      },
      "nameFromProfiled": "https://mff-uk.github.io/specifications/dcat-dap#LicenseDocument",
      "description": {
        "en": "A legal document giving official permission to do something with a resource."
      },
      "descriptionFromProfiled": "https://mff-uk.github.io/specifications/dcat-dap#LicenseDocument",
      "usageNote": {},
      "usageNoteFromProfiled": "https://mff-uk.github.io/specifications/dcat-dap#LicenseDocument",
      "externalDocumentationUrl": "https://semiceu.github.io/DCAT-AP/releases/3.0.0-hvd/#LicenceDocument",
      "tags": [
        "https://w3id.org/dsv/class-role#main"
      ],
      "id": "phepl9mej0gmk5hay95",
      "type": [
        "class-profile"
      ]
    },
    "p36m9qmf2zjmk5hbe44": {
      "iri": "Concept",
      "profiling": [
        "https://mff-uk.github.io/specifications/dcat-ap#Concept"
      ],
      "name": {
        "en": "Concept"
      },
      "nameFromProfiled": "https://mff-uk.github.io/specifications/dcat-ap#Concept",
      "description": {
        "en": "An idea or notion; a unit of thought."
      },
      "descriptionFromProfiled": "https://mff-uk.github.io/specifications/dcat-ap#Concept",
      "usageNote": {
        "en": "In DCAT-AP, a Concept is used to denote codes within a codelist. In section 10. Controlled Vocabularies the expectations are elaborated in more detail."
      },
      "usageNoteFromProfiled": "https://mff-uk.github.io/specifications/dcat-ap#Concept",
      "externalDocumentationUrl": "https://semiceu.github.io/DCAT-AP/releases/3.0.0-hvd/#Concept",
      "tags": [
        "https://w3id.org/dsv/class-role#supportive"
      ],
      "id": "p36m9qmf2zjmk5hbe44",
      "type": [
        "class-profile"
      ]
    },
    "i3o8fx368lqmk5hbx3v": {
      "iri": "Document",
      "profiling": [
        "https://mff-uk.github.io/specifications/dcat-ap#Document"
      ],
      "name": {
        "en": "Document"
      },
      "nameFromProfiled": "https://mff-uk.github.io/specifications/dcat-ap#Document",
      "description": {
        "en": "A textual resource intended for human consumption that contains information, e.g. a web page about a Dataset."
      },
      "descriptionFromProfiled": "https://mff-uk.github.io/specifications/dcat-ap#Document",
      "usageNote": {},
      "usageNoteFromProfiled": "https://mff-uk.github.io/specifications/dcat-ap#Document",
      "externalDocumentationUrl": "https://semiceu.github.io/DCAT-AP/releases/3.0.0-hvd/#Document",
      "tags": [
        "https://w3id.org/dsv/class-role#supportive"
      ],
      "id": "i3o8fx368lqmk5hbx3v",
      "type": [
        "class-profile"
      ]
    },
    "z5ud9g3tyylmk5hc7y4": {
      "iri": "LegalResource",
      "profiling": [
        "https://mff-uk.github.io/specifications/dcat-ap#LegalResource"
      ],
      "name": {
        "en": "Legal Resource"
      },
      "nameFromProfiled": "https://mff-uk.github.io/specifications/dcat-ap#LegalResource",
      "description": {
        "en": "This class represents the legislation,policy or policies that lie behind the Rules that govern the service."
      },
      "descriptionFromProfiled": "https://mff-uk.github.io/specifications/dcat-ap#LegalResource",
      "usageNote": {
        "en": "The definition and properties of the Legal Resource class are aligned with the ontology included in \"Council conclusions inviting the introduction of the European Legislation Identifier (ELI)\". For describing the attributes of a Legal Resource (labels, preferred labels, alternative labels, definition, etc.) we refer to the (ELI) ontology. In this data specification the use is restricted to instances of this class that follow the (ELI) URI guidelines."
      },
      "usageNoteFromProfiled": "https://mff-uk.github.io/specifications/dcat-ap#LegalResource",
      "externalDocumentationUrl": "https://semiceu.github.io/DCAT-AP/releases/3.0.0-hvd/#LegalResource",
      "tags": [
        "https://w3id.org/dsv/class-role#supportive"
      ],
      "id": "z5ud9g3tyylmk5hc7y4",
      "type": [
        "class-profile"
      ]
    },
    "eiefl3lxxx6mk5hco69": {
      "iri": "rdfs-Resource",
      "profiling": [
        "https://mff-uk.github.io/specifications/dcat-ap#rdfs-Resource"
      ],
      "name": {
        "en": "Resource"
      },
      "nameFromProfiled": "https://mff-uk.github.io/specifications/dcat-ap#rdfs-Resource",
      "description": {
        "en": "Anything described by RDF."
      },
      "descriptionFromProfiled": "https://mff-uk.github.io/specifications/dcat-ap#rdfs-Resource",
      "usageNote": {},
      "usageNoteFromProfiled": "https://mff-uk.github.io/specifications/dcat-ap#rdfs-Resource",
      "externalDocumentationUrl": "https://semiceu.github.io/DCAT-AP/releases/3.0.0-hvd/#Resource",
      "tags": [
        "https://w3id.org/dsv/class-role#supportive"
      ],
      "id": "eiefl3lxxx6mk5hco69",
      "type": [
        "class-profile"
      ]
    },
    "q4n3jzm7qbmk5hcyzq": {
      "iri": "RightsStatement",
      "profiling": [
        "https://mff-uk.github.io/specifications/dcat-ap#RightsStatement"
      ],
      "name": {
        "en": "Rights Statement"
      },
      "nameFromProfiled": "https://mff-uk.github.io/specifications/dcat-ap#RightsStatement",
      "description": {
        "en": "A statement about the intellectual property rights (IPR) held in or over a resource, a legal document giving official permission to do something with a resource, or a statement about access rights."
      },
      "descriptionFromProfiled": "https://mff-uk.github.io/specifications/dcat-ap#RightsStatement",
      "usageNote": {},
      "usageNoteFromProfiled": "https://mff-uk.github.io/specifications/dcat-ap#RightsStatement",
      "externalDocumentationUrl": "https://semiceu.github.io/DCAT-AP/releases/3.0.0-hvd/#Rightsstatement",
      "tags": [
        "https://w3id.org/dsv/class-role#supportive"
      ],
      "id": "q4n3jzm7qbmk5hcyzq",
      "type": [
        "class-profile"
      ]
    },
    "hwixnj3g2wamk5hdbhf": {
      "iri": "Standard",
      "profiling": [
        "https://mff-uk.github.io/specifications/dcat-ap#Standard"
      ],
      "name": {
        "en": "Standard"
      },
      "nameFromProfiled": "https://mff-uk.github.io/specifications/dcat-ap#Standard",
      "description": {
        "en": "A standard or other specification to which a resource conforms."
      },
      "descriptionFromProfiled": "https://mff-uk.github.io/specifications/dcat-ap#Standard",
      "usageNote": {},
      "usageNoteFromProfiled": "https://mff-uk.github.io/specifications/dcat-ap#Standard",
      "externalDocumentationUrl": "https://semiceu.github.io/DCAT-AP/releases/3.0.0-hvd/#Standard",
      "tags": [
        "https://w3id.org/dsv/class-role#supportive"
      ],
      "id": "hwixnj3g2wamk5hdbhf",
      "type": [
        "class-profile"
      ]
    },
    "w3x58dzskhcmk5hgg3v": {
      "ends": [
        {
          "name": null,
          "nameFromProfiled": null,
          "description": null,
          "descriptionFromProfiled": null,
          "iri": null,
          "cardinality": null,
          "usageNote": null,
          "usageNoteFromProfiled": null,
          "profiling": [],
          "externalDocumentationUrl": null,
          "tags": [],
          "concept": "8gnkebzfakjmk5h8pam"
        },
        {
          "name": {
            "es": "conjunto de datos",
            "en": "dataset",
            "it": "dataset",
            "cs": "datová sada",
            "fr": "jeu de données",
            "el": "σύνολο δεδομένων",
            "ar": "قائمة بيانات",
            "ja": "データセット",
            "da": "datasæt"
          },
          "nameFromProfiled": "https://mff-uk.github.io/specifications/dcat-ap#Catalogue.dataset",
          "description": {
            "en": "A Dataset that is part of the Catalogue.",
            "cs": "Kolekce dat, která je katalogizována v katalogu.",
            "fr": "Relie un catalogue à un jeu de données faisant partie de ce catalogue.",
            "es": "Un conjunto de datos que se lista en el catálogo.",
            "it": "Una raccolta di dati che è elencata nel catalogo.",
            "el": "Συνδέει έναν κατάλογο με ένα σύνολο δεδομένων το οποίο ανήκει στον εν λόγω κατάλογο.",
            "ar": "تربط الفهرس بقائمة بيانات ضمنه",
            "ja": "カタログの一部であるデータセット。",
            "da": "En samling af data som er opført i kataloget."
          },
          "descriptionFromProfiled": "https://mff-uk.github.io/specifications/dcat-ap#Catalogue.dataset",
          "iri": "Catalogue.dataset",
          "cardinality": [
            0,
            null
          ],
          "usageNote": {
            "en": "As empty Catalogues are usually indications of problems, this property should be combined with the property service to implement an empty Catalogue check."
          },
          "usageNoteFromProfiled": "https://mff-uk.github.io/specifications/dcat-ap#Catalogue.dataset",
          "profiling": [
            "https://mff-uk.github.io/specifications/dcat-ap#Catalogue.dataset"
          ],
          "externalDocumentationUrl": "https://semiceu.github.io/DCAT-AP/releases/3.0.0-hvd/#Catalogue.dataset",
          "tags": [
            "https://w3id.org/dsv/requirement-level#recommended"
          ],
          "concept": "y2xs49b0mzmmk5h854u"
        }
      ],
      "id": "w3x58dzskhcmk5hgg3v",
      "type": [
        "relationship-profile"
      ]
    },
    "lyai1oxa6snmk5hh4kr": {
      "ends": [
        {
          "name": null,
          "nameFromProfiled": null,
          "description": null,
          "descriptionFromProfiled": null,
          "iri": null,
          "cardinality": null,
          "usageNote": null,
          "usageNoteFromProfiled": null,
          "profiling": [],
          "externalDocumentationUrl": null,
          "tags": [],
          "concept": "8gnkebzfakjmk5h8pam"
        },
        {
          "name": {
            "en": "service",
            "es": "servicio",
            "it": "servizio",
            "cs": "služba",
            "da": "datatjeneste"
          },
          "nameFromProfiled": "https://mff-uk.github.io/specifications/dcat-ap#Catalogue.service",
          "description": {
            "en": "A site or end-point (Data Service) that is listed in the Catalogue.",
            "cs": "Umístění či přístupový bod registrovaný v katalogu.",
            "es": "Un sitio o 'endpoint' que está listado en el catálogo.",
            "it": "Un sito o endpoint elencato nel catalogo.",
            "da": "Et websted eller et endpoint som er opført i kataloget."
          },
          "descriptionFromProfiled": "https://mff-uk.github.io/specifications/dcat-ap#Catalogue.service",
          "iri": "Catalogue.service",
          "cardinality": [
            0,
            null
          ],
          "usageNote": {
            "en": "As empty Catalogues are usually indications of problems, this property should be combined with the property dataset to implement an empty Catalogue check."
          },
          "usageNoteFromProfiled": "https://mff-uk.github.io/specifications/dcat-ap#Catalogue.service",
          "profiling": [
            "https://mff-uk.github.io/specifications/dcat-ap#Catalogue.service"
          ],
          "externalDocumentationUrl": "https://semiceu.github.io/DCAT-AP/releases/3.0.0-hvd/#Catalogue.service",
          "tags": [
            "https://w3id.org/dsv/requirement-level#recommended"
          ],
          "concept": "1dyv8iemrm7mk5h9kmw"
        }
      ],
      "id": "lyai1oxa6snmk5hh4kr",
      "type": [
        "relationship-profile"
      ]
    },
    "oh6gjraohonmk5hhth3": {
      "ends": [
        {
          "name": null,
          "nameFromProfiled": null,
          "description": null,
          "descriptionFromProfiled": null,
          "iri": null,
          "cardinality": null,
          "usageNote": null,
          "usageNoteFromProfiled": null,
          "profiling": [],
          "externalDocumentationUrl": null,
          "tags": [],
          "concept": "8gnkebzfakjmk5h8pam"
        },
        {
          "name": {
            "en": "record",
            "it": "record",
            "fr": "registre",
            "es": "registro",
            "cs": "záznam",
            "el": "καταγραφή",
            "ar": "سجل",
            "ja": "カタログ・レコード",
            "da": "post"
          },
          "nameFromProfiled": "https://mff-uk.github.io/specifications/dcat-ap#Catalogue.record",
          "description": {
            "en": "A Catalogue Record that is part of the Catalogue.",
            "es": "Describe la registración de un conjunto de datos o un servicio de datos en el catálogo.",
            "cs": "Záznam popisující registraci jedné datové sady či datové služby jakožto součásti katalogu.",
            "fr": "Relie un catalogue à ses registres.",
            "it": "Un record che descrive la registrazione di un singolo set di dati o di un servizio dati che fa parte del catalogo.",
            "el": "Συνδέει έναν κατάλογο με τις καταγραφές του.",
            "ar": "تربط الفهرس بسجل ضمنه",
            "ja": "カタログの一部であるカタログ・レコード。",
            "da": "En post der beskriver registreringen af et enkelt datasæt eller en datatjeneste som er opført i kataloget."
          },
          "descriptionFromProfiled": "https://mff-uk.github.io/specifications/dcat-ap#Catalogue.record",
          "iri": "Catalogue.record",
          "cardinality": [
            0,
            null
          ],
          "usageNote": {},
          "usageNoteFromProfiled": "https://mff-uk.github.io/specifications/dcat-ap#Catalogue.record",
          "profiling": [
            "https://mff-uk.github.io/specifications/dcat-ap#Catalogue.record"
          ],
          "externalDocumentationUrl": "https://semiceu.github.io/DCAT-AP/releases/3.0.0-hvd/#Catalogue.record",
          "tags": [
            "https://w3id.org/dsv/requirement-level#optional"
          ],
          "concept": "h34shvshv5mmk5h903i"
        }
      ],
      "id": "oh6gjraohonmk5hhth3",
      "type": [
        "relationship-profile"
      ]
    },
    "wh2e6qqh7zmk5hjgzj": {
      "ends": [
        {
          "name": null,
          "nameFromProfiled": null,
          "description": null,
          "descriptionFromProfiled": null,
          "iri": null,
          "cardinality": null,
          "usageNote": null,
          "usageNoteFromProfiled": null,
          "profiling": [],
          "externalDocumentationUrl": null,
          "tags": [],
          "concept": "h34shvshv5mmk5h903i"
        },
        {
          "name": {
            "en": "primary topic"
          },
          "nameFromProfiled": "https://mff-uk.github.io/specifications/dcat-ap#CatalogueRecord.primaryTopic",
          "description": {
            "en": "A link to the Dataset, Data service or Catalog described in the record."
          },
          "descriptionFromProfiled": "https://mff-uk.github.io/specifications/dcat-ap#CatalogueRecord.primaryTopic",
          "iri": "CatalogueRecord.primaryTopic",
          "cardinality": [
            1,
            1
          ],
          "usageNote": {
            "en": "A catalogue record will refer to one entity in a catalogue. This can be either a Dataset or a Data Service. To ensure an unambigous reading of the cardinality the range is set to Catalogued Resource. However it is not the intend with this range to require the explicit use of the class Catalogued Record. As abstract class, an subclass should be used."
          },
          "usageNoteFromProfiled": "https://mff-uk.github.io/specifications/dcat-ap#CatalogueRecord.primaryTopic",
          "profiling": [
            "https://mff-uk.github.io/specifications/dcat-ap#CatalogueRecord.primaryTopic"
          ],
          "externalDocumentationUrl": "https://semiceu.github.io/DCAT-AP/releases/3.0.0-hvd/#CatalogueRecord.primarytopic",
          "tags": [
            "https://w3id.org/dsv/requirement-level#mandatory"
          ],
          "concept": "usspuqbvpqmk5h95li"
        }
      ],
      "id": "wh2e6qqh7zmk5hjgzj",
      "type": [
        "relationship-profile"
      ]
    },
    "jxjzof9mm98mk5hk4w3": {
      "id": "jxjzof9mm98mk5hk4w3",
      "iri": null,
      "child": "1dyv8iemrm7mk5h9kmw",
      "parent": "usspuqbvpqmk5h95li",
      "type": [
        "generalization"
      ]
    },
    "k3oj2mm0cbqmk5hkeeb": {
      "id": "k3oj2mm0cbqmk5hkeeb",
      "iri": null,
      "child": "y2xs49b0mzmmk5h854u",
      "parent": "usspuqbvpqmk5h95li",
      "type": [
        "generalization"
      ]
    },
    "uwh6sels88mk5hm9hi": {
      "ends": [
        {
          "name": null,
          "nameFromProfiled": null,
          "description": null,
          "descriptionFromProfiled": null,
          "iri": null,
          "cardinality": null,
          "usageNote": null,
          "usageNoteFromProfiled": null,
          "profiling": [],
          "externalDocumentationUrl": null,
          "tags": [],
          "concept": "1dyv8iemrm7mk5h9kmw"
        },
        {
          "name": {
            "en": "applicable legislation"
          },
          "nameFromProfiled": "https://mff-uk.github.io/specifications/dcat-ap#DataService.applicableLegislation",
          "description": {
            "en": "The legislation that mandates the creation or management of the Data Service."
          },
          "descriptionFromProfiled": "https://mff-uk.github.io/specifications/dcat-ap#DataService.applicableLegislation",
          "iri": "DataService.applicableLegislation",
          "cardinality": [
            1,
            null
          ],
          "usageNote": {
            "en": "For HVD the value MUST include the ELI http://data.europa.eu/eli/reg_impl/2023/138/oj.\nAs multiple legislations may apply to the resource the maximum cardinality is not limited."
          },
          "usageNoteFromProfiled": null,
          "profiling": [
            "https://mff-uk.github.io/specifications/dcat-ap#DataService.applicableLegislation"
          ],
          "externalDocumentationUrl": "https://semiceu.github.io/DCAT-AP/releases/3.0.0-hvd/#DataService.applicablelegislation",
          "tags": [
            "https://w3id.org/dsv/requirement-level#mandatory"
          ],
          "concept": "z5ud9g3tyylmk5hc7y4"
        }
      ],
      "id": "uwh6sels88mk5hm9hi",
      "type": [
        "relationship-profile"
      ]
    },
    "rr1m1djki4fmk5hqox0": {
      "ends": [
        {
          "name": null,
          "nameFromProfiled": null,
          "description": null,
          "descriptionFromProfiled": null,
          "iri": null,
          "cardinality": null,
          "usageNote": null,
          "usageNoteFromProfiled": null,
          "profiling": [],
          "externalDocumentationUrl": null,
          "tags": [],
          "concept": "1dyv8iemrm7mk5h9kmw"
        },
        {
          "name": {
            "es": "Punto de contacto",
            "en": "contact point",
            "cs": "kontaktní bod",
            "fr": "point de contact",
            "it": "punto di contatto",
            "el": "σημείο επικοινωνίας",
            "ar": "عنوان اتصال",
            "ja": "窓口",
            "da": "kontaktpunkt"
          },
          "nameFromProfiled": "https://mff-uk.github.io/specifications/dcat-ap#DataService.contactPoint",
          "description": {
            "es": "Información relevante de contacto para el recurso catalogado. Se recomienda el uso de vCard.",
            "it": "Informazioni di contatto rilevanti per la risorsa catalogata. Si raccomanda l'uso di vCard.",
            "en": "Contact information that can be used for sending comments about the Data Service.",
            "cs": "Relevantní kontaktní informace pro katalogizovaný zdroj. Doporučuje se použít slovník VCard.",
            "fr": "Relie un jeu de données à une information de contact utile en utilisant VCard.",
            "el": "Συνδέει ένα σύνολο δεδομένων με ένα σχετικό σημείο επικοινωνίας, μέσω VCard.",
            "ar": "تربط قائمة البيانات بعنوان اتصال موصف  باستخدام VCard",
            "ja": "データセットを、VCardを用いて提供されている適切な連絡先情報にリンクします。",
            "da": "Relevante kontaktoplysninger for den katalogiserede ressource. Anvendelse af vCard anbefales."
          },
          "descriptionFromProfiled": "https://mff-uk.github.io/specifications/dcat-ap#DataService.contactPoint",
          "iri": "DataService.contactPoint",
          "cardinality": [
            1,
            null
          ],
          "usageNote": {
            "en": "Article 3.4 requires the designation of a point of contact for an API."
          },
          "usageNoteFromProfiled": null,
          "profiling": [
            "https://mff-uk.github.io/specifications/dcat-ap#DataService.contactPoint"
          ],
          "externalDocumentationUrl": "https://semiceu.github.io/DCAT-AP/releases/3.0.0-hvd/#DataService.contactpoint",
          "tags": [
            "https://w3id.org/dsv/requirement-level#mandatory"
          ],
          "concept": "b2begcr1otmmk5haj75"
        }
      ],
      "id": "rr1m1djki4fmk5hqox0",
      "type": [
        "relationship-profile"
      ]
    },
    "t9m4q1ivje8mk5hwdm1": {
      "ends": [
        {
          "name": null,
          "nameFromProfiled": null,
          "description": null,
          "descriptionFromProfiled": null,
          "iri": null,
          "cardinality": null,
          "usageNote": null,
          "usageNoteFromProfiled": null,
          "profiling": [],
          "externalDocumentationUrl": null,
          "tags": [],
          "concept": "1dyv8iemrm7mk5h9kmw"
        },
        {
          "name": {
            "en": "documentation"
          },
          "nameFromProfiled": "https://mff-uk.github.io/specifications/dcat-ap#DataService.documentation",
          "description": {
            "en": "A page that provides additional information about the Data Service."
          },
          "descriptionFromProfiled": null,
          "iri": "DataService.documentation",
          "cardinality": [
            1,
            null
          ],
          "usageNote": {
            "en": "Quality of service covers a broad spectrum of aspects. The HVD regulation does not list any mandatory topic. Therefore quality of service information is considered part of the generic documentation of a Data Service."
          },
          "usageNoteFromProfiled": null,
          "profiling": [
            "https://mff-uk.github.io/specifications/dcat-ap#DataService.documentation"
          ],
          "externalDocumentationUrl": "https://semiceu.github.io/DCAT-AP/releases/3.0.0-hvd/#DataService.documentation",
          "tags": [
            "https://w3id.org/dsv/requirement-level#mandatory"
          ],
          "concept": "i3o8fx368lqmk5hbx3v"
        }
      ],
      "id": "t9m4q1ivje8mk5hwdm1",
      "type": [
        "relationship-profile"
      ]
    },
    "hzwcpt3qzphmk5i364z": {
      "ends": [
        {
          "name": null,
          "nameFromProfiled": null,
          "description": null,
          "descriptionFromProfiled": null,
          "iri": null,
          "cardinality": null,
          "usageNote": null,
          "usageNoteFromProfiled": null,
          "profiling": [],
          "externalDocumentationUrl": null,
          "tags": [],
          "concept": "1dyv8iemrm7mk5h9kmw"
        },
        {
          "name": {
            "es": "descripción del end-point del servicio",
            "en": "endpoint description",
            "it": "descrizione dell'endpoint del servizio",
            "cs": "popis přístupového bodu služby",
            "da": "endpointbeskrivelse"
          },
          "nameFromProfiled": "https://mff-uk.github.io/specifications/dcat-ap#DataService.endpointDescription",
          "description": {
            "en": "A description of the services available via the end-points, including their operations, parameters etc.",
            "cs": "Popis přístupového bodu služby včetně operací, parametrů apod.",
            "es": "Una descripción del end-point del servicio, incluyendo sus operaciones, parámetros, etc.",
            "it": "Una descrizione dell'endpoint del servizio, incluse le sue operazioni, parametri, ecc.",
            "da": "En beskrivelse af det pågældende tjenesteendpoint, inklusiv dets operationer, parametre etc."
          },
          "descriptionFromProfiled": "https://mff-uk.github.io/specifications/dcat-ap#DataService.endpointDescription",
          "iri": "DataService.endpointDescription",
          "cardinality": [
            0,
            null
          ],
          "usageNote": {
            "en": "The property gives specific details of the actual endpoint instances, while dct:conformsTo is used to indicate the general standard or specification that the endpoints implement.\nArticle 3.3 requires to provide API documentation in a Union or internationally recognised open, human-readable and machine-readable format."
          },
          "usageNoteFromProfiled": null,
          "profiling": [
            "https://mff-uk.github.io/specifications/dcat-ap#DataService.endpointDescription"
          ],
          "externalDocumentationUrl": "https://semiceu.github.io/DCAT-AP/releases/3.0.0-hvd/#DataService.endpointdescription",
          "tags": [
            "https://w3id.org/dsv/requirement-level#recommended"
          ],
          "concept": "eiefl3lxxx6mk5hco69"
        }
      ],
      "id": "hzwcpt3qzphmk5i364z",
      "type": [
        "relationship-profile"
      ]
    },
    "gcfulpb3cuamk5i4c5g": {
      "ends": [
        {
          "name": null,
          "nameFromProfiled": null,
          "description": null,
          "descriptionFromProfiled": null,
          "iri": null,
          "cardinality": null,
          "usageNote": null,
          "usageNoteFromProfiled": null,
          "profiling": [],
          "externalDocumentationUrl": null,
          "tags": [],
          "concept": "1dyv8iemrm7mk5h9kmw"
        },
        {
          "name": {
            "es": "end-point del servicio",
            "it": "end-point del servizio",
            "cs": "přístupový bod služby",
            "en": "endpoint URL",
            "da": "tjenesteendpoint"
          },
          "nameFromProfiled": "https://mff-uk.github.io/specifications/dcat-ap#DataService.endpointUrl",
          "description": {
            "cs": "Kořenové umístění nebo hlavní přístupový bod služby (IRI přístupné přes Web).",
            "it": "La locazione principale o l'endpoint primario del servizio (un IRI risolvibile via web).",
            "es": "La posición raíz o end-point principal del servicio (una IRI web).",
            "en": "The root location or primary endpoint of the service (an IRI).",
            "da": "Rodplaceringen eller det primære endpoint for en tjeneste (en web-resolverbar IRI)."
          },
          "descriptionFromProfiled": "https://mff-uk.github.io/specifications/dcat-ap#DataService.endpointUrl",
          "iri": "DataService.endpointUrl",
          "cardinality": [
            1,
            null
          ],
          "usageNote": {
            "en": "The endpoint URL SHOULD be persistent. This means that publishers should do everything in their power to maintain the value stable and existing."
          },
          "usageNoteFromProfiled": null,
          "profiling": [
            "https://mff-uk.github.io/specifications/dcat-ap#DataService.endpointUrl"
          ],
          "externalDocumentationUrl": "https://semiceu.github.io/DCAT-AP/releases/3.0.0-hvd/#DataService.endpointURL",
          "tags": [
            "https://w3id.org/dsv/requirement-level#mandatory"
          ],
          "concept": "eiefl3lxxx6mk5hco69"
        }
      ],
      "id": "gcfulpb3cuamk5i4c5g",
      "type": [
        "relationship-profile"
      ]
    },
    "1ejkzjgk37lmk5i7jbx": {
      "ends": [
        {
          "name": null,
          "nameFromProfiled": null,
          "description": null,
          "descriptionFromProfiled": null,
          "iri": null,
          "cardinality": null,
          "usageNote": null,
          "usageNoteFromProfiled": null,
          "profiling": [],
          "externalDocumentationUrl": null,
          "tags": [],
          "concept": "1dyv8iemrm7mk5h9kmw"
        },
        {
          "name": {
            "en": "HVD category"
          },
          "nameFromProfiled": "http://data.europa.eu/r5r/hvdCategory",
          "description": {
            "en": "The HVD category to which this Data Service belongs."
          },
          "descriptionFromProfiled": null,
          "iri": "DataService.hvdCategory",
          "cardinality": [
            1,
            null
          ],
          "usageNote": {},
          "usageNoteFromProfiled": null,
          "profiling": [
            "http://data.europa.eu/r5r/hvdCategory"
          ],
          "externalDocumentationUrl": "https://semiceu.github.io/DCAT-AP/releases/3.0.0-hvd/#DataService.HVDcategory",
          "tags": [
            "https://w3id.org/dsv/requirement-level#mandatory"
          ],
          "concept": "p36m9qmf2zjmk5hbe44"
        }
      ],
      "id": "1ejkzjgk37lmk5i7jbx",
      "type": [
        "relationship-profile"
      ]
    },
    "9kn8zr1je1smk5i8ilx": {
      "ends": [
        {
          "name": null,
          "nameFromProfiled": null,
          "description": null,
          "descriptionFromProfiled": null,
          "iri": null,
          "cardinality": null,
          "usageNote": null,
          "usageNoteFromProfiled": null,
          "profiling": [],
          "externalDocumentationUrl": null,
          "tags": [],
          "concept": "1dyv8iemrm7mk5h9kmw"
        },
        {
          "name": {
            "en": "licence"
          },
          "nameFromProfiled": "https://mff-uk.github.io/specifications/dcat-ap#DataService.licence",
          "description": {
            "en": "A licence under which the Data service is made available."
          },
          "descriptionFromProfiled": "https://mff-uk.github.io/specifications/dcat-ap#DataService.licence",
          "iri": "DataService.licence",
          "cardinality": [
            0,
            1
          ],
          "usageNote": {
            "en": "Article 3.3 specifies that the terms of use should be provided. According to the guidelines for legal Information in DCAT-AP HVD this is fulfilled by providing by preference a licence. As alternative rights can be used."
          },
          "usageNoteFromProfiled": null,
          "profiling": [
            "https://mff-uk.github.io/specifications/dcat-ap#DataService.licence"
          ],
          "externalDocumentationUrl": "https://semiceu.github.io/DCAT-AP/releases/3.0.0-hvd/#DataService.licence",
          "tags": [
            "https://w3id.org/dsv/requirement-level#recommended"
          ],
          "concept": "phepl9mej0gmk5hay95"
        }
      ],
      "id": "9kn8zr1je1smk5i8ilx",
      "type": [
        "relationship-profile"
      ]
    },
    "ren6zi71okmk5ibhrt": {
      "ends": [
        {
          "name": null,
          "nameFromProfiled": null,
          "description": null,
          "descriptionFromProfiled": null,
          "iri": null,
          "cardinality": null,
          "usageNote": null,
          "usageNoteFromProfiled": null,
          "profiling": [],
          "externalDocumentationUrl": null,
          "tags": [],
          "concept": "1dyv8iemrm7mk5h9kmw"
        },
        {
          "name": {
            "en": "rights"
          },
          "nameFromProfiled": "https://mff-uk.github.io/specifications/dcat-ap#Distribution.rights",
          "description": {
            "en": "A statement that specifies rights associated with the Distribution."
          },
          "descriptionFromProfiled": "https://mff-uk.github.io/specifications/dcat-ap#Distribution.rights",
          "iri": "DataService.rights",
          "cardinality": [
            0,
            null
          ],
          "usageNote": {},
          "usageNoteFromProfiled": "https://mff-uk.github.io/specifications/dcat-ap#Distribution.rights",
          "profiling": [
            "https://mff-uk.github.io/specifications/dcat-ap#Distribution.rights"
          ],
          "externalDocumentationUrl": "https://semiceu.github.io/DCAT-AP/releases/3.0.0-hvd/#DataService.rights",
          "tags": [
            "https://w3id.org/dsv/requirement-level#optional"
          ],
          "concept": "q4n3jzm7qbmk5hcyzq"
        }
      ],
      "id": "ren6zi71okmk5ibhrt",
      "type": [
        "relationship-profile"
      ]
    },
    "r3z6l5b8h1lmk5icifl": {
      "ends": [
        {
          "name": null,
          "nameFromProfiled": null,
          "description": null,
          "descriptionFromProfiled": null,
          "iri": null,
          "cardinality": null,
          "usageNote": null,
          "usageNoteFromProfiled": null,
          "profiling": [],
          "externalDocumentationUrl": null,
          "tags": [],
          "concept": "1dyv8iemrm7mk5h9kmw"
        },
        {
          "name": {
            "cs": "poskytuje datovou sadu",
            "es": "provee conjunto de datos",
            "it": "serve set di dati",
            "en": "serves dataset",
            "da": "datatjeneste for datasæt"
          },
          "nameFromProfiled": "https://mff-uk.github.io/specifications/dcat-ap#DataService.servesDataset",
          "description": {
            "en": "This property refers to a collection of data that this data service can distribute.",
            "cs": "Kolekce dat, kterou je tato Datová služba schopna poskytnout.",
            "es": "Una colección de datos que este Servicio de Datos puede distribuir.",
            "it": "Una raccolta di dati che questo DataService può distribuire.",
            "da": "En samling af data som denne datatjeneste kan distribuere."
          },
          "descriptionFromProfiled": "https://mff-uk.github.io/specifications/dcat-ap#DataService.servesDataset",
          "iri": "DataService.servesDataset",
          "cardinality": [
            0,
            null
          ],
          "usageNote": {
            "en": "An API in the context of HVD is not a standalone resource. It is used to open up HVD datasets. Therefore each Data Service is at least tightly connected with a Dataset.\nA Dataset MUST have an associated Data Service, besides the exceptions listed in the HVD IR. This can be either specified directly, using this property, or indirectly. More information on this obligation see 10.8 Connecting Data Services with Datasets."
          },
          "usageNoteFromProfiled": null,
          "profiling": [
            "https://mff-uk.github.io/specifications/dcat-ap#DataService.servesDataset"
          ],
          "externalDocumentationUrl": null,
          "tags": [
            "https://w3id.org/dsv/requirement-level#recommended"
          ],
          "concept": "y2xs49b0mzmmk5h854u"
        }
      ],
      "id": "r3z6l5b8h1lmk5icifl",
      "type": [
        "relationship-profile"
      ]
    },
    "zuwshziqr6fmk5ien8n": {
      "ends": [
        {
          "name": null,
          "nameFromProfiled": null,
          "description": null,
          "descriptionFromProfiled": null,
          "iri": null,
          "cardinality": null,
          "usageNote": null,
          "usageNoteFromProfiled": null,
          "profiling": [],
          "externalDocumentationUrl": null,
          "tags": [],
          "concept": "y2xs49b0mzmmk5h854u"
        },
        {
          "name": {
            "en": "applicable legislation"
          },
          "nameFromProfiled": "https://mff-uk.github.io/specifications/dcat-ap#Dataset.applicableLegislation",
          "description": {
            "en": "The legislation that mandates the creation or management of the Dataset."
          },
          "descriptionFromProfiled": "https://mff-uk.github.io/specifications/dcat-ap#Dataset.applicableLegislation",
          "iri": "Dataset.applicableLegislation",
          "cardinality": [
            1,
            null
          ],
          "usageNote": {
            "en": "For HVD the value must include the ELI http://data.europa.eu/eli/reg_impl/2023/138/oj.\nAs multiple legislations may apply to the resource the maximum cardinality is not limited."
          },
          "usageNoteFromProfiled": null,
          "profiling": [
            "https://mff-uk.github.io/specifications/dcat-ap#Dataset.applicableLegislation"
          ],
          "externalDocumentationUrl": "https://semiceu.github.io/DCAT-AP/releases/3.0.0-hvd/#Dataset.applicablelegislation",
          "tags": [
            "https://w3id.org/dsv/requirement-level#mandatory"
          ],
          "concept": "z5ud9g3tyylmk5hc7y4"
        }
      ],
      "id": "zuwshziqr6fmk5ien8n",
      "type": [
        "relationship-profile"
      ]
    },
    "ng44dytsb8pmk5ig6s7": {
      "ends": [
        {
          "name": null,
          "nameFromProfiled": null,
          "description": null,
          "descriptionFromProfiled": null,
          "iri": null,
          "cardinality": null,
          "usageNote": null,
          "usageNoteFromProfiled": null,
          "profiling": [],
          "externalDocumentationUrl": null,
          "tags": [],
          "concept": "y2xs49b0mzmmk5h854u"
        },
        {
          "name": {
            "en": "conforms to"
          },
          "nameFromProfiled": "https://mff-uk.github.io/specifications/dcat-ap#Dataset.conformsTo",
          "description": {
            "en": "An implementing rule or other specification."
          },
          "descriptionFromProfiled": "https://mff-uk.github.io/specifications/dcat-ap#Dataset.conformsTo",
          "iri": "Dataset.conformsTo",
          "cardinality": [
            0,
            null
          ],
          "usageNote": {
            "en": "The provided information should enable to the verification whether the detailed information requirements by the HVD is satisfied. For more usage suggestions see section on specific data requirements."
          },
          "usageNoteFromProfiled": null,
          "profiling": [
            "https://mff-uk.github.io/specifications/dcat-ap#Dataset.conformsTo"
          ],
          "externalDocumentationUrl": "https://semiceu.github.io/DCAT-AP/releases/3.0.0-hvd/#Dataset.conformsto",
          "tags": [
            "https://w3id.org/dsv/requirement-level#optional"
          ],
          "concept": "hwixnj3g2wamk5hdbhf"
        }
      ],
      "id": "ng44dytsb8pmk5ig6s7",
      "type": [
        "relationship-profile"
      ]
    },
    "9asngk3hxesmk5irc76": {
      "ends": [
        {
          "name": null,
          "nameFromProfiled": null,
          "description": null,
          "descriptionFromProfiled": null,
          "iri": null,
          "cardinality": null,
          "usageNote": null,
          "usageNoteFromProfiled": null,
          "profiling": [],
          "externalDocumentationUrl": null,
          "tags": [],
          "concept": "y2xs49b0mzmmk5h854u"
        },
        {
          "name": {
            "es": "Punto de contacto",
            "en": "contact point",
            "cs": "kontaktní bod",
            "fr": "point de contact",
            "it": "punto di contatto",
            "el": "σημείο επικοινωνίας",
            "ar": "عنوان اتصال",
            "ja": "窓口",
            "da": "kontaktpunkt"
          },
          "nameFromProfiled": "https://mff-uk.github.io/specifications/dcat-ap#Dataset.contactPoint",
          "description": {
            "es": "Información relevante de contacto para el recurso catalogado. Se recomienda el uso de vCard.",
            "it": "Informazioni di contatto rilevanti per la risorsa catalogata. Si raccomanda l'uso di vCard.",
            "en": "Contact information that can be used for sending comments about the Dataset.",
            "cs": "Relevantní kontaktní informace pro katalogizovaný zdroj. Doporučuje se použít slovník VCard.",
            "fr": "Relie un jeu de données à une information de contact utile en utilisant VCard.",
            "el": "Συνδέει ένα σύνολο δεδομένων με ένα σχετικό σημείο επικοινωνίας, μέσω VCard.",
            "ar": "تربط قائمة البيانات بعنوان اتصال موصف  باستخدام VCard",
            "ja": "データセットを、VCardを用いて提供されている適切な連絡先情報にリンクします。",
            "da": "Relevante kontaktoplysninger for den katalogiserede ressource. Anvendelse af vCard anbefales."
          },
          "descriptionFromProfiled": "https://mff-uk.github.io/specifications/dcat-ap#Dataset.contactPoint",
          "iri": "Dataset.contactPoint",
          "cardinality": [
            0,
            null
          ],
          "usageNote": {},
          "usageNoteFromProfiled": "https://mff-uk.github.io/specifications/dcat-ap#Dataset.contactPoint",
          "profiling": [
            "https://mff-uk.github.io/specifications/dcat-ap#Dataset.contactPoint"
          ],
          "externalDocumentationUrl": "https://semiceu.github.io/DCAT-AP/releases/3.0.0-hvd/#Dataset.contactpoint",
          "tags": [
            "https://w3id.org/dsv/requirement-level#recommended"
          ],
          "concept": "b2begcr1otmmk5haj75"
        }
      ],
      "id": "9asngk3hxesmk5irc76",
      "type": [
        "relationship-profile"
      ]
    },
    "k79ur8g742emk5j1mgx": {
      "ends": [
        {
          "name": null,
          "nameFromProfiled": null,
          "description": null,
          "descriptionFromProfiled": null,
          "iri": null,
          "cardinality": null,
          "usageNote": null,
          "usageNoteFromProfiled": null,
          "profiling": [],
          "externalDocumentationUrl": null,
          "tags": [],
          "concept": "y2xs49b0mzmmk5h854u"
        },
        {
          "name": {
            "cs": "distribuce",
            "es": "distribución",
            "en": "dataset distribution",
            "fr": "distribution",
            "it": "distribuzione",
            "da": "distribution",
            "el": "διανομή",
            "ar": "توزيع",
            "ja": "データセット配信"
          },
          "nameFromProfiled": "https://mff-uk.github.io/specifications/dcat-ap#Dataset.datasetDistribution",
          "description": {
            "en": "An available Distribution for the Dataset.",
            "fr": "Connecte un jeu de données à des distributions disponibles.",
            "cs": "Dostupná distribuce datové sady.",
            "es": "Una distribución disponible del conjunto de datos.",
            "it": "Una distribuzione disponibile per il set di dati.",
            "el": "Συνδέει ένα σύνολο δεδομένων με μία από τις διαθέσιμες διανομές του.",
            "ar": "تربط قائمة البيانات بطريقة أو بشكل يسمح  الوصول الى البيانات",
            "ja": "データセットを、その利用可能な配信に接続します。",
            "da": "En tilgængelig repræsentation af datasættet."
          },
          "descriptionFromProfiled": "https://mff-uk.github.io/specifications/dcat-ap#Dataset.datasetDistribution",
          "iri": "Dataset.datasetDistribution",
          "cardinality": [
            1,
            null
          ],
          "usageNote": {
            "en": "The HVD IR is a quality improvement of existing datasets. The intention is that HVD datasets are publicly and open accessible. Therefore a Distribution is expected to be present. (Article 3.1) This section provides more information how this strong recommendation is implemented."
          },
          "usageNoteFromProfiled": null,
          "profiling": [
            "https://mff-uk.github.io/specifications/dcat-ap#Dataset.datasetDistribution"
          ],
          "externalDocumentationUrl": "https://semiceu.github.io/DCAT-AP/releases/3.0.0-hvd/#Dataset.datasetdistribution",
          "tags": [
            "https://w3id.org/dsv/requirement-level#mandatory"
          ],
          "concept": "uf284edqakmk5habhw"
        }
      ],
      "id": "k79ur8g742emk5j1mgx",
      "type": [
        "relationship-profile"
      ]
    },
    "qm9uarj78hmk5j2hwv": {
      "ends": [
        {
          "name": null,
          "nameFromProfiled": null,
          "description": null,
          "descriptionFromProfiled": null,
          "iri": null,
          "cardinality": null,
          "usageNote": null,
          "usageNoteFromProfiled": null,
          "profiling": [],
          "externalDocumentationUrl": null,
          "tags": [],
          "concept": "y2xs49b0mzmmk5h854u"
        },
        {
          "name": {
            "en": "HVD category"
          },
          "nameFromProfiled": "http://data.europa.eu/r5r/hvdCategory",
          "description": {
            "en": "The HVD category to which this Dataset belongs."
          },
          "descriptionFromProfiled": null,
          "iri": "Dataset.hvdCategory",
          "cardinality": [
            1,
            null
          ],
          "usageNote": {},
          "usageNoteFromProfiled": null,
          "profiling": [
            "http://data.europa.eu/r5r/hvdCategory"
          ],
          "externalDocumentationUrl": "https://semiceu.github.io/DCAT-AP/releases/3.0.0-hvd/#Dataset.HVDCategory",
          "tags": [
            "https://w3id.org/dsv/requirement-level#mandatory"
          ],
          "concept": "p36m9qmf2zjmk5hbe44"
        }
      ],
      "id": "qm9uarj78hmk5j2hwv",
      "type": [
        "relationship-profile"
      ]
    },
    "sv5wqmsou3cmk5j5k2h": {
      "ends": [
        {
          "name": null,
          "nameFromProfiled": null,
          "description": null,
          "descriptionFromProfiled": null,
          "iri": null,
          "cardinality": null,
          "usageNote": null,
          "usageNoteFromProfiled": null,
          "profiling": [],
          "externalDocumentationUrl": null,
          "tags": [],
          "concept": "y2xs49b0mzmmk5h854u"
        },
        {
          "name": {
            "en": "in series",
            "es": "en serie",
            "it": "in serie"
          },
          "nameFromProfiled": "https://mff-uk.github.io/specifications/dcat-ap#Dataset.inSeries",
          "description": {
            "en": "A dataset series of which the dataset is part.",
            "es": "Una serie de conjuntos de datos del cuál un conjunto de datos es parte.",
            "it": "Una serie di dataset di cui questo dataset fa parte."
          },
          "descriptionFromProfiled": "https://mff-uk.github.io/specifications/dcat-ap#Dataset.inSeries",
          "iri": "Dataset.inSeries",
          "cardinality": [
            0,
            null
          ],
          "usageNote": {},
          "usageNoteFromProfiled": "https://mff-uk.github.io/specifications/dcat-ap#Dataset.inSeries",
          "profiling": [
            "https://mff-uk.github.io/specifications/dcat-ap#Dataset.inSeries"
          ],
          "externalDocumentationUrl": "https://semiceu.github.io/DCAT-AP/releases/3.0.0-hvd/#Dataset.inseries",
          "tags": [
            "https://w3id.org/dsv/requirement-level#optional"
          ],
          "concept": "kowusel0o4mk5h9uhp"
        }
      ],
      "id": "sv5wqmsou3cmk5j5k2h",
      "type": [
        "relationship-profile"
      ]
    },
    "jazmx84hcpmk5j7ptf": {
      "ends": [
        {
          "name": null,
          "nameFromProfiled": null,
          "description": null,
          "descriptionFromProfiled": null,
          "iri": null,
          "cardinality": null,
          "usageNote": null,
          "usageNoteFromProfiled": null,
          "profiling": [],
          "externalDocumentationUrl": null,
          "tags": [],
          "concept": "kowusel0o4mk5h9uhp"
        },
        {
          "name": {
            "en": "applicable legislation"
          },
          "nameFromProfiled": "https://mff-uk.github.io/specifications/dcat-ap#DatasetSeries.applicableLegislation",
          "description": {
            "en": "The legislation that mandates the creation or management of the Dataset Series."
          },
          "descriptionFromProfiled": "https://mff-uk.github.io/specifications/dcat-ap#DatasetSeries.applicableLegislation",
          "iri": "DatasetSeries.applicableLegislation",
          "cardinality": [
            1,
            null
          ],
          "usageNote": {
            "en": "For HVD the value must include the ELI http://data.europa.eu/eli/reg_impl/2023/138/oj.\nAs multiple legislations may apply to the resource the maximum cardinality is not limited."
          },
          "usageNoteFromProfiled": null,
          "profiling": [
            "https://mff-uk.github.io/specifications/dcat-ap#DatasetSeries.applicableLegislation"
          ],
          "externalDocumentationUrl": "https://semiceu.github.io/DCAT-AP/releases/3.0.0-hvd/#DatasetSeries.applicablelegislation",
          "tags": [
            "https://w3id.org/dsv/requirement-level#mandatory"
          ],
          "concept": "z5ud9g3tyylmk5hc7y4"
        }
      ],
      "id": "jazmx84hcpmk5j7ptf",
      "type": [
        "relationship-profile"
      ]
    },
    "4frtgb2u4njmk5jb6k2": {
      "ends": [
        {
          "name": null,
          "nameFromProfiled": null,
          "description": null,
          "descriptionFromProfiled": null,
          "iri": null,
          "cardinality": null,
          "usageNote": null,
          "usageNoteFromProfiled": null,
          "profiling": [],
          "externalDocumentationUrl": null,
          "tags": [],
          "concept": "kowusel0o4mk5h9uhp"
        },
        {
          "name": {
            "en": "HVD category"
          },
          "nameFromProfiled": "http://data.europa.eu/r5r/hvdCategory",
          "description": {
            "en": "The HVD category to which this Dataset Series belongs."
          },
          "descriptionFromProfiled": null,
          "iri": "DatasetSeries.hvdCategory",
          "cardinality": [
            1,
            null
          ],
          "usageNote": {},
          "usageNoteFromProfiled": null,
          "profiling": [
            "http://data.europa.eu/r5r/hvdCategory"
          ],
          "externalDocumentationUrl": "https://semiceu.github.io/DCAT-AP/releases/3.0.0-hvd/#DatasetSeries.HVDCategory",
          "tags": [
            "https://w3id.org/dsv/requirement-level#mandatory"
          ],
          "concept": "p36m9qmf2zjmk5hbe44"
        }
      ],
      "id": "4frtgb2u4njmk5jb6k2",
      "type": [
        "relationship-profile"
      ]
    },
    "wqx85ksy6tomk5jg1sm": {
      "id": "wqx85ksy6tomk5jg1sm",
      "iri": null,
      "child": "kowusel0o4mk5h9uhp",
      "parent": "usspuqbvpqmk5h95li",
      "type": [
        "generalization"
      ]
    },
    "yxlhtw7ke4mmk5jos4j": {
      "ends": [
        {
          "name": null,
          "nameFromProfiled": null,
          "description": null,
          "descriptionFromProfiled": null,
          "iri": null,
          "cardinality": null,
          "usageNote": null,
          "usageNoteFromProfiled": null,
          "profiling": [],
          "externalDocumentationUrl": null,
          "tags": [],
          "concept": "uf284edqakmk5habhw"
        },
        {
          "name": {
            "en": "access service",
            "es": "servicio de acceso de datos",
            "it": "servizio di accesso ai dati",
            "cs": "služba pro přístup k datům",
            "da": "dataadgangstjeneste"
          },
          "nameFromProfiled": "https://mff-uk.github.io/specifications/dcat-ap#Distribution.accessService",
          "description": {
            "en": "A site or end-point that gives access to the distribution of the dataset.",
            "cs": "Umístění či přístupový bod zpřístupňující distribuci datové sady.",
            "es": "Un sitio o end-point que da acceso a la distribución de un conjunto de datos.",
            "it": "Un sito o end-point che dà accesso alla distribuzione del set di dati.",
            "da": "Et websted eller endpoint der giver adgang til en repræsentation af datasættet."
          },
          "descriptionFromProfiled": "https://mff-uk.github.io/specifications/dcat-ap#Distribution.accessService",
          "iri": "Distribution.accessService",
          "cardinality": [
            0,
            null
          ],
          "usageNote": {
            "en": "An API in the context of HVD is not a standalone resource. It is used to open up HVD datasets. Therefore each Data Service is at least tightly connected with a Dataset.\nA Dataset MUST have an associated Data Service, besides the exceptions listed in the HVD IR. This can be either specified directly or indirectly using this property. More information on this obligation see 10.8 Connecting Data Services with Datasets."
          },
          "usageNoteFromProfiled": null,
          "profiling": [
            "https://mff-uk.github.io/specifications/dcat-ap#Distribution.accessService"
          ],
          "externalDocumentationUrl": "https://semiceu.github.io/DCAT-AP/releases/3.0.0-hvd/#Distribution.accessservice",
          "tags": [
            "https://w3id.org/dsv/requirement-level#recommended"
          ],
          "concept": "1dyv8iemrm7mk5h9kmw"
        }
      ],
      "id": "yxlhtw7ke4mmk5jos4j",
      "type": [
        "relationship-profile"
      ]
    },
    "hfvsd4kbkajmk5jr32u": {
      "ends": [
        {
          "name": null,
          "nameFromProfiled": null,
          "description": null,
          "descriptionFromProfiled": null,
          "iri": null,
          "cardinality": null,
          "usageNote": null,
          "usageNoteFromProfiled": null,
          "profiling": [],
          "externalDocumentationUrl": null,
          "tags": [],
          "concept": "uf284edqakmk5habhw"
        },
        {
          "name": {
            "fr": "URL d'accès",
            "es": "URL de acceso",
            "el": "URL πρόσβασης",
            "en": "access URL",
            "it": "indirizzo di accesso",
            "cs": "přístupová adresa",
            "ar": "رابط وصول",
            "ja": "アクセスURL",
            "da": "adgangsadresse"
          },
          "nameFromProfiled": "https://mff-uk.github.io/specifications/dcat-ap#Distribution.accessUrl",
          "description": {
            "en": "A URL that gives access to a Distribution of the Dataset.",
            "fr": "Ceci peut être tout type d'URL qui donne accès à une distribution du jeu de données. Par exemple, un lien à une page HTML contenant un lien au jeu de données, un Flux RSS, un point d'accès SPARQL. Utilisez le lorsque votre catalogue ne contient pas d'information sur quoi il est ou quand ce n'est pas téléchargeable.",
            "es": "Puede ser cualquier tipo de URL que de acceso a una distribución del conjunto de datos, e.g., página de destino, descarga, URL feed, punto de acceso SPARQL. Esta propriedad se debe usar cuando su catálogo de datos no tiene información sobre donde está o cuando no se puede descargar.",
            "cs": "URL zdroje, přes které je přístupná distribuce datové sady. Příkladem může být vstupní stránka, RSS kanál či SPARQL endpoint. Použijte ve všech případech kromě URL souboru ke stažení, pro které je lepší použít dcat:downloadURL.",
            "it": "Un URL di una risorsa che consente di accedere a una distribuzione del set di dati. Per esempio, pagina di destinazione, feed, endpoint SPARQL. Da utilizzare per tutti i casi, tranne  quando  si tratta di un semplice link per il download nel qual caso è preferito downloadURL.",
            "el": "Μπορεί να είναι οποιουδήποτε είδους URL που δίνει πρόσβαση στη διανομή ενός συνόλου δεδομένων. Π.χ. ιστοσελίδα αρχικής πρόσβασης, μεταφόρτωση, feed URL, σημείο διάθεσης SPARQL. Να χρησιμοποιείται όταν ο κατάλογος δεν περιέχει πληροφορίες εαν πρόκειται ή όχι για μεταφορτώσιμο αρχείο.",
            "ar": "أي رابط يتيح الوصول إلى البيانات. إذا كان الرابط هو ربط مباشر لملف يمكن تحميله استخدم الخاصية downloadURL",
            "ja": "データセットの配信にアクセス権を与えるランディング・ページ、フィード、SPARQLエンドポイント、その他の種類の資源。",
            "da": "En URL for en ressource som giver adgang til en repræsentation af datsættet. Fx destinationsside, feed, SPARQL-endpoint. Anvendes i alle sammenhænge undtagen til angivelse af et simpelt download link hvor anvendelse af egenskaben downloadURL foretrækkes."
          },
          "descriptionFromProfiled": "https://mff-uk.github.io/specifications/dcat-ap#Distribution.accessUrl",
          "iri": "Distribution.accessUrl",
          "cardinality": [
            1,
            null
          ],
          "usageNote": {
            "en": "The resource at the access URL contains information about how to get the Dataset. In accordance to the DCAT guidelines it is preferred to also set the downloadURL property if the URL is a reference to a downloadable resource."
          },
          "usageNoteFromProfiled": null,
          "profiling": [
            "https://mff-uk.github.io/specifications/dcat-ap#Distribution.accessUrl"
          ],
          "externalDocumentationUrl": "https://semiceu.github.io/DCAT-AP/releases/3.0.0-hvd/#Distribution.accessURL",
          "tags": [
            "https://w3id.org/dsv/requirement-level#mandatory"
          ],
          "concept": "eiefl3lxxx6mk5hco69"
        }
      ],
      "id": "hfvsd4kbkajmk5jr32u",
      "type": [
        "relationship-profile"
      ]
    },
    "8os5gu4s027mk5jrwrq": {
      "ends": [
        {
          "name": null,
          "nameFromProfiled": null,
          "description": null,
          "descriptionFromProfiled": null,
          "iri": null,
          "cardinality": null,
          "usageNote": null,
          "usageNoteFromProfiled": null,
          "profiling": [],
          "externalDocumentationUrl": null,
          "tags": [],
          "concept": "uf284edqakmk5habhw"
        },
        {
          "name": {
            "en": "applicable legislation"
          },
          "nameFromProfiled": "https://mff-uk.github.io/specifications/dcat-ap#Distribution.applicableLegislation",
          "description": {
            "en": "The legislation that mandates the creation or management of the Distribution."
          },
          "descriptionFromProfiled": "https://mff-uk.github.io/specifications/dcat-ap#Distribution.applicableLegislation",
          "iri": "Distribution.applicableLegislation",
          "cardinality": [
            1,
            null
          ],
          "usageNote": {
            "en": "For HVD the value must include the ELI http://data.europa.eu/eli/reg_impl/2023/138/oj.\nAs multiple legislations may apply to the resource the maximum cardinality is not limited."
          },
          "usageNoteFromProfiled": null,
          "profiling": [
            "https://mff-uk.github.io/specifications/dcat-ap#Distribution.applicableLegislation"
          ],
          "externalDocumentationUrl": "https://semiceu.github.io/DCAT-AP/releases/3.0.0-hvd/#Distribution.applicablelegislation",
          "tags": [
            "https://w3id.org/dsv/requirement-level#mandatory"
          ],
          "concept": "z5ud9g3tyylmk5hc7y4"
        }
      ],
      "id": "8os5gu4s027mk5jrwrq",
      "type": [
        "relationship-profile"
      ]
    },
    "thn6x8himrmk5jsz07": {
      "ends": [
        {
          "name": null,
          "nameFromProfiled": null,
          "description": null,
          "descriptionFromProfiled": null,
          "iri": null,
          "cardinality": null,
          "usageNote": null,
          "usageNoteFromProfiled": null,
          "profiling": [],
          "externalDocumentationUrl": null,
          "tags": [],
          "concept": "uf284edqakmk5habhw"
        },
        {
          "name": {
            "en": "licence"
          },
          "nameFromProfiled": "https://mff-uk.github.io/specifications/dcat-ap#Distribution.licence",
          "description": {
            "en": "A licence under which the Distribution is made available."
          },
          "descriptionFromProfiled": "https://mff-uk.github.io/specifications/dcat-ap#Distribution.licence",
          "iri": "Distribution.licence",
          "cardinality": [
            0,
            1
          ],
          "usageNote": {
            "en": "Article 4.3 specifies that High-value datasets should be made available for reuse. According to the guidelines for legal Information in DCAT-AP HVD this is fulfilled by providing by preference a licence. As alternative rights can be used."
          },
          "usageNoteFromProfiled": null,
          "profiling": [
            "https://mff-uk.github.io/specifications/dcat-ap#Distribution.licence"
          ],
          "externalDocumentationUrl": "https://semiceu.github.io/DCAT-AP/releases/3.0.0-hvd/#Distribution.licence",
          "tags": [
            "https://w3id.org/dsv/requirement-level#recommended"
          ],
          "concept": "phepl9mej0gmk5hay95"
        }
      ],
      "id": "thn6x8himrmk5jsz07",
      "type": [
        "relationship-profile"
      ]
    },
    "pep2ag594pmk5jx1ca": {
      "ends": [
        {
          "name": null,
          "nameFromProfiled": null,
          "description": null,
          "descriptionFromProfiled": null,
          "iri": null,
          "cardinality": null,
          "usageNote": null,
          "usageNoteFromProfiled": null,
          "profiling": [],
          "externalDocumentationUrl": null,
          "tags": [],
          "concept": "uf284edqakmk5habhw"
        },
        {
          "name": {
            "en": "linked schemas"
          },
          "nameFromProfiled": "https://mff-uk.github.io/specifications/dcat-ap#Distribution.linkedSchemas",
          "description": {
            "en": "An established standard to which the distribution conforms."
          },
          "descriptionFromProfiled": "https://mff-uk.github.io/specifications/dcat-ap#Distribution.linkedSchemas",
          "iri": "Distribution.linkedSchemas",
          "cardinality": [
            0,
            null
          ],
          "usageNote": {
            "en": "The provided information should enable to the verification whether the detailed information requirements by the HVD is satisfied. For more usage suggestions see section on specific data requirements."
          },
          "usageNoteFromProfiled": null,
          "profiling": [
            "https://mff-uk.github.io/specifications/dcat-ap#Distribution.linkedSchemas"
          ],
          "externalDocumentationUrl": "https://semiceu.github.io/DCAT-AP/releases/3.0.1/#Distribution.linkedschemas",
          "tags": [
            "https://w3id.org/dsv/requirement-level#optional"
          ],
          "concept": "hwixnj3g2wamk5hdbhf"
        }
      ],
      "id": "pep2ag594pmk5jx1ca",
      "type": [
        "relationship-profile"
      ]
    },
    "3803iyc2g4mk5jy4av": {
      "ends": [
        {
          "name": null,
          "nameFromProfiled": null,
          "description": null,
          "descriptionFromProfiled": null,
          "iri": null,
          "cardinality": null,
          "usageNote": null,
          "usageNoteFromProfiled": null,
          "profiling": [],
          "externalDocumentationUrl": null,
          "tags": [],
          "concept": "uf284edqakmk5habhw"
        },
        {
          "name": {
            "en": "rights"
          },
          "nameFromProfiled": "https://mff-uk.github.io/specifications/dcat-ap#Distribution.rights",
          "description": {
            "en": "A statement that specifies rights associated with the Distribution."
          },
          "descriptionFromProfiled": "https://mff-uk.github.io/specifications/dcat-ap#Distribution.rights",
          "iri": "Distribution.rights",
          "cardinality": [
            0,
            null
          ],
          "usageNote": {
            "en": "Article 4.3 specifies that High-value datasets should be made available for reuse. According to the guidelines for legal Information in DCAT-AP HVD this is fulfilled by providing by preference a licence. As alternative rights can be used."
          },
          "usageNoteFromProfiled": null,
          "profiling": [
            "https://mff-uk.github.io/specifications/dcat-ap#Distribution.rights"
          ],
          "externalDocumentationUrl": "https://semiceu.github.io/DCAT-AP/releases/3.0.0-hvd/#Distribution.rights",
          "tags": [
            "https://w3id.org/dsv/requirement-level#optional"
          ],
          "concept": "q4n3jzm7qbmk5hcyzq"
        }
      ],
      "id": "3803iyc2g4mk5jy4av",
      "type": [
        "relationship-profile"
      ]
    },
    "3kq2i9o5zp9mk5k0wnk": {
      "ends": [
        {
          "name": null,
          "nameFromProfiled": null,
          "description": null,
          "descriptionFromProfiled": null,
          "iri": null,
          "cardinality": null,
          "usageNote": null,
          "usageNoteFromProfiled": null,
          "profiling": [],
          "externalDocumentationUrl": null,
          "tags": [],
          "concept": "b2begcr1otmmk5haj75"
        },
        {
          "name": {
            "en": "contact page"
          },
          "nameFromProfiled": null,
          "description": {
            "en": "A webpage that either allows to make contact (i.e. a webform) or the information contains how to get into contact. "
          },
          "descriptionFromProfiled": null,
          "iri": "Kind.contactPage",
          "cardinality": [
            0,
            1
          ],
          "usageNote": {},
          "usageNoteFromProfiled": null,
          "profiling": [
            "http://www.w3.org/2006/vcard/ns#hasURL"
          ],
          "externalDocumentationUrl": "https://semiceu.github.io/DCAT-AP/releases/3.0.0-hvd/#Kind.contactpage",
          "tags": [
            "https://w3id.org/dsv/requirement-level#optional"
          ],
          "concept": "eiefl3lxxx6mk5hco69"
        }
      ],
      "id": "3kq2i9o5zp9mk5k0wnk",
      "type": [
        "relationship-profile"
      ]
    },
    "0zcbqb4ob0mmk5k1gyd": {
      "ends": [
        {
          "name": null,
          "nameFromProfiled": null,
          "description": null,
          "descriptionFromProfiled": null,
          "iri": null,
          "cardinality": null,
          "usageNote": null,
          "usageNoteFromProfiled": null,
          "profiling": [],
          "externalDocumentationUrl": null,
          "tags": [],
          "concept": "b2begcr1otmmk5haj75"
        },
        {
          "name": {
            "en": "email"
          },
          "nameFromProfiled": null,
          "description": {
            "en": "A email address via which contact can be made."
          },
          "descriptionFromProfiled": null,
          "iri": "Kind.email",
          "cardinality": [
            0,
            1
          ],
          "usageNote": {},
          "usageNoteFromProfiled": null,
          "profiling": [
            "http://www.w3.org/2006/vcard/ns#hasEmail"
          ],
          "externalDocumentationUrl": "https://semiceu.github.io/DCAT-AP/releases/3.0.0-hvd/#Kind.email",
          "tags": [
            "https://w3id.org/dsv/requirement-level#optional"
          ],
          "concept": "eiefl3lxxx6mk5hco69"
        }
      ],
      "id": "0zcbqb4ob0mmk5k1gyd",
      "type": [
        "relationship-profile"
      ]
    }
  }
}