{
  "identifier": "fa04f9de-1635-4a02-b921-686013209347",
  "version": 1,
  "type": "http://dataspecer.com/resources/local/visual-model",
  "entities": [
    {
      "identifier": "fa04f9de-1635-4a02-b921-686013209347-model-metadata-entity",
      "type": [
        "entity-model-type"
      ],
      "label": {
        "en": "DCAT-AP HVD 3.0.0"
      }
    },
    {
      "model": "43b6e9cf-3cc6-45c7-976d-676a6a4f8029",
      "representedEntity": "y2xs49b0mzmmk5h854u",
      "position": {
        "x": 190,
        "y": 110,
        "anchored": null
      },
      "content": [
        "zuwshziqr6fmk5ien8n",
        "qm9uarj78hmk5j2hwv",
        "9asngk3hxesmk5irc76",
        "ng44dytsb8pmk5ig6s7"
      ],
      "visualModels": [],
      "type": [
        "visual-node"
      ],
      "identifier": "6rvn6"
    },
    {
      "model": "43b6e9cf-3cc6-45c7-976d-676a6a4f8029",
      "representedEntity": "8gnkebzfakjmk5h8pam",
      "position": {
        "x": -690,
        "y": -100,
        "anchored": null
      },
      "content": [],
      "visualModels": [],
      "type": [
        "visual-node"
      ],
      "identifier": "cmdgii"
    },
    {
      "model": "43b6e9cf-3cc6-45c7-976d-676a6a4f8029",
      "representedEntity": "h34shvshv5mmk5h903i",
      "position": {
        "x": -90,
        "y": -100,
        "anchored": null
      },
      "content": [],
      "visualModels": [],
      "type": [
        "visual-node"
      ],
      "identifier": "gx196"
    },
    {
      "model": "43b6e9cf-3cc6-45c7-976d-676a6a4f8029",
      "representedEntity": "usspuqbvpqmk5h95li",
      "position": {
        "x": 570,
        "y": -100,
        "anchored": null
      },
      "content": [],
      "visualModels": [],
      "type": [
        "visual-node"
      ],
      "identifier": "byu05"
    },
    {
      "model": "43b6e9cf-3cc6-45c7-976d-676a6a4f8029",
      "representedEntity": "1dyv8iemrm7mk5h9kmw",
      "position": {
        "x": -410,
        "y": 250,
        "anchored": null
      },
      "content": [
        "rr1m1djki4fmk5hqox0",
        "gcfulpb3cuamk5i4c5g",
        "uwh6sels88mk5hm9hi",
        "1ejkzjgk37lmk5i7jbx",
        "t9m4q1ivje8mk5hwdm1",
        "hzwcpt3qzphmk5i364z",
        "ren6zi71okmk5ibhrt"
      ],
      "visualModels": [],
      "type": [
        "visual-node"
      ],
      "identifier": "axwzs"
    },
    {
      "model": "43b6e9cf-3cc6-45c7-976d-676a6a4f8029",
      "representedEntity": "kowusel0o4mk5h9uhp",
      "position": {
        "x": 770,
        "y": 110,
        "anchored": null
      },
      "content": [
        "jazmx84hcpmk5j7ptf",
        "4frtgb2u4njmk5jb6k2"
      ],
      "visualModels": [],
      "type": [
        "visual-node"
      ],
      "identifier": "lerk3h"
    },
    {
      "model": "43b6e9cf-3cc6-45c7-976d-676a6a4f8029",
      "representedEntity": "uf284edqakmk5habhw",
      "position": {
        "x": 150,
        "y": 630,
        "anchored": null
      },
      "content": [
        "hfvsd4kbkajmk5jr32u",
        "8os5gu4s027mk5jrwrq",
        "pep2ag594pmk5jx1ca",
        "3803iyc2g4mk5jy4av"
      ],
      "visualModels": [],
      "type": [
        "visual-node"
      ],
      "identifier": "vux9a"
    },
    {
      "model": "43b6e9cf-3cc6-45c7-976d-676a6a4f8029",
      "representedEntity": "b2begcr1otmmk5haj75",
      "position": {
        "x": 1390,
        "y": 330,
        "anchored": null
      },
      "content": [
        "0zcbqb4ob0mmk5k1gyd",
        "3kq2i9o5zp9mk5k0wnk"
      ],
      "visualModels": [],
      "type": [
        "visual-node"
      ],
      "identifier": "md21ek"
    },
    {
      "model": "43b6e9cf-3cc6-45c7-976d-676a6a4f8029",
      "representedEntity": "phepl9mej0gmk5hay95",
      "position": {
        "x": -500,
        "y": 730,
        "anchored": null
      },
      "content": [],
      "visualModels": [],
      "type": [
        "visual-node"
      ],
      "identifier": "y62em"
    },
    {
      "model": "43b6e9cf-3cc6-45c7-976d-676a6a4f8029",
      "representedEntity": "p36m9qmf2zjmk5hbe44",
      "position": {
        "x": 1390,
        "y": 620,
        "anchored": null
      },
      "content": [],
      "visualModels": [],
      "type": [
        "visual-node"
      ],
      "identifier": "4z5ii"
    },
    {
      "model": "43b6e9cf-3cc6-45c7-976d-676a6a4f8029",
      "representedEntity": "i3o8fx368lqmk5hbx3v",
      "position": {
        "x": 1390,
        "y": 130,
        "anchored": null
      },
      "content": [],
      "visualModels": [],
      "type": [
        "visual-node"
      ],
      "identifier": "icjne"
    },
    {
      "model": "43b6e9cf-3cc6-45c7-976d-676a6a4f8029",
      "representedEntity": "z5ud9g3tyylmk5hc7y4",
      "position": {
        "x": 1390,
        "y": 30,
        "anchored": null
      },
      "content": [],
      "visualModels": [],
      "type": [
        "visual-node"
      ],
      "identifier": "1do3o"
    },
    {
      "model": "43b6e9cf-3cc6-45c7-976d-676a6a4f8029",
      "representedEntity": "eiefl3lxxx6mk5hco69",
      "position": {
        "x": 1390,
        "y": -90,
        "anchored": null
      },
      "content": [],
      "visualModels": [],
      "type": [
        "visual-node"
      ],
      "identifier": "y3063"
    },
    {
      "model": "43b6e9cf-3cc6-45c7-976d-676a6a4f8029",
      "representedEntity": "q4n3jzm7qbmk5hcyzq",
      "position": {
        "x": 1390,
        "y": 510,
        "anchored": null
      },
      "content": [],
      "visualModels": [],
      "type": [
        "visual-node"
      ],
      "identifier": "fk0xj"
    },
    {
      "model": "43b6e9cf-3cc6-45c7-976d-676a6a4f8029",
      "representedEntity": "hwixnj3g2wamk5hdbhf",
      "position": {
        "x": 1390,
        "y": 230,
        "anchored": null
      },
      "content": [],
      "visualModels": [],
      "type": [
        "visual-node"
      ],
      "identifier": "xw8yp"
    },
    {
      "model": "43b6e9cf-3cc6-45c7-976d-676a6a4f8029",
      "representedRelationship": "w3x58dzskhcmk5hgg3v",
      "waypoints": [
        {
          "x": -340,
          "y": 140,
          "anchored": null
        }
      ],
      "visualSource": "cmdgii",
      "visualTarget": "6rvn6",
      "type": [
        "visual-relationship"
      ],
      "identifier": "wwthoi"
    },
    {
      "model": "43b6e9cf-3cc6-45c7-976d-676a6a4f8029",
      "representedRelationship": "lyai1oxa6snmk5hh4kr",
      "waypoints": [
        {
          "x": -560,
          "y": 300,
          "anchored": null
        }
      ],
      "visualSource": "cmdgii",
      "visualTarget": "axwzs",
      "type": [
        "visual-relationship"
      ],
      "identifier": "3830m"
    },
    {
      "model": "43b6e9cf-3cc6-45c7-976d-676a6a4f8029",
      "representedRelationship": "oh6gjraohonmk5hhth3",
      "waypoints": [],
      "visualSource": "cmdgii",
      "visualTarget": "gx196",
      "type": [
        "visual-relationship"
      ],
      "identifier": "x91w8"
    },
    {
      "model": "43b6e9cf-3cc6-45c7-976d-676a6a4f8029",
      "representedRelationship": "wh2e6qqh7zmk5hjgzj",
      "waypoints": [],
      "visualSource": "gx196",
      "visualTarget": "byu05",
      "type": [
        "visual-relationship"
      ],
      "identifier": "xyjtlj"
    },
    {
      "model": "43b6e9cf-3cc6-45c7-976d-676a6a4f8029",
      "representedRelationship": "jxjzof9mm98mk5hk4w3",
      "waypoints": [
        {
          "x": 10,
          "y": 50,
          "anchored": null
        },
        {
          "x": 780,
          "y": 50,
          "anchored": null
        }
      ],
      "visualSource": "axwzs",
      "visualTarget": "byu05",
      "type": [
        "visual-relationship"
      ],
      "identifier": "mvx7g"
    },
    {
      "model": "43b6e9cf-3cc6-45c7-976d-676a6a4f8029",
      "representedRelationship": "k3oj2mm0cbqmk5hkeeb",
      "waypoints": [],
      "visualSource": "6rvn6",
      "visualTarget": "byu05",
      "type": [
        "visual-relationship"
      ],
      "identifier": "60s4z"
    },
    {
      "model": "43b6e9cf-3cc6-45c7-976d-676a6a4f8029",
      "representedRelationship": "9kn8zr1je1smk5i8ilx",
      "waypoints": [],
      "visualSource": "axwzs",
      "visualTarget": "y62em",
      "type": [
        "visual-relationship"
      ],
      "identifier": "0uag7"
    },
    {
      "model": "43b6e9cf-3cc6-45c7-976d-676a6a4f8029",
      "representedRelationship": "r3z6l5b8h1lmk5icifl",
      "waypoints": [],
      "visualSource": "axwzs",
      "visualTarget": "6rvn6",
      "type": [
        "visual-relationship"
      ],
      "identifier": "0wfo4"
    },
    {
      "model": "43b6e9cf-3cc6-45c7-976d-676a6a4f8029",
      "representedRelationship": "k79ur8g742emk5j1mgx",
      "waypoints": [],
      "visualSource": "6rvn6",
      "visualTarget": "vux9a",
      "type": [
        "visual-relationship"
      ],
      "identifier": "4p4q6"
    },
    {
      "model": "43b6e9cf-3cc6-45c7-976d-676a6a4f8029",
      "representedRelationship": "sv5wqmsou3cmk5j5k2h",
      "waypoints": [],
      "visualSource": "6rvn6",
      "visualTarget": "lerk3h",
      "type": [
        "visual-relationship"
      ],
      "identifier": "18zlq"
    },
    {
      "model": "43b6e9cf-3cc6-45c7-976d-676a6a4f8029",
      "representedRelationship": "wqx85ksy6tomk5jg1sm",
      "waypoints": [],
      "visualSource": "lerk3h",
      "visualTarget": "byu05",
      "type": [
        "visual-relationship"
      ],
      "identifier": "41ffq"
    },
    {
      "model": "43b6e9cf-3cc6-45c7-976d-676a6a4f8029",
      "representedRelationship": "yxlhtw7ke4mmk5jos4j",
      "waypoints": [
        {
          "x": -40,
          "y": 650,
          "anchored": null
        }
      ],
      "visualSource": "vux9a",
      "visualTarget": "axwzs",
      "type": [
        "visual-relationship"
      ],
      "identifier": "entgy"
    },
    {
      "model": "43b6e9cf-3cc6-45c7-976d-676a6a4f8029",
      "representedRelationship": "thn6x8himrmk5jsz07",
      "waypoints": [],
      "visualSource": "vux9a",
      "visualTarget": "y62em",
      "type": [
        "visual-relationship"
      ],
      "identifier": "u01hei"
    },
    {
      "type": [
        "http://dataspecer.com/resources/local/visual-model"
      ],
      "representedModel": "5f5fp",
      "color": "#d4f2d2",
      "identifier": "vnmxd"
    }
  ]
}