{
  "iri": "fa04f9de-1635-4a02-b921-686013209347",
  "types": [
    "http://dataspecer.com/resources/local/visual-model"
  ],
  "userMetadata": {
    "label": {
      "en": "View for DCAT-AP HVD 3.0.0"
    },
    "description": {
      "en": "View model for the profile"
    }
  },
  "metadata": {
    "creationDate": "2026-01-08T13:19:01.941Z",
    "modificationDate": "2026-01-09T08:52:03.127Z"
  },
  "_version": 1,
  "_exportVersion": 1,
  "_exportedAt": "2026-01-09T08:58:15.789Z",
  "_exportedBy": "http://localhost:3100"
}