{
  "identifier": "1e424155-8f41-443d-8a3b-e2d83d46f11c",
  "version": 1,
  "type": "http://dataspecer.com/resources/local/visual-model",
  "entities": [
    {
      "identifier": "1e424155-8f41-443d-8a3b-e2d83d46f11c-model-metadata-entity",
      "type": [
        "entity-model-type"
      ],
      "label": {
        "en": "View for DCAT-AP based on DCAT-DAP"
      }
    },
    {
      "type": [
        "http://dataspecer.com/resources/local/visual-model"
      ],
      "representedModel": "6c051c9e-4d0e-4c35-813b-690c6742aad1",
      "color": "#fc440f",
      "identifier": "ynd63"
    },
    {
      "model": "6c051c9e-4d0e-4c35-813b-690c6742aad1",
      "representedEntity": "zoim3eq4hl9m7n8tqa1",
      "position": {
        "x": 3040,
        "y": 2100
      },
      "content": [
        "4uuiblr69gm7ox85k5",
        "yd8z2vjksvdm7ozc63h",
        "0pi06h6zj7o9m7owxqlg",
        "2tng2rz1w7km7owx1zg"
      ],
      "visualModels": [],
      "type": [
        "visual-node"
      ],
      "identifier": "m9y4k"
    },
    {
      "model": "6c051c9e-4d0e-4c35-813b-690c6742aad1",
      "representedEntity": "wl0y2ix9vpgm7n8tuwx",
      "position": {
        "x": 3140,
        "y": 2930
      },
      "content": [
        "ux2zsi4xmpm7oxarqm",
        "fccyw3w32v9m7ozei74",
        "irkf4p0ebhm7oxa41x",
        "jn65i0hlv2m7ox9ehc"
      ],
      "visualModels": [],
      "type": [
        "visual-node"
      ],
      "identifier": "rmrxx"
    },
    {
      "model": "6c051c9e-4d0e-4c35-813b-690c6742aad1",
      "representedEntity": "yuzslylve9m7n8txgg",
      "position": {
        "x": 1860,
        "y": 1760
      },
      "content": [
        "iem27a9iycm7oxe023",
        "eza72qsbm7ozfa1r",
        "17om52kp9dnm7oxd4ys"
      ],
      "visualModels": [],
      "type": [
        "visual-node"
      ],
      "identifier": "j1cn8"
    },
    {
      "model": "6c051c9e-4d0e-4c35-813b-690c6742aad1",
      "representedEntity": "jtw259sgvfm7n8tzri",
      "position": {
        "x": 2420,
        "y": 1400
      },
      "content": [
        "jxtne7qi2kam7oy9f3i",
        "9a4qgp99vepm7ozfwq5",
        "i1519m8p6aim7oxi8j5",
        "0i72i7lewabm7oxgp3e",
        "1eja6qe7lklm7oxyym0",
        "zao6fn6l6ugm7oxnj1n",
        "wnr9aqo0dhem7oy6exc",
        "fon9z9gmhtm7oy4o6u",
        "vsi8rkvwixm7oyccp8",
        "ov7jtdwtkcqm7oyblbu"
      ],
      "visualModels": [],
      "type": [
        "visual-node"
      ],
      "identifier": "lzwab"
    },
    {
      "model": "6c051c9e-4d0e-4c35-813b-690c6742aad1",
      "representedEntity": "1sqn8btjk37m7n8u2ey",
      "position": {
        "x": 3100,
        "y": 1040
      },
      "content": [
        "0jge9kc03f0rm7ozldby",
        "7penjkfwwx5m7ozjpg2",
        "4oiekit2b0bm7ozi31c",
        "4jt31s9zdmcm7ozgjrv"
      ],
      "visualModels": [],
      "type": [
        "visual-node"
      ],
      "identifier": "o91wr"
    },
    {
      "model": "6c051c9e-4d0e-4c35-813b-690c6742aad1",
      "representedEntity": "f9yy8onwfdm7n8u4bg",
      "position": {
        "x": 1840,
        "y": 2220
      },
      "content": [
        "5wdgfoiv08jm7p5g1r2",
        "e9b8a31phw6m7p535w5",
        "t8xs6owg7lm7p5fjgq",
        "wago2l375bnm7p5f5ry",
        "al1my8wv7ram7p5eivu",
        "zdrzk1h9ukm7p5dqp4",
        "3hfzx46zh9lm7p5040u"
      ],
      "visualModels": [],
      "type": [
        "visual-node"
      ],
      "identifier": "kxr31"
    },
    {
      "model": "6c051c9e-4d0e-4c35-813b-690c6742aad1",
      "representedEntity": "sivowdaxmzam7n8u6cd",
      "position": {
        "x": 1810,
        "y": 740
      },
      "content": [],
      "visualModels": [],
      "type": [
        "visual-node"
      ],
      "identifier": "7icge"
    },
    {
      "model": "6c051c9e-4d0e-4c35-813b-690c6742aad1",
      "representedEntity": "20fkvav281ym7n8u85l",
      "position": {
        "x": 3530,
        "y": 3720
      },
      "content": [],
      "visualModels": [],
      "type": [
        "visual-node"
      ],
      "identifier": "bhwdci"
    },
    {
      "model": "6c051c9e-4d0e-4c35-813b-690c6742aad1",
      "representedEntity": "689v4rfhb0cm7n8u9qi",
      "position": {
        "x": 1310,
        "y": 50
      },
      "content": [],
      "visualModels": [],
      "type": [
        "visual-node"
      ],
      "identifier": "m7rva"
    },
    {
      "model": "6c051c9e-4d0e-4c35-813b-690c6742aad1",
      "representedEntity": "1scx2ocw9sam7nas754",
      "position": {
        "x": 3030,
        "y": 1760
      },
      "content": [
        "da9q6d0mdhbm7nb9lid"
      ],
      "visualModels": [],
      "type": [
        "visual-node"
      ],
      "identifier": "9volg"
    },
    {
      "model": "6c051c9e-4d0e-4c35-813b-690c6742aad1",
      "representedEntity": "imwr9pmvl9fm7nbbcc2",
      "position": {
        "x": 2590,
        "y": 2310
      },
      "content": [
        "8wbl92v1m1gm7nbd5gw"
      ],
      "visualModels": [],
      "type": [
        "visual-node"
      ],
      "identifier": "dj6u2i"
    },
    {
      "model": "6c051c9e-4d0e-4c35-813b-690c6742aad1",
      "representedRelationship": "r1fd5svhjzm7nbecel",
      "waypoints": [],
      "visualSource": "9volg",
      "visualTarget": "dj6u2i",
      "type": [
        "visual-relationship"
      ],
      "identifier": "0lur2"
    },
    {
      "type": [
        "http://dataspecer.com/resources/local/visual-model"
      ],
      "representedModel": "cejud",
      "color": "#1effbc",
      "identifier": "ua3k4"
    },
    {
      "type": [
        "http://dataspecer.com/resources/local/visual-model"
      ],
      "representedModel": "okfhw",
      "color": "#e63462",
      "identifier": "vxihsi"
    },
    {
      "model": "6c051c9e-4d0e-4c35-813b-690c6742aad1",
      "representedEntity": "t6zsav79kwm7nclbbz",
      "position": {
        "x": 2610,
        "y": 1900
      },
      "content": [],
      "visualModels": [],
      "type": [
        "visual-node"
      ],
      "identifier": "3nz52"
    },
    {
      "model": "6c051c9e-4d0e-4c35-813b-690c6742aad1",
      "representedRelationship": "997421r1axm7ncjtgo",
      "waypoints": [],
      "visualSource": "m9y4k",
      "visualTarget": "3nz52",
      "type": [
        "visual-relationship"
      ],
      "identifier": "u9epu"
    },
    {
      "model": "6c051c9e-4d0e-4c35-813b-690c6742aad1",
      "representedRelationship": "fn0cblazvifm7nco87z",
      "waypoints": [],
      "visualSource": "m9y4k",
      "visualTarget": "m9y4k",
      "type": [
        "visual-relationship"
      ],
      "identifier": "3s5nnf"
    },
    {
      "model": "6c051c9e-4d0e-4c35-813b-690c6742aad1",
      "representedRelationship": "u9w0gdprf1m7ncrm0t",
      "waypoints": [],
      "visualSource": "m9y4k",
      "visualTarget": "9volg",
      "type": [
        "visual-relationship"
      ],
      "identifier": "703trg"
    },
    {
      "model": "6c051c9e-4d0e-4c35-813b-690c6742aad1",
      "representedRelationship": "f9urusuuzjm7ncsoo0",
      "waypoints": [],
      "visualSource": "m9y4k",
      "visualTarget": "lzwab",
      "type": [
        "visual-relationship"
      ],
      "identifier": "mcgoy"
    },
    {
      "model": "6c051c9e-4d0e-4c35-813b-690c6742aad1",
      "representedEntity": "ketrrzwrqtqm7olj9yn",
      "position": {
        "x": 3410,
        "y": 1420
      },
      "content": [
        "ku541nw1atlm7oznbjx",
        "4r9wkr9nj97m7ozmz2c"
      ],
      "visualModels": [],
      "type": [
        "visual-node"
      ],
      "identifier": "ckbgt"
    },
    {
      "model": "6c051c9e-4d0e-4c35-813b-690c6742aad1",
      "representedRelationship": "tnec9us08xcm7olkv69",
      "waypoints": [],
      "visualSource": "m9y4k",
      "visualTarget": "ckbgt",
      "type": [
        "visual-relationship"
      ],
      "identifier": "kabx9"
    },
    {
      "model": "6c051c9e-4d0e-4c35-813b-690c6742aad1",
      "representedRelationship": "0z5thq05e5qm7omybj1",
      "waypoints": [],
      "visualSource": "m9y4k",
      "visualTarget": "m9y4k",
      "type": [
        "visual-relationship"
      ],
      "identifier": "gxt8y"
    },
    {
      "model": "6c051c9e-4d0e-4c35-813b-690c6742aad1",
      "representedEntity": "2vn60ngg1wdm7omzm7v",
      "position": {
        "x": 2140,
        "y": 1140
      },
      "content": [],
      "visualModels": [],
      "type": [
        "visual-node"
      ],
      "identifier": "qopua"
    },
    {
      "model": "6c051c9e-4d0e-4c35-813b-690c6742aad1",
      "representedRelationship": "pg1ygd2tf4nm7on10ur",
      "waypoints": [],
      "visualSource": "m9y4k",
      "visualTarget": "qopua",
      "type": [
        "visual-relationship"
      ],
      "identifier": "msbfz"
    },
    {
      "model": "6c051c9e-4d0e-4c35-813b-690c6742aad1",
      "representedEntity": "3829f9ajj9lm7on2ker",
      "position": {
        "x": 2650,
        "y": 2470
      },
      "content": [],
      "visualModels": [],
      "type": [
        "visual-node"
      ],
      "identifier": "koiqb"
    },
    {
      "model": "6c051c9e-4d0e-4c35-813b-690c6742aad1",
      "representedRelationship": "8ailzvtajwm7on3uqo",
      "waypoints": [],
      "visualSource": "m9y4k",
      "visualTarget": "koiqb",
      "type": [
        "visual-relationship"
      ],
      "identifier": "404ky"
    },
    {
      "model": "6c051c9e-4d0e-4c35-813b-690c6742aad1",
      "representedEntity": "guif2je1xcbm7on4kfg",
      "position": {
        "x": 2490,
        "y": 2900
      },
      "content": [],
      "visualModels": [],
      "type": [
        "visual-node"
      ],
      "identifier": "va05y"
    },
    {
      "model": "6c051c9e-4d0e-4c35-813b-690c6742aad1",
      "representedRelationship": "7rjmygcs8nbm7on5qtx",
      "waypoints": [],
      "visualSource": "va05y",
      "visualTarget": "dj6u2i",
      "type": [
        "visual-relationship"
      ],
      "identifier": "8besr"
    },
    {
      "model": "6c051c9e-4d0e-4c35-813b-690c6742aad1",
      "representedRelationship": "0xtlfkvp8wgm7on6vcy",
      "waypoints": [],
      "visualSource": "m9y4k",
      "visualTarget": "va05y",
      "type": [
        "visual-relationship"
      ],
      "identifier": "8datq"
    },
    {
      "model": "6c051c9e-4d0e-4c35-813b-690c6742aad1",
      "representedRelationship": "t5pqkij572pm7ornhcg",
      "waypoints": [],
      "visualSource": "m9y4k",
      "visualTarget": "9volg",
      "type": [
        "visual-relationship"
      ],
      "identifier": "kzm4"
    },
    {
      "model": "6c051c9e-4d0e-4c35-813b-690c6742aad1",
      "representedRelationship": "4242zkz5bw8m7orpoov",
      "waypoints": [],
      "visualSource": "m9y4k",
      "visualTarget": "rmrxx",
      "type": [
        "visual-relationship"
      ],
      "identifier": "fvo2j"
    },
    {
      "model": "6c051c9e-4d0e-4c35-813b-690c6742aad1",
      "representedEntity": "pznyaxqjxgm7orstqe",
      "position": {
        "x": 1130,
        "y": 1800
      },
      "content": [],
      "visualModels": [],
      "type": [
        "visual-node"
      ],
      "identifier": "ygxz1j"
    },
    {
      "model": "6c051c9e-4d0e-4c35-813b-690c6742aad1",
      "representedEntity": "fimhj1o2snum7ortn7h",
      "position": {
        "x": 2310,
        "y": 2490,
        "anchored": null
      },
      "content": [],
      "visualModels": [],
      "type": [
        "visual-node"
      ],
      "identifier": "53ti3"
    },
    {
      "model": "6c051c9e-4d0e-4c35-813b-690c6742aad1",
      "representedEntity": "emher4zqarkm7orvn3e",
      "position": {
        "x": 1690,
        "y": 1550,
        "anchored": null
      },
      "content": [],
      "visualModels": [],
      "type": [
        "visual-node"
      ],
      "identifier": "a04uy"
    },
    {
      "model": "6c051c9e-4d0e-4c35-813b-690c6742aad1",
      "representedEntity": "vgohhcizwom7orw6m9",
      "position": {
        "x": 2550,
        "y": 580
      },
      "content": [],
      "visualModels": [],
      "type": [
        "visual-node"
      ],
      "identifier": "u0def"
    },
    {
      "model": "6c051c9e-4d0e-4c35-813b-690c6742aad1",
      "representedEntity": "f7l33xvehh8m7orx08y",
      "position": {
        "x": 1160,
        "y": 2760,
        "anchored": null
      },
      "content": [],
      "visualModels": [],
      "type": [
        "visual-node"
      ],
      "identifier": "7yd2k"
    },
    {
      "model": "6c051c9e-4d0e-4c35-813b-690c6742aad1",
      "representedEntity": "2xuxg7xnkcem7orxmst",
      "position": {
        "x": 3420,
        "y": 1560
      },
      "content": [
        "ejr0snn1x7hm7p4u3va",
        "8yrlre1l6jqm7p4ts0u"
      ],
      "visualModels": [],
      "type": [
        "visual-node"
      ],
      "identifier": "s6bcj"
    },
    {
      "model": "6c051c9e-4d0e-4c35-813b-690c6742aad1",
      "representedEntity": "p71bzxt2b0bm7orxw7l",
      "position": {
        "x": 1840,
        "y": 2970,
        "anchored": null
      },
      "content": [],
      "visualModels": [],
      "type": [
        "visual-node"
      ],
      "identifier": "6qqr2"
    },
    {
      "model": "6c051c9e-4d0e-4c35-813b-690c6742aad1",
      "representedEntity": "vjha1qvcn7fm7ory0nt",
      "position": {
        "x": 1460,
        "y": 3140,
        "anchored": null
      },
      "content": [],
      "visualModels": [],
      "type": [
        "visual-node"
      ],
      "identifier": "2bpvth"
    },
    {
      "model": "6c051c9e-4d0e-4c35-813b-690c6742aad1",
      "representedEntity": "5963bptswi6m7os0jy8",
      "position": {
        "x": 1450,
        "y": 1300
      },
      "content": [
        "l2e5vma5bsqm7p4p8pr"
      ],
      "visualModels": [],
      "type": [
        "visual-node"
      ],
      "identifier": "sxibkh"
    },
    {
      "model": "6c051c9e-4d0e-4c35-813b-690c6742aad1",
      "representedEntity": "yg23i5w1kpm7os15uz",
      "position": {
        "x": 4300,
        "y": 1370,
        "anchored": null
      },
      "content": [],
      "visualModels": [],
      "type": [
        "visual-node"
      ],
      "identifier": "76aew"
    },
    {
      "model": "6c051c9e-4d0e-4c35-813b-690c6742aad1",
      "representedEntity": "q0dq7yfmi4mm7os1kdh",
      "position": {
        "x": 2900,
        "y": 660
      },
      "content": [],
      "visualModels": [],
      "type": [
        "visual-node"
      ],
      "identifier": "rl0uj"
    },
    {
      "model": "6c051c9e-4d0e-4c35-813b-690c6742aad1",
      "representedEntity": "nkarilkbb6hm7os2ho2",
      "position": {
        "x": 3950,
        "y": 2490,
        "anchored": null
      },
      "content": [
        "stcmw5rg8um7p4nu64"
      ],
      "visualModels": [],
      "type": [
        "visual-node"
      ],
      "identifier": "zgpdt"
    },
    {
      "model": "6c051c9e-4d0e-4c35-813b-690c6742aad1",
      "representedEntity": "9ki8bu3jdgum7os2so4",
      "position": {
        "x": 50,
        "y": 2380,
        "anchored": null
      },
      "content": [],
      "visualModels": [],
      "type": [
        "visual-node"
      ],
      "identifier": "wk8vjg"
    },
    {
      "model": "6c051c9e-4d0e-4c35-813b-690c6742aad1",
      "representedEntity": "oankc5extzom7os3gwk",
      "position": {
        "x": 2270,
        "y": 590,
        "anchored": null
      },
      "content": [],
      "visualModels": [],
      "type": [
        "visual-node"
      ],
      "identifier": "q496fl"
    },
    {
      "model": "6c051c9e-4d0e-4c35-813b-690c6742aad1",
      "representedEntity": "8rc4x85sq58m7os4w3g",
      "position": {
        "x": 2730,
        "y": 1220
      },
      "content": [],
      "visualModels": [],
      "type": [
        "visual-node"
      ],
      "identifier": "lavi4"
    },
    {
      "model": "6c051c9e-4d0e-4c35-813b-690c6742aad1",
      "representedEntity": "x8mw127qhxkm7os5q58",
      "position": {
        "x": 900,
        "y": 2270,
        "anchored": null
      },
      "content": [
        "qfuwxp3qo7m7oxc8s0"
      ],
      "visualModels": [],
      "type": [
        "visual-node"
      ],
      "identifier": "zx2it"
    },
    {
      "model": "6c051c9e-4d0e-4c35-813b-690c6742aad1",
      "representedRelationship": "f9d7aodvqklm7os836f",
      "waypoints": [],
      "visualSource": "m9y4k",
      "visualTarget": "j1cn8",
      "type": [
        "visual-relationship"
      ],
      "identifier": "yg14d"
    },
    {
      "model": "6c051c9e-4d0e-4c35-813b-690c6742aad1",
      "representedRelationship": "pw0se0lu1iem7os96tp",
      "waypoints": [],
      "visualSource": "m9y4k",
      "visualTarget": "s6bcj",
      "type": [
        "visual-relationship"
      ],
      "identifier": "f5735"
    },
    {
      "model": "6c051c9e-4d0e-4c35-813b-690c6742aad1",
      "representedRelationship": "31f1qa2zrlqm7osadex",
      "waypoints": [],
      "visualSource": "m9y4k",
      "visualTarget": "zgpdt",
      "type": [
        "visual-relationship"
      ],
      "identifier": "g3jmdh"
    },
    {
      "model": "6c051c9e-4d0e-4c35-813b-690c6742aad1",
      "representedRelationship": "9monf4q4bm7osdff1",
      "waypoints": [],
      "visualSource": "rmrxx",
      "visualTarget": "53ti3",
      "type": [
        "visual-relationship"
      ],
      "identifier": "ivd67"
    },
    {
      "model": "6c051c9e-4d0e-4c35-813b-690c6742aad1",
      "representedRelationship": "lzqrahpd9fim7oseet7",
      "waypoints": [],
      "visualSource": "rmrxx",
      "visualTarget": "dj6u2i",
      "type": [
        "visual-relationship"
      ],
      "identifier": "5rnxx"
    },
    {
      "model": "6c051c9e-4d0e-4c35-813b-690c6742aad1",
      "representedRelationship": "er4dv45l865m7osvhlu",
      "waypoints": [],
      "visualSource": "rmrxx",
      "visualTarget": "koiqb",
      "type": [
        "visual-relationship"
      ],
      "identifier": "xp1nh"
    },
    {
      "model": "6c051c9e-4d0e-4c35-813b-690c6742aad1",
      "representedRelationship": "mx9dm4hpvfm7osx5mo",
      "waypoints": [],
      "visualSource": "rmrxx",
      "visualTarget": "bhwdci",
      "type": [
        "visual-relationship"
      ],
      "identifier": "xwt83"
    },
    {
      "model": "6c051c9e-4d0e-4c35-813b-690c6742aad1",
      "representedRelationship": "ud4bwz7fhqm7osyu06",
      "waypoints": [],
      "visualSource": "rmrxx",
      "visualTarget": "rmrxx",
      "type": [
        "visual-relationship"
      ],
      "identifier": "i043ck"
    },
    {
      "model": "6c051c9e-4d0e-4c35-813b-690c6742aad1",
      "representedRelationship": "egxnnhqhv5hm7ot0p1b",
      "waypoints": [],
      "visualSource": "zx2it",
      "visualTarget": "wk8vjg",
      "type": [
        "visual-relationship"
      ],
      "identifier": "l40le"
    },
    {
      "model": "6c051c9e-4d0e-4c35-813b-690c6742aad1",
      "representedRelationship": "ds4ejxplwt9m7ot58k9",
      "waypoints": [],
      "visualSource": "j1cn8",
      "visualTarget": "ygxz1j",
      "type": [
        "visual-relationship"
      ],
      "identifier": "etgly"
    },
    {
      "model": "6c051c9e-4d0e-4c35-813b-690c6742aad1",
      "representedRelationship": "t5wb7smh0jgm7ot6i9u",
      "waypoints": [],
      "visualSource": "j1cn8",
      "visualTarget": "3nz52",
      "type": [
        "visual-relationship"
      ],
      "identifier": "gn5jq"
    },
    {
      "model": "6c051c9e-4d0e-4c35-813b-690c6742aad1",
      "representedRelationship": "mbu3y4agso9m7othj37",
      "waypoints": [],
      "visualSource": "j1cn8",
      "visualTarget": "53ti3",
      "type": [
        "visual-relationship"
      ],
      "identifier": "m8mj3"
    },
    {
      "model": "6c051c9e-4d0e-4c35-813b-690c6742aad1",
      "representedRelationship": "ulngxuqgguqm7otk946",
      "waypoints": [],
      "visualSource": "j1cn8",
      "visualTarget": "lavi4",
      "type": [
        "visual-relationship"
      ],
      "identifier": "ss1n5"
    },
    {
      "model": "6c051c9e-4d0e-4c35-813b-690c6742aad1",
      "representedRelationship": "s87xp1lrbom7otlhro",
      "waypoints": [],
      "visualSource": "j1cn8",
      "visualTarget": "qopua",
      "type": [
        "visual-relationship"
      ],
      "identifier": "m4xj6"
    },
    {
      "model": "6c051c9e-4d0e-4c35-813b-690c6742aad1",
      "representedRelationship": "0llrr9j76ebm7otmqf0",
      "waypoints": [],
      "visualSource": "j1cn8",
      "visualTarget": "a04uy",
      "type": [
        "visual-relationship"
      ],
      "identifier": "k9ukw"
    },
    {
      "model": "6c051c9e-4d0e-4c35-813b-690c6742aad1",
      "representedRelationship": "7aepzgquoehm7otnflt",
      "waypoints": [],
      "visualSource": "j1cn8",
      "visualTarget": "a04uy",
      "type": [
        "visual-relationship"
      ],
      "identifier": "v388i"
    },
    {
      "model": "6c051c9e-4d0e-4c35-813b-690c6742aad1",
      "representedRelationship": "znd4as3dwaam7otoi5k",
      "waypoints": [],
      "visualSource": "j1cn8",
      "visualTarget": "6qqr2",
      "type": [
        "visual-relationship"
      ],
      "identifier": "g710b"
    },
    {
      "model": "6c051c9e-4d0e-4c35-813b-690c6742aad1",
      "representedRelationship": "ujbkbo3vbum7otpnbv",
      "waypoints": [],
      "visualSource": "j1cn8",
      "visualTarget": "qopua",
      "type": [
        "visual-relationship"
      ],
      "identifier": "jj5ky"
    },
    {
      "model": "6c051c9e-4d0e-4c35-813b-690c6742aad1",
      "representedRelationship": "ddn9qy7sifwm7otqndc",
      "waypoints": [],
      "visualSource": "j1cn8",
      "visualTarget": "va05y",
      "type": [
        "visual-relationship"
      ],
      "identifier": "qnkrv"
    },
    {
      "model": "6c051c9e-4d0e-4c35-813b-690c6742aad1",
      "representedRelationship": "kwmxcvzimehm7otrjba",
      "waypoints": [],
      "visualSource": "j1cn8",
      "visualTarget": "9volg",
      "type": [
        "visual-relationship"
      ],
      "identifier": "he99f"
    },
    {
      "model": "6c051c9e-4d0e-4c35-813b-690c6742aad1",
      "representedRelationship": "nxm2qgo9f7jm7ott25x",
      "waypoints": [],
      "visualSource": "j1cn8",
      "visualTarget": "lzwab",
      "type": [
        "visual-relationship"
      ],
      "identifier": "0hunrk"
    },
    {
      "model": "6c051c9e-4d0e-4c35-813b-690c6742aad1",
      "representedRelationship": "c9mn4o3unhm7ottwev",
      "waypoints": [],
      "visualSource": "j1cn8",
      "visualTarget": "dj6u2i",
      "type": [
        "visual-relationship"
      ],
      "identifier": "k2nlyl"
    },
    {
      "model": "6c051c9e-4d0e-4c35-813b-690c6742aad1",
      "representedRelationship": "betoqxc7k3nm7otyjw2",
      "waypoints": [],
      "visualSource": "lzwab",
      "visualTarget": "ygxz1j",
      "type": [
        "visual-relationship"
      ],
      "identifier": "33itp"
    },
    {
      "model": "6c051c9e-4d0e-4c35-813b-690c6742aad1",
      "representedRelationship": "e2cqskzxv75m7otz64x",
      "waypoints": [],
      "visualSource": "lzwab",
      "visualTarget": "3nz52",
      "type": [
        "visual-relationship"
      ],
      "identifier": "w7dnyk"
    },
    {
      "model": "6c051c9e-4d0e-4c35-813b-690c6742aad1",
      "representedRelationship": "hvkxqsgdym5m7ousepf",
      "waypoints": [],
      "visualSource": "lzwab",
      "visualTarget": "53ti3",
      "type": [
        "visual-relationship"
      ],
      "identifier": "0i2nk"
    },
    {
      "model": "6c051c9e-4d0e-4c35-813b-690c6742aad1",
      "representedRelationship": "u6hs84ef8wem7out1xw",
      "waypoints": [],
      "visualSource": "lzwab",
      "visualTarget": "lavi4",
      "type": [
        "visual-relationship"
      ],
      "identifier": "7wi8t"
    },
    {
      "model": "6c051c9e-4d0e-4c35-813b-690c6742aad1",
      "representedRelationship": "5qqrpxw2huhm7outtcu",
      "waypoints": [],
      "visualSource": "lzwab",
      "visualTarget": "9volg",
      "type": [
        "visual-relationship"
      ],
      "identifier": "20ouz"
    },
    {
      "model": "6c051c9e-4d0e-4c35-813b-690c6742aad1",
      "representedRelationship": "3rjpmrfgaojm7ouurh6",
      "waypoints": [],
      "visualSource": "lzwab",
      "visualTarget": "kxr31",
      "type": [
        "visual-relationship"
      ],
      "identifier": "cdqtyi"
    },
    {
      "model": "6c051c9e-4d0e-4c35-813b-690c6742aad1",
      "representedRelationship": "zmgffe6qh4m7ovtn3j",
      "waypoints": [],
      "visualSource": "lzwab",
      "visualTarget": "o91wr",
      "type": [
        "visual-relationship"
      ],
      "identifier": "d8k87k"
    },
    {
      "model": "6c051c9e-4d0e-4c35-813b-690c6742aad1",
      "representedRelationship": "80b1km0akbkm7oxjg4m",
      "waypoints": [],
      "visualSource": "lzwab",
      "visualTarget": "qopua",
      "type": [
        "visual-relationship"
      ],
      "identifier": "sr8kc"
    },
    {
      "model": "6c051c9e-4d0e-4c35-813b-690c6742aad1",
      "representedRelationship": "5hzmeggh6zmm7oxk7no",
      "waypoints": [],
      "visualSource": "lzwab",
      "visualTarget": "koiqb",
      "type": [
        "visual-relationship"
      ],
      "identifier": "hbm5a"
    },
    {
      "model": "6c051c9e-4d0e-4c35-813b-690c6742aad1",
      "representedRelationship": "klaoz03kq4gm7oxor7e",
      "waypoints": [],
      "visualSource": "lzwab",
      "visualTarget": "sxibkh",
      "type": [
        "visual-relationship"
      ],
      "identifier": "3ilcr"
    },
    {
      "model": "6c051c9e-4d0e-4c35-813b-690c6742aad1",
      "representedRelationship": "humpwrutmv4m7oxq20l",
      "waypoints": [],
      "visualSource": "lzwab",
      "visualTarget": "u0def",
      "type": [
        "visual-relationship"
      ],
      "identifier": "6geo1l"
    },
    {
      "model": "6c051c9e-4d0e-4c35-813b-690c6742aad1",
      "representedRelationship": "oeruljxrsym7oxqmpe",
      "waypoints": [],
      "visualSource": "lzwab",
      "visualTarget": "9volg",
      "type": [
        "visual-relationship"
      ],
      "identifier": "b2ffc"
    },
    {
      "model": "6c051c9e-4d0e-4c35-813b-690c6742aad1",
      "representedRelationship": "6fuz2kmnf07m7oxsp4i",
      "waypoints": [],
      "visualSource": "lzwab",
      "visualTarget": "q496fl",
      "type": [
        "visual-relationship"
      ],
      "identifier": "713nu"
    },
    {
      "model": "6c051c9e-4d0e-4c35-813b-690c6742aad1",
      "representedRelationship": "r0lzk2hhiem7oxvapq",
      "waypoints": [],
      "visualSource": "lzwab",
      "visualTarget": "7icge",
      "type": [
        "visual-relationship"
      ],
      "identifier": "np21e"
    },
    {
      "model": "6c051c9e-4d0e-4c35-813b-690c6742aad1",
      "representedRelationship": "y5nwrmbzwtsm7oxw12l",
      "waypoints": [],
      "visualSource": "lzwab",
      "visualTarget": "a04uy",
      "type": [
        "visual-relationship"
      ],
      "identifier": "gwonc"
    },
    {
      "model": "6c051c9e-4d0e-4c35-813b-690c6742aad1",
      "representedRelationship": "qoqbapxycuem7oxzujc",
      "waypoints": [],
      "visualSource": "lzwab",
      "visualTarget": "kxr31",
      "type": [
        "visual-relationship"
      ],
      "identifier": "azm9tl"
    },
    {
      "model": "6c051c9e-4d0e-4c35-813b-690c6742aad1",
      "representedRelationship": "7ile16tzbafm7oy0j95",
      "waypoints": [],
      "visualSource": "lzwab",
      "visualTarget": "lzwab",
      "type": [
        "visual-relationship"
      ],
      "identifier": "1qnqz"
    },
    {
      "model": "6c051c9e-4d0e-4c35-813b-690c6742aad1",
      "representedRelationship": "jojktv3p5idm7oy5jqb",
      "waypoints": [],
      "visualSource": "lzwab",
      "visualTarget": "s6bcj",
      "type": [
        "visual-relationship"
      ],
      "identifier": "fr8cm"
    },
    {
      "model": "6c051c9e-4d0e-4c35-813b-690c6742aad1",
      "representedRelationship": "fc1697766hqm7oy8p0m",
      "waypoints": [],
      "visualSource": "lzwab",
      "visualTarget": "dj6u2i",
      "type": [
        "visual-relationship"
      ],
      "identifier": "957mi"
    },
    {
      "model": "6c051c9e-4d0e-4c35-813b-690c6742aad1",
      "representedRelationship": "pw97ei4fmcm7oyarzq",
      "waypoints": [],
      "visualSource": "lzwab",
      "visualTarget": "dj6u2i",
      "type": [
        "visual-relationship"
      ],
      "identifier": "qytpt"
    },
    {
      "model": "6c051c9e-4d0e-4c35-813b-690c6742aad1",
      "representedEntity": "ueda1xqkg5om7os3vzh",
      "position": {
        "x": 1700,
        "y": 970
      },
      "content": [],
      "visualModels": [],
      "type": [
        "visual-node"
      ],
      "identifier": "s4pe9"
    },
    {
      "model": "6c051c9e-4d0e-4c35-813b-690c6742aad1",
      "representedRelationship": "x70pjp30auom7oytmn5",
      "waypoints": [],
      "visualSource": "o91wr",
      "visualTarget": "3nz52",
      "type": [
        "visual-relationship"
      ],
      "identifier": "ptf4a"
    },
    {
      "model": "6c051c9e-4d0e-4c35-813b-690c6742aad1",
      "representedRelationship": "f09yoxk3ih5m7oyuelc",
      "waypoints": [],
      "visualSource": "o91wr",
      "visualTarget": "lavi4",
      "type": [
        "visual-relationship"
      ],
      "identifier": "mb4c2"
    },
    {
      "model": "6c051c9e-4d0e-4c35-813b-690c6742aad1",
      "representedRelationship": "lfi086hvzrm7oyw3d1",
      "waypoints": [],
      "visualSource": "lzwab",
      "visualTarget": "rl0uj",
      "type": [
        "visual-relationship"
      ],
      "identifier": "0830k"
    },
    {
      "model": "6c051c9e-4d0e-4c35-813b-690c6742aad1",
      "representedRelationship": "vx7a138mezm7oywmp1",
      "waypoints": [],
      "visualSource": "o91wr",
      "visualTarget": "rl0uj",
      "type": [
        "visual-relationship"
      ],
      "identifier": "k5xyth"
    },
    {
      "model": "6c051c9e-4d0e-4c35-813b-690c6742aad1",
      "representedRelationship": "y5zds80a2pmm7oyy6hs",
      "waypoints": [],
      "visualSource": "lzwab",
      "visualTarget": "ckbgt",
      "type": [
        "visual-relationship"
      ],
      "identifier": "phvn2"
    },
    {
      "model": "6c051c9e-4d0e-4c35-813b-690c6742aad1",
      "representedRelationship": "b06lxolntxm7oyyvt9",
      "waypoints": [],
      "visualSource": "o91wr",
      "visualTarget": "ckbgt",
      "type": [
        "visual-relationship"
      ],
      "identifier": "j2ss7f"
    },
    {
      "model": "6c051c9e-4d0e-4c35-813b-690c6742aad1",
      "representedRelationship": "y47yiklymom7ozivy6",
      "waypoints": [],
      "visualSource": "o91wr",
      "visualTarget": "9volg",
      "type": [
        "visual-relationship"
      ],
      "identifier": "g15m9"
    },
    {
      "model": "6c051c9e-4d0e-4c35-813b-690c6742aad1",
      "representedRelationship": "3tzoh10yemdm7ozksmk",
      "waypoints": [],
      "visualSource": "o91wr",
      "visualTarget": "s6bcj",
      "type": [
        "visual-relationship"
      ],
      "identifier": "lsqct"
    },
    {
      "model": "6c051c9e-4d0e-4c35-813b-690c6742aad1",
      "representedRelationship": "8xa9c85xbh4m7ozo9ux",
      "waypoints": [],
      "visualSource": "ckbgt",
      "visualTarget": "76aew",
      "type": [
        "visual-relationship"
      ],
      "identifier": "q1x6l"
    },
    {
      "model": "6c051c9e-4d0e-4c35-813b-690c6742aad1",
      "representedRelationship": "lxwmynv1q3m7p10s8s",
      "waypoints": [],
      "visualSource": "lzwab",
      "visualTarget": "s4pe9",
      "type": [
        "visual-relationship"
      ],
      "identifier": "dttct"
    },
    {
      "model": "6c051c9e-4d0e-4c35-813b-690c6742aad1",
      "representedRelationship": "b00z4t20woam7p4kme8",
      "waypoints": [],
      "visualSource": "7icge",
      "visualTarget": "m7rva",
      "type": [
        "visual-relationship"
      ],
      "identifier": "qm48i"
    },
    {
      "model": "6c051c9e-4d0e-4c35-813b-690c6742aad1",
      "representedRelationship": "tt5ptyeh7dm7p4lbc2",
      "waypoints": [],
      "visualSource": "7icge",
      "visualTarget": "a04uy",
      "type": [
        "visual-relationship"
      ],
      "identifier": "m0l4c"
    },
    {
      "model": "6c051c9e-4d0e-4c35-813b-690c6742aad1",
      "representedEntity": "dfif61p5qfam7p4rcti",
      "position": {
        "x": 4120,
        "y": 870,
        "anchored": null
      },
      "content": [],
      "visualModels": [],
      "type": [
        "visual-node"
      ],
      "identifier": "99871j"
    },
    {
      "model": "6c051c9e-4d0e-4c35-813b-690c6742aad1",
      "representedRelationship": "03uajt7nhj94m7p4s95i",
      "waypoints": [],
      "visualSource": "s6bcj",
      "visualTarget": "99871j",
      "type": [
        "visual-relationship"
      ],
      "identifier": "opnjfi"
    },
    {
      "model": "6c051c9e-4d0e-4c35-813b-690c6742aad1",
      "representedRelationship": "n8ohqw59anim7p4siev",
      "waypoints": [],
      "visualSource": "s6bcj",
      "visualTarget": "99871j",
      "type": [
        "visual-relationship"
      ],
      "identifier": "e6s0x"
    },
    {
      "model": "6c051c9e-4d0e-4c35-813b-690c6742aad1",
      "representedRelationship": "um5axvbeopcm7p4xhkc",
      "waypoints": [],
      "visualSource": "kxr31",
      "visualTarget": "j1cn8",
      "type": [
        "visual-relationship"
      ],
      "identifier": "x1k3d"
    },
    {
      "model": "6c051c9e-4d0e-4c35-813b-690c6742aad1",
      "representedRelationship": "gaya7u5zg38m7p4y7yj",
      "waypoints": [],
      "visualSource": "kxr31",
      "visualTarget": "a04uy",
      "type": [
        "visual-relationship"
      ],
      "identifier": "0c9weg"
    },
    {
      "model": "6c051c9e-4d0e-4c35-813b-690c6742aad1",
      "representedRelationship": "3zob9vbptz4m7p4yrwi",
      "waypoints": [],
      "visualSource": "kxr31",
      "visualTarget": "3nz52",
      "type": [
        "visual-relationship"
      ],
      "identifier": "aqcgf"
    },
    {
      "model": "6c051c9e-4d0e-4c35-813b-690c6742aad1",
      "representedRelationship": "2f1589jwxc5m7p4zb65",
      "waypoints": [],
      "visualSource": "kxr31",
      "visualTarget": "dj6u2i",
      "type": [
        "visual-relationship"
      ],
      "identifier": "k8dye"
    },
    {
      "model": "6c051c9e-4d0e-4c35-813b-690c6742aad1",
      "representedRelationship": "ewunoh4vnn8m7p51ame",
      "waypoints": [],
      "visualSource": "kxr31",
      "visualTarget": "zx2it",
      "type": [
        "visual-relationship"
      ],
      "identifier": "gwx2hk"
    },
    {
      "model": "6c051c9e-4d0e-4c35-813b-690c6742aad1",
      "representedRelationship": "6l20y7df3urm7p52f1h",
      "waypoints": [],
      "visualSource": "kxr31",
      "visualTarget": "2bpvth",
      "type": [
        "visual-relationship"
      ],
      "identifier": "ylncq"
    },
    {
      "model": "6c051c9e-4d0e-4c35-813b-690c6742aad1",
      "representedRelationship": "r2zvm0apt1m7p545ef",
      "waypoints": [],
      "visualSource": "kxr31",
      "visualTarget": "qopua",
      "type": [
        "visual-relationship"
      ],
      "identifier": "tdk92"
    },
    {
      "model": "6c051c9e-4d0e-4c35-813b-690c6742aad1",
      "representedRelationship": "q3b1bkj0k6bm7p54vrt",
      "waypoints": [],
      "visualSource": "kxr31",
      "visualTarget": "a04uy",
      "type": [
        "visual-relationship"
      ],
      "identifier": "ps3b7"
    },
    {
      "model": "6c051c9e-4d0e-4c35-813b-690c6742aad1",
      "representedRelationship": "zh2obvsvhnnm7p55jog",
      "waypoints": [],
      "visualSource": "kxr31",
      "visualTarget": "6qqr2",
      "type": [
        "visual-relationship"
      ],
      "identifier": "u6fc9"
    },
    {
      "model": "6c051c9e-4d0e-4c35-813b-690c6742aad1",
      "representedRelationship": "23jdilsqbmnm7p569qs",
      "waypoints": [],
      "visualSource": "kxr31",
      "visualTarget": "7yd2k",
      "type": [
        "visual-relationship"
      ],
      "identifier": "6ct0n"
    },
    {
      "model": "6c051c9e-4d0e-4c35-813b-690c6742aad1",
      "representedRelationship": "mzutefwtbkgm7p57gah",
      "waypoints": [],
      "visualSource": "kxr31",
      "visualTarget": "koiqb",
      "type": [
        "visual-relationship"
      ],
      "identifier": "x5p7x"
    },
    {
      "model": "6c051c9e-4d0e-4c35-813b-690c6742aad1",
      "representedRelationship": "re5pckqfw5jm7p585bd",
      "waypoints": [],
      "visualSource": "kxr31",
      "visualTarget": "va05y",
      "type": [
        "visual-relationship"
      ],
      "identifier": "8ouyj"
    },
    {
      "model": "6c051c9e-4d0e-4c35-813b-690c6742aad1",
      "representedRelationship": "bdb40r0878sm7p5c8p3",
      "waypoints": [],
      "visualSource": "kxr31",
      "visualTarget": "53ti3",
      "type": [
        "visual-relationship"
      ],
      "identifier": "ujdh4"
    },
    {
      "model": "6c051c9e-4d0e-4c35-813b-690c6742aad1",
      "representedRelationship": "obbchoft1zhm7p5czdj",
      "waypoints": [],
      "visualSource": "kxr31",
      "visualTarget": "2bpvth",
      "type": [
        "visual-relationship"
      ],
      "identifier": "5a34x"
    },
    {
      "model": "6c051c9e-4d0e-4c35-813b-690c6742aad1",
      "representedRelationship": "4pz00bwdwnm7p5hl1a",
      "waypoints": [],
      "visualSource": "kxr31",
      "visualTarget": "2bpvth",
      "type": [
        "visual-relationship"
      ],
      "identifier": "lz56ej"
    },
    {
      "model": "6c051c9e-4d0e-4c35-813b-690c6742aad1",
      "representedRelationship": "94nl7zj08xm7p5id7f",
      "waypoints": [],
      "visualSource": "kxr31",
      "visualTarget": "ygxz1j",
      "type": [
        "visual-relationship"
      ],
      "identifier": "wc46p"
    },
    {
      "model": "6c051c9e-4d0e-4c35-813b-690c6742aad1",
      "representedRelationship": "neqj0u3oqwm7p5j3ve",
      "waypoints": [],
      "visualSource": "kxr31",
      "visualTarget": "dj6u2i",
      "type": [
        "visual-relationship"
      ],
      "identifier": "m6i19"
    },
    {
      "model": "6c051c9e-4d0e-4c35-813b-690c6742aad1",
      "representedRelationship": "9n815usyjarm7u9iczy",
      "waypoints": [],
      "visualSource": "lzwab",
      "visualTarget": "qopua",
      "type": [
        "visual-relationship"
      ],
      "identifier": "jcfp6k"
    },
    {
      "model": "6c051c9e-4d0e-4c35-813b-690c6742aad1",
      "representedRelationship": "cvigd3sgvrpm7w06ny1",
      "waypoints": [],
      "visualSource": "m9y4k",
      "visualTarget": "ygxz1j",
      "type": [
        "visual-relationship"
      ],
      "identifier": "fov4z"
    },
    {
      "type": [
        "http://dataspecer.com/resources/local/visual-model"
      ],
      "representedModel": "3380f69e-138c-4c8d-b067-316e25615d88/577f9fc9-4d08-43c1-bd8a-3a682e76987a/db52b6f2-8c25-427a-a61a-2e824719e156",
      "color": "#b8d6b8",
      "identifier": "6zauk"
    },
    {
      "type": [
        "http://dataspecer.com/resources/local/visual-model"
      ],
      "representedModel": "3380f69e-138c-4c8d-b067-316e25615d88/577f9fc9-4d08-43c1-bd8a-3a682e76987a/22819e5c-f04b-45ec-bee2-d9b6c95f6d46",
      "color": "#8fab5c",
      "identifier": "2f4cl"
    },
    {
      "type": [
        "http://dataspecer.com/resources/local/visual-model"
      ],
      "representedModel": "3380f69e-138c-4c8d-b067-316e25615d88/577f9fc9-4d08-43c1-bd8a-3a682e76987a/f92c1519-2d84-4655-9776-202b6fd641b5",
      "color": "#e63462",
      "identifier": "8kb61"
    },
    {
      "type": [
        "http://dataspecer.com/resources/local/visual-model"
      ],
      "representedModel": "3380f69e-138c-4c8d-b067-316e25615d88/577f9fc9-4d08-43c1-bd8a-3a682e76987a/b6d658e3-8594-42aa-90dc-e68212df1f0a",
      "color": "#1effbc",
      "identifier": "pseyy"
    },
    {
      "type": [
        "http://dataspecer.com/resources/local/visual-model"
      ],
      "representedModel": "3380f69e-138c-4c8d-b067-316e25615d88/577f9fc9-4d08-43c1-bd8a-3a682e76987a/04963489-b0aa-4ffd-9cc7-07be8ef68b74",
      "color": "#8fab5c",
      "identifier": "8mp15"
    },
    {
      "type": [
        "http://dataspecer.com/resources/local/visual-model"
      ],
      "representedModel": "3380f69e-138c-4c8d-b067-316e25615d88/577f9fc9-4d08-43c1-bd8a-3a682e76987a/1a94f913-47ef-4b7d-8c3f-07ec3855e633",
      "color": "#ff9770",
      "identifier": "tg0c2j"
    },
    {
      "type": [
        "http://dataspecer.com/resources/local/visual-model"
      ],
      "representedModel": "3380f69e-138c-4c8d-b067-316e25615d88/577f9fc9-4d08-43c1-bd8a-3a682e76987a/6a3094f9-ae1d-4ae1-acb3-b941fab3c9d8",
      "color": "#70d6ff",
      "identifier": "1og23"
    },
    {
      "type": [
        "http://dataspecer.com/resources/local/visual-model"
      ],
      "representedModel": "3380f69e-138c-4c8d-b067-316e25615d88/577f9fc9-4d08-43c1-bd8a-3a682e76987a/9ef552bd-f4f8-4b24-9b16-1d93cd9e7ee3",
      "color": "#ffb770",
      "identifier": "968rr"
    },
    {
      "type": [
        "http://dataspecer.com/resources/local/visual-model"
      ],
      "representedModel": "3380f69e-138c-4c8d-b067-316e25615d88/577f9fc9-4d08-43c1-bd8a-3a682e76987a/36aff8f7-8b55-4ebd-b11c-919b6b87610b",
      "color": "#ff9770",
      "identifier": "xi0qg"
    },
    {
      "type": [
        "http://dataspecer.com/resources/local/visual-model"
      ],
      "representedModel": "3380f69e-138c-4c8d-b067-316e25615d88/577f9fc9-4d08-43c1-bd8a-3a682e76987a/191c6038-0e4c-4af4-822d-bf9528f2c0a7",
      "color": "#70d6ff",
      "identifier": "luddd"
    },
    {
      "type": [
        "http://dataspecer.com/resources/local/visual-model"
      ],
      "representedModel": "3380f69e-138c-4c8d-b067-316e25615d88/577f9fc9-4d08-43c1-bd8a-3a682e76987a/8bf74ded-b8e2-49db-a70f-bc50a83f3d35",
      "color": "#4dc9ab",
      "identifier": "3kqlc"
    },
    {
      "type": [
        "http://dataspecer.com/resources/local/visual-model"
      ],
      "representedModel": "3380f69e-138c-4c8d-b067-316e25615d88/577f9fc9-4d08-43c1-bd8a-3a682e76987a/734052a9-94b1-4954-a573-03042711344f",
      "color": "#b8d6b8",
      "identifier": "t745aj"
    },
    {
      "type": [
        "http://dataspecer.com/resources/local/visual-model"
      ],
      "representedModel": "3380f69e-138c-4c8d-b067-316e25615d88/577f9fc9-4d08-43c1-bd8a-3a682e76987a/e82e884a-a4f3-462a-ad46-1a1163e1ee86",
      "color": "#ff848b",
      "identifier": "i0go1"
    },
    {
      "type": [
        "http://dataspecer.com/resources/local/visual-model"
      ],
      "representedModel": "3380f69e-138c-4c8d-b067-316e25615d88/577f9fc9-4d08-43c1-bd8a-3a682e76987a/profile",
      "color": "#b4e33d",
      "identifier": "k2788"
    }
  ]
}