{
  "iri": "1e424155-8f41-443d-8a3b-e2d83d46f11c",
  "types": [
    "http://dataspecer.com/resources/local/visual-model"
  ],
  "userMetadata": {
    "label": {
      "en": "View for DCAT-AP based on DCAT-DAP"
    },
    "description": {
      "en": "View model for the profile"
    }
  },
  "metadata": {
    "creationDate": "2025-03-07T10:39:18.221Z",
    "modificationDate": "2025-04-03T16:04:46.582Z"
  },
  "_version": 1,
  "_exportVersion": 1,
  "_exportedAt": "2025-04-03T16:06:25.196Z",
  "_exportedBy": "http://localhost:3100"
}