{
  "iri": "7dc197a5-2a03-4254-b73a-38b82c465a67",
  "types": [
    "http://dataspecer.com/resources/v1/psm"
  ],
  "userMetadata": {
    "label": {
      "cs": "Agent aaa",
      "en": "Agent aaa"
    },
    "description": {
      "cs": "Datová struktura pro Agent. Any entity carrying out actions with respect to the entities Catalogue and the Catalogued Resources.",
      "en": "Data structure for Agent. Any entity carrying out actions with respect to the entities Catalogue and the Catalogued Resources."
    }
  },
  "metadata": {
    "creationDate": "2025-03-07T10:39:20.520Z",
    "modificationDate": "2025-03-07T10:39:20.571Z"
  },
  "_version": 1,
  "_exportVersion": 1,
  "_exportedAt": "2025-04-15T08:40:32.644Z",
  "_exportedBy": "http://localhost:3100"
}