{
  "operations": [
    {
      "types": [
        "core-operation",
        "https://ofn.gov.cz/slovník/psm/CreateClass"
      ],
      "iri": "https://ofn.gov.cz/operation/1740659181832-e384-a8fc-b630",
      "parent": null,
      "dataPsmNewIri": null,
      "dataPsmInterpretation": "1scx2ocw9sam7nas754",
      "dataPsmTechnicalLabel": "agent",
      "dataPsmHumanLabel": null,
      "dataPsmHumanDescription": null,
      "dataPsmExtends": [],
      "dataPsmIsClosed": null
    },
    {
      "types": [
        "core-operation",
        "https://ofn.gov.cz/slovník/psm/SetRoots"
      ],
      "iri": "https://ofn.gov.cz/operation/1740659181880-f11c-7e0b-b81b",
      "parent": "https://ofn.gov.cz/operation/1740659181832-e384-a8fc-b630",
      "dataPsmRoots": [
        "https://ofn.gov.cz/class/1740659181832-8dba-21cd-aca0"
      ]
    },
    {
      "types": [
        "core-operation",
        "https://ofn.gov.cz/slovník/psm/SetHumanLabel"
      ],
      "iri": "https://ofn.gov.cz/operation/1740659181919-fab2-2472-b216",
      "parent": "https://ofn.gov.cz/operation/1740659181880-f11c-7e0b-b81b",
      "dataPsmResource": "7dc197a5-2a03-4254-b73a-38b82c465a67",
      "dataPsmHumanLabel": {
        "cs": "Agent",
        "en": "Agent"
      }
    },
    {
      "types": [
        "core-operation",
        "https://ofn.gov.cz/slovník/psm/SetHumanDescription"
      ],
      "iri": "https://ofn.gov.cz/operation/1740659181959-5603-00dd-8bd9",
      "parent": "https://ofn.gov.cz/operation/1740659181919-fab2-2472-b216",
      "dataPsmResource": "7dc197a5-2a03-4254-b73a-38b82c465a67",
      "dataPsmHumanDescription": {
        "cs": "Datová struktura pro Agent. Any entity carrying out actions with respect to the entities Catalogue and the Catalogued Resources.",
        "en": "Data structure for Agent. Any entity carrying out actions with respect to the entities Catalogue and the Catalogued Resources."
      }
    },
    {
      "types": [
        "core-operation",
        "https://ofn.gov.cz/slovník/psm/CreateAttribute"
      ],
      "iri": "https://ofn.gov.cz/operation/1740659186585-bd7a-089d-a7cc",
      "parent": "https://ofn.gov.cz/operation/1740659181959-5603-00dd-8bd9",
      "dataPsmNewIri": null,
      "dataPsmInterpretation": "da9q6d0mdhbm7nb9lid",
      "dataPsmTechnicalLabel": "name",
      "dataPsmHumanLabel": null,
      "dataPsmHumanDescription": null,
      "dataPsmOwner": "https://ofn.gov.cz/class/1740659181832-8dba-21cd-aca0",
      "dataPsmDatatype": "http://www.w3.org/1999/02/22-rdf-syntax-ns#langString"
    },
    {
      "types": [
        "core-operation",
        "https://ofn.gov.cz/slovník/psm/CreateClass"
      ],
      "iri": "https://ofn.gov.cz/operation/1740659186626-e9bc-f598-a045",
      "parent": "https://ofn.gov.cz/operation/1740659186585-bd7a-089d-a7cc",
      "dataPsmNewIri": null,
      "dataPsmInterpretation": "imwr9pmvl9fm7nbbcc2",
      "dataPsmTechnicalLabel": "concept",
      "dataPsmHumanLabel": null,
      "dataPsmHumanDescription": null,
      "dataPsmExtends": [],
      "dataPsmIsClosed": null
    },
    {
      "types": [
        "core-operation",
        "https://ofn.gov.cz/slovník/psm/CreateAssociationEnd"
      ],
      "iri": "https://ofn.gov.cz/operation/1740659186664-fb38-2536-a0df",
      "parent": "https://ofn.gov.cz/operation/1740659186626-e9bc-f598-a045",
      "dataPsmNewIri": null,
      "dataPsmInterpretation": "r1fd5svhjzm7nbecel",
      "dataPsmTechnicalLabel": "type",
      "dataPsmHumanLabel": null,
      "dataPsmHumanDescription": null,
      "dataPsmOwner": "https://ofn.gov.cz/class/1740659181832-8dba-21cd-aca0",
      "dataPsmPart": "https://ofn.gov.cz/class/1740659186626-14ab-2259-9d25",
      "dataPsmIsReverse": false,
      "dataPsmIsDematerialize": null
    },
    {
      "types": [
        "core-operation",
        "https://ofn.gov.cz/slovník/psm/CreateAttribute"
      ],
      "iri": "https://ofn.gov.cz/operation/1740659190104-a623-6bbb-86da",
      "parent": "https://ofn.gov.cz/operation/1740659186664-fb38-2536-a0df",
      "dataPsmNewIri": null,
      "dataPsmInterpretation": "8wbl92v1m1gm7nbd5gw",
      "dataPsmTechnicalLabel": "preferred_label",
      "dataPsmHumanLabel": null,
      "dataPsmHumanDescription": null,
      "dataPsmOwner": "https://ofn.gov.cz/class/1740659186626-14ab-2259-9d25",
      "dataPsmDatatype": "http://www.w3.org/1999/02/22-rdf-syntax-ns#langString"
    },
    {
      "types": [
        "core-operation",
        "https://ofn.gov.cz/slovník/psm/SetOrder"
      ],
      "iri": "https://ofn.gov.cz/operation/1740729225663-340f-9171-b657",
      "parent": "https://ofn.gov.cz/operation/1740659190104-a623-6bbb-86da",
      "dataPsmOwnerClass": "https://ofn.gov.cz/class/1740659181832-8dba-21cd-aca0",
      "dataPsmResourceToMove": "https://ofn.gov.cz/attribute/1740659186585-a7c3-3b24-be00",
      "dataPsmMoveAfter": null
    },
    {
      "types": [
        "core-operation",
        "https://ofn.gov.cz/slovník/psm/SetOrder"
      ],
      "iri": "https://ofn.gov.cz/operation/1740729232038-2784-0dae-ad4b",
      "parent": "https://ofn.gov.cz/operation/1740729225663-340f-9171-b657",
      "dataPsmOwnerClass": "https://ofn.gov.cz/class/1740659181832-8dba-21cd-aca0",
      "dataPsmResourceToMove": "https://ofn.gov.cz/attribute/1740659186585-a7c3-3b24-be00",
      "dataPsmMoveAfter": null
    },
    {
      "types": [
        "core-operation",
        "https://ofn.gov.cz/slovník/psm/SetOrder"
      ],
      "iri": "https://ofn.gov.cz/operation/1740729234007-fe80-ac3d-8c99",
      "parent": "https://ofn.gov.cz/operation/1740729232038-2784-0dae-ad4b",
      "dataPsmOwnerClass": "https://ofn.gov.cz/class/1740659181832-8dba-21cd-aca0",
      "dataPsmResourceToMove": "https://ofn.gov.cz/attribute/1740659186585-a7c3-3b24-be00",
      "dataPsmMoveAfter": null
    },
    {
      "types": [
        "core-operation",
        "https://ofn.gov.cz/slovník/psm/SetOrder"
      ],
      "iri": "https://ofn.gov.cz/operation/1740729238251-f503-f368-b418",
      "parent": "https://ofn.gov.cz/operation/1740729234007-fe80-ac3d-8c99",
      "dataPsmOwnerClass": "https://ofn.gov.cz/class/1740659181832-8dba-21cd-aca0",
      "dataPsmResourceToMove": "https://ofn.gov.cz/attribute/1740659186585-a7c3-3b24-be00",
      "dataPsmMoveAfter": null
    },
    {
      "types": [
        "core-operation",
        "https://ofn.gov.cz/slovník/psm/SetOrder"
      ],
      "iri": "https://ofn.gov.cz/operation/1740729240538-de82-b41c-a819",
      "parent": "https://ofn.gov.cz/operation/1740729238251-f503-f368-b418",
      "dataPsmOwnerClass": "https://ofn.gov.cz/class/1740659181832-8dba-21cd-aca0",
      "dataPsmResourceToMove": "https://ofn.gov.cz/attribute/1740659186585-a7c3-3b24-be00",
      "dataPsmMoveAfter": null
    },
    {
      "types": [
        "core-operation",
        "https://ofn.gov.cz/slovník/psm/SetOrder"
      ],
      "iri": "https://ofn.gov.cz/operation/1740729242174-d1ab-9fa3-806a",
      "parent": "https://ofn.gov.cz/operation/1740729240538-de82-b41c-a819",
      "dataPsmOwnerClass": "https://ofn.gov.cz/class/1740659181832-8dba-21cd-aca0",
      "dataPsmResourceToMove": "https://ofn.gov.cz/attribute/1740659186585-a7c3-3b24-be00",
      "dataPsmMoveAfter": null
    },
    {
      "types": [
        "core-operation",
        "https://ofn.gov.cz/slovník/psm/SetOrder"
      ],
      "iri": "https://ofn.gov.cz/operation/1740729247122-065d-8272-8fc4",
      "parent": "https://ofn.gov.cz/operation/1740729242174-d1ab-9fa3-806a",
      "dataPsmOwnerClass": "https://ofn.gov.cz/class/1740659181832-8dba-21cd-aca0",
      "dataPsmResourceToMove": "https://ofn.gov.cz/attribute/1740659186585-a7c3-3b24-be00",
      "dataPsmMoveAfter": null
    },
    {
      "types": [
        "core-operation",
        "https://ofn.gov.cz/slovník/psm/SetTechnicalLabel"
      ],
      "iri": "https://ofn.gov.cz/operation/1740832000783-3ec3-3871-8bdd",
      "parent": "https://ofn.gov.cz/operation/1740729247122-065d-8272-8fc4",
      "dataPsmResource": "7dc197a5-2a03-4254-b73a-38b82c465a67",
      "dataPsmTechnicalLabel": "test"
    },
    {
      "types": [
        "core-operation",
        "https://ofn.gov.cz/slovník/psm/SetHumanLabel"
      ],
      "iri": "https://ofn.gov.cz/operation/1740832014271-0c6f-09f4-8854",
      "parent": "https://ofn.gov.cz/operation/1740832000783-3ec3-3871-8bdd",
      "dataPsmResource": "7dc197a5-2a03-4254-b73a-38b82c465a67",
      "dataPsmHumanLabel": {
        "cs": "Agent aaa",
        "en": "Agent"
      }
    },
    {
      "types": [
        "core-operation",
        "https://ofn.gov.cz/slovník/psm/SetHumanDescription"
      ],
      "iri": "https://ofn.gov.cz/operation/1740832014366-8435-de4e-a580",
      "parent": "https://ofn.gov.cz/operation/1740832014271-0c6f-09f4-8854",
      "dataPsmResource": "7dc197a5-2a03-4254-b73a-38b82c465a67",
      "dataPsmHumanDescription": {
        "cs": "Datová struktura pro Agent. Any entity carrying out actions with respect to the entities Catalogue and the Catalogued Resources.",
        "en": "Data structure for Agent. Any entity carrying out actions with respect to the entities Catalogue and the Catalogued Resources."
      }
    },
    {
      "types": [
        "core-operation",
        "https://ofn.gov.cz/slovník/psm/SetHumanLabel"
      ],
      "iri": "https://ofn.gov.cz/operation/1740832017917-f19a-e871-8e0d",
      "parent": "https://ofn.gov.cz/operation/1740832014366-8435-de4e-a580",
      "dataPsmResource": "7dc197a5-2a03-4254-b73a-38b82c465a67",
      "dataPsmHumanLabel": {
        "cs": "Agent aaa",
        "en": "Agent aaa"
      }
    },
    {
      "types": [
        "core-operation",
        "https://ofn.gov.cz/slovník/psm/SetHumanDescription"
      ],
      "iri": "https://ofn.gov.cz/operation/1740832018002-df5f-1745-83e0",
      "parent": "https://ofn.gov.cz/operation/1740832017917-f19a-e871-8e0d",
      "dataPsmResource": "7dc197a5-2a03-4254-b73a-38b82c465a67",
      "dataPsmHumanDescription": {
        "cs": "Datová struktura pro Agent. Any entity carrying out actions with respect to the entities Catalogue and the Catalogued Resources.",
        "en": "Data structure for Agent. Any entity carrying out actions with respect to the entities Catalogue and the Catalogued Resources."
      }
    },
    {
      "types": [
        "core-operation",
        "https://ofn.gov.cz/slovník/psm/SetDataType"
      ],
      "iri": "https://ofn.gov.cz/operation/1740832260933-8e99-ffb6-be29",
      "parent": "https://ofn.gov.cz/operation/1740832018002-df5f-1745-83e0",
      "dataPsmAttribute": "https://ofn.gov.cz/attribute/1740659186585-a7c3-3b24-be00",
      "dataPsmDatatype": "https://ofn.gov.cz/zdroj/základní-datové-typy/2020-07-01/text"
    }
  ],
  "resources": {
    "7dc197a5-2a03-4254-b73a-38b82c465a67": {
      "types": [
        "https://ofn.gov.cz/slovník/psm/Schema"
      ],
      "iri": "7dc197a5-2a03-4254-b73a-38b82c465a67",
      "dataPsmHumanLabel": {
        "cs": "Agent aaa",
        "en": "Agent aaa"
      },
      "dataPsmHumanDescription": {
        "cs": "Datová struktura pro Agent. Any entity carrying out actions with respect to the entities Catalogue and the Catalogued Resources.",
        "en": "Data structure for Agent. Any entity carrying out actions with respect to the entities Catalogue and the Catalogued Resources."
      },
      "dataPsmTechnicalLabel": "test",
      "dataPsmRoots": [
        "https://ofn.gov.cz/class/1740659181832-8dba-21cd-aca0"
      ],
      "dataPsmParts": [
        "https://ofn.gov.cz/class/1740659181832-8dba-21cd-aca0",
        "https://ofn.gov.cz/attribute/1740659186585-a7c3-3b24-be00",
        "https://ofn.gov.cz/class/1740659186626-14ab-2259-9d25",
        "https://ofn.gov.cz/association/1740659186663-ea46-ab27-af9b",
        "https://ofn.gov.cz/attribute/1740659190104-ac94-2231-9e3c"
      ]
    },
    "https://ofn.gov.cz/class/1740659181832-8dba-21cd-aca0": {
      "types": [
        "https://ofn.gov.cz/slovník/psm/Class"
      ],
      "iri": "https://ofn.gov.cz/class/1740659181832-8dba-21cd-aca0",
      "dataPsmHumanLabel": null,
      "dataPsmHumanDescription": null,
      "dataPsmTechnicalLabel": "agent",
      "dataPsmInterpretation": "1scx2ocw9sam7nas754",
      "dataPsmExtends": [],
      "dataPsmParts": [
        "https://ofn.gov.cz/attribute/1740659186585-a7c3-3b24-be00",
        "https://ofn.gov.cz/association/1740659186663-ea46-ab27-af9b"
      ],
      "dataPsmIsClosed": null
    },
    "https://ofn.gov.cz/attribute/1740659186585-a7c3-3b24-be00": {
      "types": [
        "https://ofn.gov.cz/slovník/psm/Attribute"
      ],
      "iri": "https://ofn.gov.cz/attribute/1740659186585-a7c3-3b24-be00",
      "dataPsmHumanLabel": null,
      "dataPsmHumanDescription": null,
      "dataPsmTechnicalLabel": "name",
      "dataPsmInterpretation": "da9q6d0mdhbm7nb9lid",
      "dataPsmDatatype": "https://ofn.gov.cz/zdroj/základní-datové-typy/2020-07-01/text"
    },
    "https://ofn.gov.cz/class/1740659186626-14ab-2259-9d25": {
      "types": [
        "https://ofn.gov.cz/slovník/psm/Class"
      ],
      "iri": "https://ofn.gov.cz/class/1740659186626-14ab-2259-9d25",
      "dataPsmHumanLabel": null,
      "dataPsmHumanDescription": null,
      "dataPsmTechnicalLabel": "concept",
      "dataPsmInterpretation": "imwr9pmvl9fm7nbbcc2",
      "dataPsmExtends": [],
      "dataPsmParts": [
        "https://ofn.gov.cz/attribute/1740659190104-ac94-2231-9e3c"
      ],
      "dataPsmIsClosed": null
    },
    "https://ofn.gov.cz/association/1740659186663-ea46-ab27-af9b": {
      "types": [
        "https://ofn.gov.cz/slovník/psm/AssociationEnd"
      ],
      "iri": "https://ofn.gov.cz/association/1740659186663-ea46-ab27-af9b",
      "dataPsmHumanLabel": null,
      "dataPsmHumanDescription": null,
      "dataPsmTechnicalLabel": "type",
      "dataPsmInterpretation": "r1fd5svhjzm7nbecel",
      "dataPsmPart": "https://ofn.gov.cz/class/1740659186626-14ab-2259-9d25",
      "dataPsmIsReverse": false,
      "dataPsmIsDematerialize": null
    },
    "https://ofn.gov.cz/attribute/1740659190104-ac94-2231-9e3c": {
      "types": [
        "https://ofn.gov.cz/slovník/psm/Attribute"
      ],
      "iri": "https://ofn.gov.cz/attribute/1740659190104-ac94-2231-9e3c",
      "dataPsmHumanLabel": null,
      "dataPsmHumanDescription": null,
      "dataPsmTechnicalLabel": "preferred_label",
      "dataPsmInterpretation": "8wbl92v1m1gm7nbd5gw",
      "dataPsmDatatype": "http://www.w3.org/1999/02/22-rdf-syntax-ns#langString"
    }
  }
}