{
  "iri": "e0e0c3ee-61b3-4f42-b95f-5e4826ca5ccb",
  "types": [
    "http://dataspecer.com/resources/v1/psm"
  ],
  "userMetadata": {
    "label": {
      "cs": "Katalog",
      "en": "Catalogue"
    },
    "description": {
      "cs": "Datová struktura pro Katalog. Řízená kolekce metadat o datových sadách a datových službách",
      "en": "Data structure for Catalogue. A curated collection of metadata about resources."
    }
  },
  "metadata": {
    "creationDate": "2025-03-07T10:39:20.752Z",
    "modificationDate": "2025-03-07T10:39:20.806Z"
  },
  "_version": 1,
  "_exportVersion": 1,
  "_exportedAt": "2025-04-15T08:40:32.646Z",
  "_exportedBy": "http://localhost:3100"
}