{
  "operations": [
    {
      "types": [
        "core-operation",
        "https://ofn.gov.cz/slovník/psm/CreateClass"
      ],
      "iri": "https://ofn.gov.cz/operation/1740739731577-cf84-811b-be7b",
      "parent": null,
      "dataPsmNewIri": null,
      "dataPsmInterpretation": "jtw259sgvfm7n8tzri",
      "dataPsmTechnicalLabel": "datová_sada",
      "dataPsmHumanLabel": null,
      "dataPsmHumanDescription": null,
      "dataPsmExtends": [],
      "dataPsmIsClosed": null
    },
    {
      "types": [
        "core-operation",
        "https://ofn.gov.cz/slovník/psm/SetRoots"
      ],
      "iri": "https://ofn.gov.cz/operation/1740739731623-bcd2-6bbc-a064",
      "parent": "https://ofn.gov.cz/operation/1740739731577-cf84-811b-be7b",
      "dataPsmRoots": [
        "https://ofn.gov.cz/class/1740739731577-63ea-f5f1-9c85"
      ]
    },
    {
      "types": [
        "core-operation",
        "https://ofn.gov.cz/slovník/psm/SetHumanLabel"
      ],
      "iri": "https://ofn.gov.cz/operation/1740739731667-4983-fbdb-bcd4",
      "parent": "https://ofn.gov.cz/operation/1740739731623-bcd2-6bbc-a064",
      "dataPsmResource": "e0e0c3ee-61b3-4f42-b95f-5e4826ca5ccb",
      "dataPsmHumanLabel": {
        "cs": "Datová sada",
        "en": "Dataset"
      }
    },
    {
      "types": [
        "core-operation",
        "https://ofn.gov.cz/slovník/psm/SetHumanDescription"
      ],
      "iri": "https://ofn.gov.cz/operation/1740739731706-601e-caa6-b9c6",
      "parent": "https://ofn.gov.cz/operation/1740739731667-4983-fbdb-bcd4",
      "dataPsmResource": "e0e0c3ee-61b3-4f42-b95f-5e4826ca5ccb",
      "dataPsmHumanDescription": {
        "cs": "Datová struktura pro Datová sada. Kolekce dat poskytovaná či řízená jedním zdrojem, která je k dispozici pro přístup či stažení v jednom či více formátech.",
        "en": "Data structure for Dataset. A collection of data, published or curated by a single source, and available for access or download in one or more representations."
      }
    },
    {
      "types": [
        "core-operation",
        "https://ofn.gov.cz/slovník/psm/CreateClass"
      ],
      "iri": "https://ofn.gov.cz/operation/1740739739556-2d16-16a1-9333",
      "parent": "https://ofn.gov.cz/operation/1740739731706-601e-caa6-b9c6",
      "dataPsmNewIri": null,
      "dataPsmInterpretation": "zoim3eq4hl9m7n8tqa1",
      "dataPsmTechnicalLabel": "katalog",
      "dataPsmHumanLabel": null,
      "dataPsmHumanDescription": null,
      "dataPsmExtends": [],
      "dataPsmIsClosed": null
    },
    {
      "types": [
        "core-operation",
        "https://ofn.gov.cz/slovník/psm/SetRoots"
      ],
      "iri": "https://ofn.gov.cz/operation/1740739739591-fc49-4973-b223",
      "parent": "https://ofn.gov.cz/operation/1740739739556-2d16-16a1-9333",
      "dataPsmRoots": [
        "https://ofn.gov.cz/class/1740739739555-8d35-9f47-9e03"
      ]
    },
    {
      "types": [
        "core-operation",
        "https://ofn.gov.cz/slovník/psm/SetHumanLabel"
      ],
      "iri": "https://ofn.gov.cz/operation/1740739739630-5f4a-ad37-9af5",
      "parent": "https://ofn.gov.cz/operation/1740739739591-fc49-4973-b223",
      "dataPsmResource": "e0e0c3ee-61b3-4f42-b95f-5e4826ca5ccb",
      "dataPsmHumanLabel": {
        "cs": "Katalog",
        "en": "Catalogue"
      }
    },
    {
      "types": [
        "core-operation",
        "https://ofn.gov.cz/slovník/psm/SetHumanDescription"
      ],
      "iri": "https://ofn.gov.cz/operation/1740739739662-304d-0a65-bc1e",
      "parent": "https://ofn.gov.cz/operation/1740739739630-5f4a-ad37-9af5",
      "dataPsmResource": "e0e0c3ee-61b3-4f42-b95f-5e4826ca5ccb",
      "dataPsmHumanDescription": {
        "cs": "Datová struktura pro Katalog. Řízená kolekce metadat o datových sadách a datových službách",
        "en": "Data structure for Catalogue. A curated collection of metadata about resources."
      }
    },
    {
      "types": [
        "core-operation",
        "https://ofn.gov.cz/slovník/psm/CreateClass"
      ],
      "iri": "https://ofn.gov.cz/operation/1740739748331-08f3-f90f-b37d",
      "parent": "https://ofn.gov.cz/operation/1740739739662-304d-0a65-bc1e",
      "dataPsmNewIri": null,
      "dataPsmInterpretation": "guif2je1xcbm7on4kfg",
      "dataPsmTechnicalLabel": "license_document",
      "dataPsmHumanLabel": null,
      "dataPsmHumanDescription": null,
      "dataPsmExtends": [],
      "dataPsmIsClosed": null
    },
    {
      "types": [
        "core-operation",
        "https://ofn.gov.cz/slovník/psm/CreateAssociationEnd"
      ],
      "iri": "https://ofn.gov.cz/operation/1740739748365-f560-9110-b600",
      "parent": "https://ofn.gov.cz/operation/1740739748331-08f3-f90f-b37d",
      "dataPsmNewIri": null,
      "dataPsmInterpretation": "0xtlfkvp8wgm7on6vcy",
      "dataPsmTechnicalLabel": "licence",
      "dataPsmHumanLabel": null,
      "dataPsmHumanDescription": null,
      "dataPsmOwner": "https://ofn.gov.cz/class/1740739739555-8d35-9f47-9e03",
      "dataPsmPart": "https://ofn.gov.cz/class/1740739748331-fe7a-bbde-9eb7",
      "dataPsmIsReverse": false,
      "dataPsmIsDematerialize": null
    },
    {
      "types": [
        "core-operation",
        "https://ofn.gov.cz/slovník/psm/CreateClass"
      ],
      "iri": "https://ofn.gov.cz/operation/1740739748405-67a6-905c-8867",
      "parent": "https://ofn.gov.cz/operation/1740739748365-f560-9110-b600",
      "dataPsmNewIri": null,
      "dataPsmInterpretation": "3829f9ajj9lm7on2ker",
      "dataPsmTechnicalLabel": "linguistic_system",
      "dataPsmHumanLabel": null,
      "dataPsmHumanDescription": null,
      "dataPsmExtends": [],
      "dataPsmIsClosed": null
    },
    {
      "types": [
        "core-operation",
        "https://ofn.gov.cz/slovník/psm/CreateAssociationEnd"
      ],
      "iri": "https://ofn.gov.cz/operation/1740739748440-0251-d758-aafe",
      "parent": "https://ofn.gov.cz/operation/1740739748405-67a6-905c-8867",
      "dataPsmNewIri": null,
      "dataPsmInterpretation": "8ailzvtajwm7on3uqo",
      "dataPsmTechnicalLabel": "language",
      "dataPsmHumanLabel": null,
      "dataPsmHumanDescription": null,
      "dataPsmOwner": "https://ofn.gov.cz/class/1740739739555-8d35-9f47-9e03",
      "dataPsmPart": "https://ofn.gov.cz/class/1740739748405-2160-571a-9a20",
      "dataPsmIsReverse": false,
      "dataPsmIsDematerialize": null
    },
    {
      "types": [
        "core-operation",
        "https://ofn.gov.cz/slovník/psm/CreateClass"
      ],
      "iri": "https://ofn.gov.cz/operation/1740739748478-05e3-1b3d-9120",
      "parent": "https://ofn.gov.cz/operation/1740739748440-0251-d758-aafe",
      "dataPsmNewIri": null,
      "dataPsmInterpretation": "zoim3eq4hl9m7n8tqa1",
      "dataPsmTechnicalLabel": "katalog",
      "dataPsmHumanLabel": null,
      "dataPsmHumanDescription": null,
      "dataPsmExtends": [],
      "dataPsmIsClosed": null
    },
    {
      "types": [
        "core-operation",
        "https://ofn.gov.cz/slovník/psm/CreateAssociationEnd"
      ],
      "iri": "https://ofn.gov.cz/operation/1740739748527-c25d-6240-b899",
      "parent": "https://ofn.gov.cz/operation/1740739748478-05e3-1b3d-9120",
      "dataPsmNewIri": null,
      "dataPsmInterpretation": "pg1ygd2tf4nm7on10ur",
      "dataPsmTechnicalLabel": "homepage",
      "dataPsmHumanLabel": null,
      "dataPsmHumanDescription": null,
      "dataPsmOwner": "https://ofn.gov.cz/class/1740739739555-8d35-9f47-9e03",
      "dataPsmPart": "https://ofn.gov.cz/class/1740739748478-8b30-fd96-a90d",
      "dataPsmIsReverse": false,
      "dataPsmIsDematerialize": null
    },
    {
      "types": [
        "core-operation",
        "https://ofn.gov.cz/slovník/psm/CreateClass"
      ],
      "iri": "https://ofn.gov.cz/operation/1740739748594-3adb-afc1-ada0",
      "parent": "https://ofn.gov.cz/operation/1740739748527-c25d-6240-b899",
      "dataPsmNewIri": null,
      "dataPsmInterpretation": "zoim3eq4hl9m7n8tqa1",
      "dataPsmTechnicalLabel": "katalog",
      "dataPsmHumanLabel": null,
      "dataPsmHumanDescription": null,
      "dataPsmExtends": [],
      "dataPsmIsClosed": null
    },
    {
      "types": [
        "core-operation",
        "https://ofn.gov.cz/slovník/psm/CreateAssociationEnd"
      ],
      "iri": "https://ofn.gov.cz/operation/1740739748629-58ea-1ba7-a7a2",
      "parent": "https://ofn.gov.cz/operation/1740739748594-3adb-afc1-ada0",
      "dataPsmNewIri": null,
      "dataPsmInterpretation": "0z5thq05e5qm7omybj1",
      "dataPsmTechnicalLabel": "has_part",
      "dataPsmHumanLabel": null,
      "dataPsmHumanDescription": null,
      "dataPsmOwner": "https://ofn.gov.cz/class/1740739739555-8d35-9f47-9e03",
      "dataPsmPart": "https://ofn.gov.cz/class/1740739748594-6f6f-6631-8e6d",
      "dataPsmIsReverse": false,
      "dataPsmIsDematerialize": null
    },
    {
      "types": [
        "core-operation",
        "https://ofn.gov.cz/slovník/psm/CreateClass"
      ],
      "iri": "https://ofn.gov.cz/operation/1740739748670-91ec-c75d-89f0",
      "parent": "https://ofn.gov.cz/operation/1740739748629-58ea-1ba7-a7a2",
      "dataPsmNewIri": null,
      "dataPsmInterpretation": "ketrrzwrqtqm7olj9yn",
      "dataPsmTechnicalLabel": "location",
      "dataPsmHumanLabel": null,
      "dataPsmHumanDescription": null,
      "dataPsmExtends": [],
      "dataPsmIsClosed": null
    },
    {
      "types": [
        "core-operation",
        "https://ofn.gov.cz/slovník/psm/CreateAssociationEnd"
      ],
      "iri": "https://ofn.gov.cz/operation/1740739748709-2eaf-a9bf-bf85",
      "parent": "https://ofn.gov.cz/operation/1740739748670-91ec-c75d-89f0",
      "dataPsmNewIri": null,
      "dataPsmInterpretation": "tnec9us08xcm7olkv69",
      "dataPsmTechnicalLabel": "geographical_coverage",
      "dataPsmHumanLabel": null,
      "dataPsmHumanDescription": null,
      "dataPsmOwner": "https://ofn.gov.cz/class/1740739739555-8d35-9f47-9e03",
      "dataPsmPart": "https://ofn.gov.cz/class/1740739748670-401e-c843-80cd",
      "dataPsmIsReverse": false,
      "dataPsmIsDematerialize": null
    },
    {
      "types": [
        "core-operation",
        "https://ofn.gov.cz/slovník/psm/CreateClass"
      ],
      "iri": "https://ofn.gov.cz/operation/1740739748749-bc7e-635c-8d08",
      "parent": "https://ofn.gov.cz/operation/1740739748709-2eaf-a9bf-bf85",
      "dataPsmNewIri": null,
      "dataPsmInterpretation": "1scx2ocw9sam7nas754",
      "dataPsmTechnicalLabel": "agent",
      "dataPsmHumanLabel": null,
      "dataPsmHumanDescription": null,
      "dataPsmExtends": [],
      "dataPsmIsClosed": null
    },
    {
      "types": [
        "core-operation",
        "https://ofn.gov.cz/slovník/psm/CreateAssociationEnd"
      ],
      "iri": "https://ofn.gov.cz/operation/1740739748785-d9b6-fc0a-b2e2",
      "parent": "https://ofn.gov.cz/operation/1740739748749-bc7e-635c-8d08",
      "dataPsmNewIri": null,
      "dataPsmInterpretation": "u9w0gdprf1m7ncrm0t",
      "dataPsmTechnicalLabel": "creator",
      "dataPsmHumanLabel": null,
      "dataPsmHumanDescription": null,
      "dataPsmOwner": "https://ofn.gov.cz/class/1740739739555-8d35-9f47-9e03",
      "dataPsmPart": "https://ofn.gov.cz/class/1740739748749-f834-09f5-9c5e",
      "dataPsmIsReverse": false,
      "dataPsmIsDematerialize": null
    },
    {
      "types": [
        "core-operation",
        "https://ofn.gov.cz/slovník/psm/CreateClass"
      ],
      "iri": "https://ofn.gov.cz/operation/1740739748830-a9cf-6536-a9bf",
      "parent": "https://ofn.gov.cz/operation/1740739748785-d9b6-fc0a-b2e2",
      "dataPsmNewIri": null,
      "dataPsmInterpretation": "jtw259sgvfm7n8tzri",
      "dataPsmTechnicalLabel": "datová_sada",
      "dataPsmHumanLabel": null,
      "dataPsmHumanDescription": null,
      "dataPsmExtends": [],
      "dataPsmIsClosed": null
    },
    {
      "types": [
        "core-operation",
        "https://ofn.gov.cz/slovník/psm/CreateAssociationEnd"
      ],
      "iri": "https://ofn.gov.cz/operation/1740739748872-b7b8-4af1-a7b1",
      "parent": "https://ofn.gov.cz/operation/1740739748830-a9cf-6536-a9bf",
      "dataPsmNewIri": null,
      "dataPsmInterpretation": "f9urusuuzjm7ncsoo0",
      "dataPsmTechnicalLabel": "datová_sada",
      "dataPsmHumanLabel": null,
      "dataPsmHumanDescription": null,
      "dataPsmOwner": "https://ofn.gov.cz/class/1740739739555-8d35-9f47-9e03",
      "dataPsmPart": "https://ofn.gov.cz/class/1740739748830-091f-0a49-8a06",
      "dataPsmIsReverse": false,
      "dataPsmIsDematerialize": null
    },
    {
      "types": [
        "core-operation",
        "https://ofn.gov.cz/slovník/psm/CreateClass"
      ],
      "iri": "https://ofn.gov.cz/operation/1740739748917-262f-1fef-8c1e",
      "parent": "https://ofn.gov.cz/operation/1740739748872-b7b8-4af1-a7b1",
      "dataPsmNewIri": null,
      "dataPsmInterpretation": "zoim3eq4hl9m7n8tqa1",
      "dataPsmTechnicalLabel": "katalog",
      "dataPsmHumanLabel": null,
      "dataPsmHumanDescription": null,
      "dataPsmExtends": [],
      "dataPsmIsClosed": null
    },
    {
      "types": [
        "core-operation",
        "https://ofn.gov.cz/slovník/psm/CreateAssociationEnd"
      ],
      "iri": "https://ofn.gov.cz/operation/1740739748955-8d39-1c60-9230",
      "parent": "https://ofn.gov.cz/operation/1740739748917-262f-1fef-8c1e",
      "dataPsmNewIri": null,
      "dataPsmInterpretation": "fn0cblazvifm7nco87z",
      "dataPsmTechnicalLabel": "katalog",
      "dataPsmHumanLabel": null,
      "dataPsmHumanDescription": null,
      "dataPsmOwner": "https://ofn.gov.cz/class/1740739739555-8d35-9f47-9e03",
      "dataPsmPart": "https://ofn.gov.cz/class/1740739748917-df73-8590-99f7",
      "dataPsmIsReverse": false,
      "dataPsmIsDematerialize": null
    },
    {
      "types": [
        "core-operation",
        "https://ofn.gov.cz/slovník/psm/CreateClass"
      ],
      "iri": "https://ofn.gov.cz/operation/1740739749000-8890-c6c1-9bd4",
      "parent": "https://ofn.gov.cz/operation/1740739748955-8d39-1c60-9230",
      "dataPsmNewIri": null,
      "dataPsmInterpretation": "t6zsav79kwm7nclbbz",
      "dataPsmTechnicalLabel": "legal_resource",
      "dataPsmHumanLabel": null,
      "dataPsmHumanDescription": null,
      "dataPsmExtends": [],
      "dataPsmIsClosed": null
    },
    {
      "types": [
        "core-operation",
        "https://ofn.gov.cz/slovník/psm/CreateAssociationEnd"
      ],
      "iri": "https://ofn.gov.cz/operation/1740739749040-a004-ae34-9572",
      "parent": "https://ofn.gov.cz/operation/1740739749000-8890-c6c1-9bd4",
      "dataPsmNewIri": null,
      "dataPsmInterpretation": "997421r1axm7ncjtgo",
      "dataPsmTechnicalLabel": "applicable_legislation",
      "dataPsmHumanLabel": null,
      "dataPsmHumanDescription": null,
      "dataPsmOwner": "https://ofn.gov.cz/class/1740739739555-8d35-9f47-9e03",
      "dataPsmPart": "https://ofn.gov.cz/class/1740739749000-fad4-3590-b4e9",
      "dataPsmIsReverse": false,
      "dataPsmIsDematerialize": null
    },
    {
      "types": [
        "core-operation",
        "https://ofn.gov.cz/slovník/psm/CreateClass"
      ],
      "iri": "https://ofn.gov.cz/operation/1740739749086-c33c-8ff9-9956",
      "parent": "https://ofn.gov.cz/operation/1740739749040-a004-ae34-9572",
      "dataPsmNewIri": null,
      "dataPsmInterpretation": "zoim3eq4hl9m7n8tqa1",
      "dataPsmTechnicalLabel": "katalog",
      "dataPsmHumanLabel": null,
      "dataPsmHumanDescription": null,
      "dataPsmExtends": [],
      "dataPsmIsClosed": null
    },
    {
      "types": [
        "core-operation",
        "https://ofn.gov.cz/slovník/psm/CreateAssociationEnd"
      ],
      "iri": "https://ofn.gov.cz/operation/1740739749125-6f71-029f-8047",
      "parent": "https://ofn.gov.cz/operation/1740739749086-c33c-8ff9-9956",
      "dataPsmNewIri": null,
      "dataPsmInterpretation": "pg1ygd2tf4nm7on10ur",
      "dataPsmTechnicalLabel": "homepage",
      "dataPsmHumanLabel": null,
      "dataPsmHumanDescription": null,
      "dataPsmOwner": "https://ofn.gov.cz/class/1740739739555-8d35-9f47-9e03",
      "dataPsmPart": "https://ofn.gov.cz/class/1740739749086-4603-0b9b-b379",
      "dataPsmIsReverse": true,
      "dataPsmIsDematerialize": null
    },
    {
      "types": [
        "core-operation",
        "https://ofn.gov.cz/slovník/psm/CreateClass"
      ],
      "iri": "https://ofn.gov.cz/operation/1740739749171-1100-81f8-a7f0",
      "parent": "https://ofn.gov.cz/operation/1740739749125-6f71-029f-8047",
      "dataPsmNewIri": null,
      "dataPsmInterpretation": "zoim3eq4hl9m7n8tqa1",
      "dataPsmTechnicalLabel": "katalog",
      "dataPsmHumanLabel": null,
      "dataPsmHumanDescription": null,
      "dataPsmExtends": [],
      "dataPsmIsClosed": null
    },
    {
      "types": [
        "core-operation",
        "https://ofn.gov.cz/slovník/psm/CreateAssociationEnd"
      ],
      "iri": "https://ofn.gov.cz/operation/1740739749210-ece6-2b45-b10a",
      "parent": "https://ofn.gov.cz/operation/1740739749171-1100-81f8-a7f0",
      "dataPsmNewIri": null,
      "dataPsmInterpretation": "0z5thq05e5qm7omybj1",
      "dataPsmTechnicalLabel": "has_part",
      "dataPsmHumanLabel": null,
      "dataPsmHumanDescription": null,
      "dataPsmOwner": "https://ofn.gov.cz/class/1740739739555-8d35-9f47-9e03",
      "dataPsmPart": "https://ofn.gov.cz/class/1740739749171-5935-cac5-a686",
      "dataPsmIsReverse": true,
      "dataPsmIsDematerialize": null
    },
    {
      "types": [
        "core-operation",
        "https://ofn.gov.cz/slovník/psm/CreateClass"
      ],
      "iri": "https://ofn.gov.cz/operation/1740739749258-1bf7-18a6-b274",
      "parent": "https://ofn.gov.cz/operation/1740739749210-ece6-2b45-b10a",
      "dataPsmNewIri": null,
      "dataPsmInterpretation": "zoim3eq4hl9m7n8tqa1",
      "dataPsmTechnicalLabel": "katalog",
      "dataPsmHumanLabel": null,
      "dataPsmHumanDescription": null,
      "dataPsmExtends": [],
      "dataPsmIsClosed": null
    },
    {
      "types": [
        "core-operation",
        "https://ofn.gov.cz/slovník/psm/CreateAssociationEnd"
      ],
      "iri": "https://ofn.gov.cz/operation/1740739749300-14e6-30ba-b206",
      "parent": "https://ofn.gov.cz/operation/1740739749258-1bf7-18a6-b274",
      "dataPsmNewIri": null,
      "dataPsmInterpretation": "fn0cblazvifm7nco87z",
      "dataPsmTechnicalLabel": "katalog",
      "dataPsmHumanLabel": null,
      "dataPsmHumanDescription": null,
      "dataPsmOwner": "https://ofn.gov.cz/class/1740739739555-8d35-9f47-9e03",
      "dataPsmPart": "https://ofn.gov.cz/class/1740739749258-33be-3100-bbd2",
      "dataPsmIsReverse": true,
      "dataPsmIsDematerialize": null
    },
    {
      "types": [
        "core-operation",
        "https://ofn.gov.cz/slovník/psm/DeleteAssociationEnd"
      ],
      "iri": "https://ofn.gov.cz/operation/1740739754200-4bcb-b5fb-b0de",
      "parent": "https://ofn.gov.cz/operation/1740739749300-14e6-30ba-b206",
      "dataPsmOwner": "https://ofn.gov.cz/class/1740739739555-8d35-9f47-9e03",
      "dataPsmAssociationEnd": "https://ofn.gov.cz/association/1740739749125-03b2-dd5c-96bf"
    },
    {
      "types": [
        "core-operation",
        "https://ofn.gov.cz/slovník/psm/DeleteAssociationEnd"
      ],
      "iri": "https://ofn.gov.cz/operation/1740739754688-6aa1-bad9-bdbc",
      "parent": "https://ofn.gov.cz/operation/1740739754200-4bcb-b5fb-b0de",
      "dataPsmOwner": "https://ofn.gov.cz/class/1740739739555-8d35-9f47-9e03",
      "dataPsmAssociationEnd": "https://ofn.gov.cz/association/1740739749210-5ba4-86a1-8f33"
    },
    {
      "types": [
        "core-operation",
        "https://ofn.gov.cz/slovník/psm/DeleteAssociationEnd"
      ],
      "iri": "https://ofn.gov.cz/operation/1740739755543-5e0a-fcf6-a11f",
      "parent": "https://ofn.gov.cz/operation/1740739754688-6aa1-bad9-bdbc",
      "dataPsmOwner": "https://ofn.gov.cz/class/1740739739555-8d35-9f47-9e03",
      "dataPsmAssociationEnd": "https://ofn.gov.cz/association/1740739749300-dc68-f193-9b26"
    }
  ],
  "resources": {
    "e0e0c3ee-61b3-4f42-b95f-5e4826ca5ccb": {
      "types": [
        "https://ofn.gov.cz/slovník/psm/Schema"
      ],
      "iri": "e0e0c3ee-61b3-4f42-b95f-5e4826ca5ccb",
      "dataPsmHumanLabel": {
        "cs": "Katalog",
        "en": "Catalogue"
      },
      "dataPsmHumanDescription": {
        "cs": "Datová struktura pro Katalog. Řízená kolekce metadat o datových sadách a datových službách",
        "en": "Data structure for Catalogue. A curated collection of metadata about resources."
      },
      "dataPsmTechnicalLabel": null,
      "dataPsmRoots": [
        "https://ofn.gov.cz/class/1740739739555-8d35-9f47-9e03"
      ],
      "dataPsmParts": [
        "https://ofn.gov.cz/class/1740739731577-63ea-f5f1-9c85",
        "https://ofn.gov.cz/class/1740739739555-8d35-9f47-9e03",
        "https://ofn.gov.cz/class/1740739748331-fe7a-bbde-9eb7",
        "https://ofn.gov.cz/association/1740739748365-cce8-81cc-9956",
        "https://ofn.gov.cz/class/1740739748405-2160-571a-9a20",
        "https://ofn.gov.cz/association/1740739748440-ddad-fd32-96b1",
        "https://ofn.gov.cz/class/1740739748478-8b30-fd96-a90d",
        "https://ofn.gov.cz/association/1740739748527-2c58-ee74-9f15",
        "https://ofn.gov.cz/class/1740739748594-6f6f-6631-8e6d",
        "https://ofn.gov.cz/association/1740739748629-3aa6-f757-8443",
        "https://ofn.gov.cz/class/1740739748670-401e-c843-80cd",
        "https://ofn.gov.cz/association/1740739748709-c579-0fa6-9eb2",
        "https://ofn.gov.cz/class/1740739748749-f834-09f5-9c5e",
        "https://ofn.gov.cz/association/1740739748785-f999-38d1-a6fa",
        "https://ofn.gov.cz/class/1740739748830-091f-0a49-8a06",
        "https://ofn.gov.cz/association/1740739748872-1ffd-31ab-befa",
        "https://ofn.gov.cz/class/1740739748917-df73-8590-99f7",
        "https://ofn.gov.cz/association/1740739748955-2c1a-e016-a9db",
        "https://ofn.gov.cz/class/1740739749000-fad4-3590-b4e9",
        "https://ofn.gov.cz/association/1740739749040-3906-ba63-ba0e",
        "https://ofn.gov.cz/class/1740739749086-4603-0b9b-b379",
        "https://ofn.gov.cz/class/1740739749171-5935-cac5-a686",
        "https://ofn.gov.cz/class/1740739749258-33be-3100-bbd2"
      ]
    },
    "https://ofn.gov.cz/class/1740739731577-63ea-f5f1-9c85": {
      "types": [
        "https://ofn.gov.cz/slovník/psm/Class"
      ],
      "iri": "https://ofn.gov.cz/class/1740739731577-63ea-f5f1-9c85",
      "dataPsmHumanLabel": null,
      "dataPsmHumanDescription": null,
      "dataPsmTechnicalLabel": "datová_sada",
      "dataPsmInterpretation": "jtw259sgvfm7n8tzri",
      "dataPsmExtends": [],
      "dataPsmParts": [],
      "dataPsmIsClosed": null
    },
    "https://ofn.gov.cz/class/1740739739555-8d35-9f47-9e03": {
      "types": [
        "https://ofn.gov.cz/slovník/psm/Class"
      ],
      "iri": "https://ofn.gov.cz/class/1740739739555-8d35-9f47-9e03",
      "dataPsmHumanLabel": null,
      "dataPsmHumanDescription": null,
      "dataPsmTechnicalLabel": "katalog",
      "dataPsmInterpretation": "zoim3eq4hl9m7n8tqa1",
      "dataPsmExtends": [],
      "dataPsmParts": [
        "https://ofn.gov.cz/association/1740739748365-cce8-81cc-9956",
        "https://ofn.gov.cz/association/1740739748440-ddad-fd32-96b1",
        "https://ofn.gov.cz/association/1740739748527-2c58-ee74-9f15",
        "https://ofn.gov.cz/association/1740739748629-3aa6-f757-8443",
        "https://ofn.gov.cz/association/1740739748709-c579-0fa6-9eb2",
        "https://ofn.gov.cz/association/1740739748785-f999-38d1-a6fa",
        "https://ofn.gov.cz/association/1740739748872-1ffd-31ab-befa",
        "https://ofn.gov.cz/association/1740739748955-2c1a-e016-a9db",
        "https://ofn.gov.cz/association/1740739749040-3906-ba63-ba0e"
      ],
      "dataPsmIsClosed": null
    },
    "https://ofn.gov.cz/class/1740739748331-fe7a-bbde-9eb7": {
      "types": [
        "https://ofn.gov.cz/slovník/psm/Class"
      ],
      "iri": "https://ofn.gov.cz/class/1740739748331-fe7a-bbde-9eb7",
      "dataPsmHumanLabel": null,
      "dataPsmHumanDescription": null,
      "dataPsmTechnicalLabel": "license_document",
      "dataPsmInterpretation": "guif2je1xcbm7on4kfg",
      "dataPsmExtends": [],
      "dataPsmParts": [],
      "dataPsmIsClosed": null
    },
    "https://ofn.gov.cz/association/1740739748365-cce8-81cc-9956": {
      "types": [
        "https://ofn.gov.cz/slovník/psm/AssociationEnd"
      ],
      "iri": "https://ofn.gov.cz/association/1740739748365-cce8-81cc-9956",
      "dataPsmHumanLabel": null,
      "dataPsmHumanDescription": null,
      "dataPsmTechnicalLabel": "licence",
      "dataPsmInterpretation": "0xtlfkvp8wgm7on6vcy",
      "dataPsmPart": "https://ofn.gov.cz/class/1740739748331-fe7a-bbde-9eb7",
      "dataPsmIsReverse": false,
      "dataPsmIsDematerialize": null
    },
    "https://ofn.gov.cz/class/1740739748405-2160-571a-9a20": {
      "types": [
        "https://ofn.gov.cz/slovník/psm/Class"
      ],
      "iri": "https://ofn.gov.cz/class/1740739748405-2160-571a-9a20",
      "dataPsmHumanLabel": null,
      "dataPsmHumanDescription": null,
      "dataPsmTechnicalLabel": "linguistic_system",
      "dataPsmInterpretation": "3829f9ajj9lm7on2ker",
      "dataPsmExtends": [],
      "dataPsmParts": [],
      "dataPsmIsClosed": null
    },
    "https://ofn.gov.cz/association/1740739748440-ddad-fd32-96b1": {
      "types": [
        "https://ofn.gov.cz/slovník/psm/AssociationEnd"
      ],
      "iri": "https://ofn.gov.cz/association/1740739748440-ddad-fd32-96b1",
      "dataPsmHumanLabel": null,
      "dataPsmHumanDescription": null,
      "dataPsmTechnicalLabel": "language",
      "dataPsmInterpretation": "8ailzvtajwm7on3uqo",
      "dataPsmPart": "https://ofn.gov.cz/class/1740739748405-2160-571a-9a20",
      "dataPsmIsReverse": false,
      "dataPsmIsDematerialize": null
    },
    "https://ofn.gov.cz/class/1740739748478-8b30-fd96-a90d": {
      "types": [
        "https://ofn.gov.cz/slovník/psm/Class"
      ],
      "iri": "https://ofn.gov.cz/class/1740739748478-8b30-fd96-a90d",
      "dataPsmHumanLabel": null,
      "dataPsmHumanDescription": null,
      "dataPsmTechnicalLabel": "katalog",
      "dataPsmInterpretation": "zoim3eq4hl9m7n8tqa1",
      "dataPsmExtends": [],
      "dataPsmParts": [],
      "dataPsmIsClosed": null
    },
    "https://ofn.gov.cz/association/1740739748527-2c58-ee74-9f15": {
      "types": [
        "https://ofn.gov.cz/slovník/psm/AssociationEnd"
      ],
      "iri": "https://ofn.gov.cz/association/1740739748527-2c58-ee74-9f15",
      "dataPsmHumanLabel": null,
      "dataPsmHumanDescription": null,
      "dataPsmTechnicalLabel": "homepage",
      "dataPsmInterpretation": "pg1ygd2tf4nm7on10ur",
      "dataPsmPart": "https://ofn.gov.cz/class/1740739748478-8b30-fd96-a90d",
      "dataPsmIsReverse": false,
      "dataPsmIsDematerialize": null
    },
    "https://ofn.gov.cz/class/1740739748594-6f6f-6631-8e6d": {
      "types": [
        "https://ofn.gov.cz/slovník/psm/Class"
      ],
      "iri": "https://ofn.gov.cz/class/1740739748594-6f6f-6631-8e6d",
      "dataPsmHumanLabel": null,
      "dataPsmHumanDescription": null,
      "dataPsmTechnicalLabel": "katalog",
      "dataPsmInterpretation": "zoim3eq4hl9m7n8tqa1",
      "dataPsmExtends": [],
      "dataPsmParts": [],
      "dataPsmIsClosed": null
    },
    "https://ofn.gov.cz/association/1740739748629-3aa6-f757-8443": {
      "types": [
        "https://ofn.gov.cz/slovník/psm/AssociationEnd"
      ],
      "iri": "https://ofn.gov.cz/association/1740739748629-3aa6-f757-8443",
      "dataPsmHumanLabel": null,
      "dataPsmHumanDescription": null,
      "dataPsmTechnicalLabel": "has_part",
      "dataPsmInterpretation": "0z5thq05e5qm7omybj1",
      "dataPsmPart": "https://ofn.gov.cz/class/1740739748594-6f6f-6631-8e6d",
      "dataPsmIsReverse": false,
      "dataPsmIsDematerialize": null
    },
    "https://ofn.gov.cz/class/1740739748670-401e-c843-80cd": {
      "types": [
        "https://ofn.gov.cz/slovník/psm/Class"
      ],
      "iri": "https://ofn.gov.cz/class/1740739748670-401e-c843-80cd",
      "dataPsmHumanLabel": null,
      "dataPsmHumanDescription": null,
      "dataPsmTechnicalLabel": "location",
      "dataPsmInterpretation": "ketrrzwrqtqm7olj9yn",
      "dataPsmExtends": [],
      "dataPsmParts": [],
      "dataPsmIsClosed": null
    },
    "https://ofn.gov.cz/association/1740739748709-c579-0fa6-9eb2": {
      "types": [
        "https://ofn.gov.cz/slovník/psm/AssociationEnd"
      ],
      "iri": "https://ofn.gov.cz/association/1740739748709-c579-0fa6-9eb2",
      "dataPsmHumanLabel": null,
      "dataPsmHumanDescription": null,
      "dataPsmTechnicalLabel": "geographical_coverage",
      "dataPsmInterpretation": "tnec9us08xcm7olkv69",
      "dataPsmPart": "https://ofn.gov.cz/class/1740739748670-401e-c843-80cd",
      "dataPsmIsReverse": false,
      "dataPsmIsDematerialize": null
    },
    "https://ofn.gov.cz/class/1740739748749-f834-09f5-9c5e": {
      "types": [
        "https://ofn.gov.cz/slovník/psm/Class"
      ],
      "iri": "https://ofn.gov.cz/class/1740739748749-f834-09f5-9c5e",
      "dataPsmHumanLabel": null,
      "dataPsmHumanDescription": null,
      "dataPsmTechnicalLabel": "agent",
      "dataPsmInterpretation": "1scx2ocw9sam7nas754",
      "dataPsmExtends": [],
      "dataPsmParts": [],
      "dataPsmIsClosed": null
    },
    "https://ofn.gov.cz/association/1740739748785-f999-38d1-a6fa": {
      "types": [
        "https://ofn.gov.cz/slovník/psm/AssociationEnd"
      ],
      "iri": "https://ofn.gov.cz/association/1740739748785-f999-38d1-a6fa",
      "dataPsmHumanLabel": null,
      "dataPsmHumanDescription": null,
      "dataPsmTechnicalLabel": "creator",
      "dataPsmInterpretation": "u9w0gdprf1m7ncrm0t",
      "dataPsmPart": "https://ofn.gov.cz/class/1740739748749-f834-09f5-9c5e",
      "dataPsmIsReverse": false,
      "dataPsmIsDematerialize": null
    },
    "https://ofn.gov.cz/class/1740739748830-091f-0a49-8a06": {
      "types": [
        "https://ofn.gov.cz/slovník/psm/Class"
      ],
      "iri": "https://ofn.gov.cz/class/1740739748830-091f-0a49-8a06",
      "dataPsmHumanLabel": null,
      "dataPsmHumanDescription": null,
      "dataPsmTechnicalLabel": "datová_sada",
      "dataPsmInterpretation": "jtw259sgvfm7n8tzri",
      "dataPsmExtends": [],
      "dataPsmParts": [],
      "dataPsmIsClosed": null
    },
    "https://ofn.gov.cz/association/1740739748872-1ffd-31ab-befa": {
      "types": [
        "https://ofn.gov.cz/slovník/psm/AssociationEnd"
      ],
      "iri": "https://ofn.gov.cz/association/1740739748872-1ffd-31ab-befa",
      "dataPsmHumanLabel": null,
      "dataPsmHumanDescription": null,
      "dataPsmTechnicalLabel": "datová_sada",
      "dataPsmInterpretation": "f9urusuuzjm7ncsoo0",
      "dataPsmPart": "https://ofn.gov.cz/class/1740739748830-091f-0a49-8a06",
      "dataPsmIsReverse": false,
      "dataPsmIsDematerialize": null
    },
    "https://ofn.gov.cz/class/1740739748917-df73-8590-99f7": {
      "types": [
        "https://ofn.gov.cz/slovník/psm/Class"
      ],
      "iri": "https://ofn.gov.cz/class/1740739748917-df73-8590-99f7",
      "dataPsmHumanLabel": null,
      "dataPsmHumanDescription": null,
      "dataPsmTechnicalLabel": "katalog",
      "dataPsmInterpretation": "zoim3eq4hl9m7n8tqa1",
      "dataPsmExtends": [],
      "dataPsmParts": [],
      "dataPsmIsClosed": null
    },
    "https://ofn.gov.cz/association/1740739748955-2c1a-e016-a9db": {
      "types": [
        "https://ofn.gov.cz/slovník/psm/AssociationEnd"
      ],
      "iri": "https://ofn.gov.cz/association/1740739748955-2c1a-e016-a9db",
      "dataPsmHumanLabel": null,
      "dataPsmHumanDescription": null,
      "dataPsmTechnicalLabel": "katalog",
      "dataPsmInterpretation": "fn0cblazvifm7nco87z",
      "dataPsmPart": "https://ofn.gov.cz/class/1740739748917-df73-8590-99f7",
      "dataPsmIsReverse": false,
      "dataPsmIsDematerialize": null
    },
    "https://ofn.gov.cz/class/1740739749000-fad4-3590-b4e9": {
      "types": [
        "https://ofn.gov.cz/slovník/psm/Class"
      ],
      "iri": "https://ofn.gov.cz/class/1740739749000-fad4-3590-b4e9",
      "dataPsmHumanLabel": null,
      "dataPsmHumanDescription": null,
      "dataPsmTechnicalLabel": "legal_resource",
      "dataPsmInterpretation": "t6zsav79kwm7nclbbz",
      "dataPsmExtends": [],
      "dataPsmParts": [],
      "dataPsmIsClosed": null
    },
    "https://ofn.gov.cz/association/1740739749040-3906-ba63-ba0e": {
      "types": [
        "https://ofn.gov.cz/slovník/psm/AssociationEnd"
      ],
      "iri": "https://ofn.gov.cz/association/1740739749040-3906-ba63-ba0e",
      "dataPsmHumanLabel": null,
      "dataPsmHumanDescription": null,
      "dataPsmTechnicalLabel": "applicable_legislation",
      "dataPsmInterpretation": "997421r1axm7ncjtgo",
      "dataPsmPart": "https://ofn.gov.cz/class/1740739749000-fad4-3590-b4e9",
      "dataPsmIsReverse": false,
      "dataPsmIsDematerialize": null
    },
    "https://ofn.gov.cz/class/1740739749086-4603-0b9b-b379": {
      "types": [
        "https://ofn.gov.cz/slovník/psm/Class"
      ],
      "iri": "https://ofn.gov.cz/class/1740739749086-4603-0b9b-b379",
      "dataPsmHumanLabel": null,
      "dataPsmHumanDescription": null,
      "dataPsmTechnicalLabel": "katalog",
      "dataPsmInterpretation": "zoim3eq4hl9m7n8tqa1",
      "dataPsmExtends": [],
      "dataPsmParts": [],
      "dataPsmIsClosed": null
    },
    "https://ofn.gov.cz/class/1740739749171-5935-cac5-a686": {
      "types": [
        "https://ofn.gov.cz/slovník/psm/Class"
      ],
      "iri": "https://ofn.gov.cz/class/1740739749171-5935-cac5-a686",
      "dataPsmHumanLabel": null,
      "dataPsmHumanDescription": null,
      "dataPsmTechnicalLabel": "katalog",
      "dataPsmInterpretation": "zoim3eq4hl9m7n8tqa1",
      "dataPsmExtends": [],
      "dataPsmParts": [],
      "dataPsmIsClosed": null
    },
    "https://ofn.gov.cz/class/1740739749258-33be-3100-bbd2": {
      "types": [
        "https://ofn.gov.cz/slovník/psm/Class"
      ],
      "iri": "https://ofn.gov.cz/class/1740739749258-33be-3100-bbd2",
      "dataPsmHumanLabel": null,
      "dataPsmHumanDescription": null,
      "dataPsmTechnicalLabel": "katalog",
      "dataPsmInterpretation": "zoim3eq4hl9m7n8tqa1",
      "dataPsmExtends": [],
      "dataPsmParts": [],
      "dataPsmIsClosed": null
    }
  }
}