{
  "iri": "31c15e62-6f46-4c53-ad4d-cf900421feb6/d60d4bfb-04ab-4ad5-ac13-93dbdee6dbc1",
  "types": [
    "http://dataspecer.com/resources/local/package"
  ],
  "userMetadata": {
    "label": {
      "cs": "DCAT-AP-CZ - podmínky užití",
      "en": "DCAT-AP-CZ - terms of use"
    },
    "description": {},
    "importedFromUrl": "https://mff-uk.github.io/specifications/dcat-ap-cz-podmínky-užití/",
    "documentBaseUrl": "https://mff-uk.github.io/specifications/dcat-ap-cz-podmínky-užití/"
  },
  "metadata": {
    "creationDate": "2025-03-04T14:46:35.064Z",
    "modificationDate": "2025-04-04T11:06:17.381Z"
  },
  "_version": 1,
  "_exportVersion": 1,
  "_exportedAt": "2025-04-04T11:08:50.519Z",
  "_exportedBy": "http://localhost:3100"
}