{
  "iri": "31c15e62-6f46-4c53-ad4d-cf900421feb6/d60d4bfb-04ab-4ad5-ac13-93dbdee6dbc1/09e1a1a6-7f16-4663-bbc9-6962e533ef4c",
  "types": [
    "https://dataspecer.com/core/model-descriptor/pim-store-wrapper"
  ],
  "userMetadata": {
    "documentBaseUrl": "https://www.w3.org/ns/dcat3.ttl",
    "label": {
      "en": "dcat3"
    }
  },
  "metadata": {
    "creationDate": "2025-03-04T14:46:35.555Z",
    "modificationDate": "2025-04-04T11:06:17.294Z"
  },
  "_version": 1,
  "_exportVersion": 1,
  "_exportedAt": "2025-04-04T11:08:50.517Z",
  "_exportedBy": "http://localhost:3100"
}