{
  "iri": "31c15e62-6f46-4c53-ad4d-cf900421feb6/d60d4bfb-04ab-4ad5-ac13-93dbdee6dbc1/ae5a3601-064b-4314-9064-b6d56254bded",
  "types": [
    "https://dataspecer.com/core/model-descriptor/pim-store-wrapper"
  ],
  "userMetadata": {
    "documentBaseUrl": "https://www.dublincore.org/specifications/dublin-core/dcmi-terms/dublin_core_terms.ttl",
    "label": {
      "en": "dublin_core_terms"
    }
  },
  "metadata": {
    "creationDate": "2025-03-04T14:46:35.233Z",
    "modificationDate": "2025-04-04T11:06:17.181Z"
  },
  "_version": 1,
  "_exportVersion": 1,
  "_exportedAt": "2025-04-04T11:08:50.514Z",
  "_exportedBy": "http://localhost:3100"
}