{
  "iri": "3380f69e-138c-4c8d-b067-316e25615d88/577f9fc9-4d08-43c1-bd8a-3a682e76987a/191c6038-0e4c-4af4-822d-bf9528f2c0a7",
  "types": [
    "https://dataspecer.com/core/model-descriptor/pim-store-wrapper"
  ],
  "userMetadata": {
    "documentBaseUrl": "https://www.w3.org/ns/legacy_adms",
    "label": {
      "en": "legacy_adms"
    }
  },
  "metadata": {
    "creationDate": "2025-04-03T15:13:12.773Z",
    "modificationDate": "2025-04-03T16:04:46.208Z"
  },
  "_version": 1,
  "_exportVersion": 1,
  "_exportedAt": "2025-04-03T16:06:25.331Z",
  "_exportedBy": "http://localhost:3100"
}