{
  "iri": "3380f69e-138c-4c8d-b067-316e25615d88/577f9fc9-4d08-43c1-bd8a-3a682e76987a/36aff8f7-8b55-4ebd-b11c-919b6b87610b",
  "types": [
    "https://dataspecer.com/core/model-descriptor/pim-store-wrapper"
  ],
  "userMetadata": {
    "documentBaseUrl": "https://www.w3.org/ns/dcat3.ttl",
    "label": {
      "en": "dcat3"
    }
  },
  "metadata": {
    "creationDate": "2025-04-03T15:13:12.407Z",
    "modificationDate": "2025-04-03T16:04:46.142Z"
  },
  "_version": 1,
  "_exportVersion": 1,
  "_exportedAt": "2025-04-03T16:06:25.329Z",
  "_exportedBy": "http://localhost:3100"
}