{
  "iri": "3380f69e-138c-4c8d-b067-316e25615d88/577f9fc9-4d08-43c1-bd8a-3a682e76987a/6a3094f9-ae1d-4ae1-acb3-b941fab3c9d8",
  "types": [
    "https://dataspecer.com/core/model-descriptor/pim-store-wrapper"
  ],
  "userMetadata": {
    "documentBaseUrl": "https://www.dublincore.org/specifications/dublin-core/dcmi-terms/dublin_core_terms.ttl",
    "label": {
      "en": "dublin_core_terms"
    }
  },
  "metadata": {
    "creationDate": "2025-04-03T15:13:11.765Z",
    "modificationDate": "2025-04-03T16:04:46.003Z"
  },
  "_version": 1,
  "_exportVersion": 1,
  "_exportedAt": "2025-04-03T16:06:25.324Z",
  "_exportedBy": "http://localhost:3100"
}