{
  "iri": "3380f69e-138c-4c8d-b067-316e25615d88/577f9fc9-4d08-43c1-bd8a-3a682e76987a/e82e884a-a4f3-462a-ad46-1a1163e1ee86",
  "types": [
    "https://dataspecer.com/core/model-descriptor/pim-store-wrapper"
  ],
  "userMetadata": {
    "documentBaseUrl": "https://www.w3.org/ns/prov-o",
    "label": {
      "en": "prov-o"
    }
  },
  "metadata": {
    "creationDate": "2025-04-03T15:13:13.779Z",
    "modificationDate": "2025-04-03T16:04:46.437Z"
  },
  "_version": 1,
  "_exportVersion": 1,
  "_exportedAt": "2025-04-03T16:06:25.338Z",
  "_exportedBy": "http://localhost:3100"
}