{
  "iri": "3380f69e-138c-4c8d-b067-316e25615d88/577f9fc9-4d08-43c1-bd8a-3a682e76987a/profile",
  "types": [
    "http://dataspecer.com/resources/local/semantic-model"
  ],
  "userMetadata": {
    "label": {
      "en": "DCAT Default Application Profile"
    },
    "documentBaseUrl": "https://mff-uk.github.io/specifications/dcat-dap/"
  },
  "metadata": {
    "creationDate": "2025-04-03T15:13:14.310Z",
    "modificationDate": "2025-04-03T16:04:46.510Z"
  },
  "_version": 1,
  "_exportVersion": 1,
  "_exportedAt": "2025-04-03T16:06:25.341Z",
  "_exportedBy": "http://localhost:3100"
}