{
  "iri": "3380f69e-138c-4c8d-b067-316e25615d88/de82db17-a0f5-495d-be5a-a933606f7cf1",
  "types": [
    "http://dataspecer.com/resources/local/package"
  ],
  "userMetadata": {
    "label": {
      "en": "DCAT 3 Default Application Profile",
      "cs": "Výchozí aplikační profil DCAT 3"
    },
    "description": {},
    "importedFromUrl": "https://mff-uk.github.io/specifications/dcat-dap/",
    "documentBaseUrl": "https://mff-uk.github.io/specifications/dcat-dap/"
  },
  "metadata": {
    "creationDate": "2025-05-13T10:58:57.942Z",
    "modificationDate": "2025-05-13T10:59:05.180Z"
  },
  "_version": 1,
  "_exportVersion": 1,
  "_exportedAt": "2025-05-13T10:59:25.814Z",
  "_exportedBy": "http://localhost:3100"
}