{
  "iri": "3380f69e-138c-4c8d-b067-316e25615d88/de82db17-a0f5-495d-be5a-a933606f7cf1/845d70ee-451e-4e2c-8742-61ea92e588ed",
  "types": [
    "https://dataspecer.com/core/model-descriptor/pim-store-wrapper"
  ],
  "userMetadata": {
    "documentBaseUrl": "https://datagov-cz.github.io/cache-slovniku/skos.rdf",
    "label": {
      "en": "skos"
    }
  },
  "metadata": {
    "creationDate": "2025-05-13T10:58:58.433Z",
    "modificationDate": "2025-05-13T10:58:58.505Z"
  },
  "_version": 1,
  "_exportVersion": 1,
  "_exportedAt": "2025-05-13T10:59:25.776Z",
  "_exportedBy": "http://localhost:3100"
}