{
  "iri": "3380f69e-138c-4c8d-b067-316e25615d88/de82db17-a0f5-495d-be5a-a933606f7cf1/8819f45f-7018-42e1-a7fa-6a3e800861fa",
  "types": [
    "https://dataspecer.com/core/model-descriptor/pim-store-wrapper"
  ],
  "userMetadata": {
    "documentBaseUrl": "https://semiceu.github.io/Core-Location-Vocabulary/releases/2.00/voc/core-location-ap.ttl",
    "label": {
      "en": "core-location-ap"
    }
  },
  "metadata": {
    "creationDate": "2025-05-13T10:58:58.932Z",
    "modificationDate": "2025-05-13T10:58:58.965Z"
  },
  "_version": 1,
  "_exportVersion": 1,
  "_exportedAt": "2025-05-13T10:59:25.793Z",
  "_exportedBy": "http://localhost:3100"
}