{
  "iri": "3380f69e-138c-4c8d-b067-316e25615d88/de82db17-a0f5-495d-be5a-a933606f7cf1/a5e778ba-5ce4-486d-9d10-d8f177206b05",
  "types": [
    "https://dataspecer.com/core/model-descriptor/pim-store-wrapper"
  ],
  "userMetadata": {
    "documentBaseUrl": "https://datagov-cz.github.io/cache-slovniku/foaf.ttl",
    "label": {
      "en": "foaf"
    }
  },
  "metadata": {
    "creationDate": "2025-05-13T10:59:00.945Z",
    "modificationDate": "2025-05-13T10:59:00.992Z"
  },
  "_version": 1,
  "_exportVersion": 1,
  "_exportedAt": "2025-05-13T10:59:25.799Z",
  "_exportedBy": "http://localhost:3100"
}