{
  "iri": "3380f69e-138c-4c8d-b067-316e25615d88/de82db17-a0f5-495d-be5a-a933606f7cf1/db7770e3-5201-4359-88dc-be2ff2006365",
  "types": [
    "https://dataspecer.com/core/model-descriptor/pim-store-wrapper"
  ],
  "userMetadata": {
    "documentBaseUrl": "https://www.w3.org/ns/legacy_adms",
    "label": {
      "en": "legacy_adms"
    }
  },
  "metadata": {
    "creationDate": "2025-05-13T10:59:04.445Z",
    "modificationDate": "2025-05-13T10:59:04.850Z"
  },
  "_version": 1,
  "_exportVersion": 1,
  "_exportedAt": "2025-05-13T10:59:25.811Z",
  "_exportedBy": "http://localhost:3100"
}