{
  "iri": "31c15e62-6f46-4c53-ad4d-cf900421feb6/67cbf031-6974-41ae-aa05-85ae9d2b0aa2",
  "types": [
    "http://dataspecer.com/resources/local/package"
  ],
  "userMetadata": {
    "label": {
      "en": "DCAT-AP based on DCAT-DAP"
    },
    "description": {},
    "importedFromUrl": "https://mff-uk.github.io/specifications/dcat-ap/",
    "documentBaseUrl": "https://mff-uk.github.io/specifications/dcat-ap/"
  },
  "metadata": {
    "creationDate": "2025-04-04T10:55:34.965Z",
    "modificationDate": "2025-04-04T11:06:18.881Z"
  },
  "_version": 1,
  "_exportVersion": 1,
  "_exportedAt": "2025-04-04T11:08:50.586Z",
  "_exportedBy": "http://localhost:3100"
}