{
  "iri": "31c15e62-6f46-4c53-ad4d-cf900421feb6/67cbf031-6974-41ae-aa05-85ae9d2b0aa2/eadbe1fc-3f0d-4025-a1d8-1990eaf8caf2",
  "types": [
    "https://dataspecer.com/core/model-descriptor/pim-store-wrapper"
  ],
  "userMetadata": {
    "documentBaseUrl": "https://op.europa.eu/documents/3938058/11669184/eli.owl/"
  },
  "metadata": {
    "creationDate": "2025-04-04T10:55:40.415Z",
    "modificationDate": "2025-04-04T11:06:17.450Z"
  },
  "_version": 1,
  "_exportVersion": 1,
  "_exportedAt": "2025-04-04T11:08:50.579Z",
  "_exportedBy": "http://localhost:3100"
}