{
  "modelCompositionConfiguration": {
    "modelType": "application-profile",
    "model": "118ae430-a2fa-403a-a3e6-6657cda471b3",
    "canAddEntities": false,
    "canModify": false,
    "profiles": {
      "modelType": "merge",
      "models": null
    }
  },
  "configuration": {
    "https://schemas.dataspecer.com/documentation-generator-config/": {
      "partials": {
        "html-head": "<meta charset=\"utf-8\" />\n<title>{{translate label}}</title>\n<meta name=\"color-scheme\" content=\"light dark\">\n<script type=\"application/ld+json\">\n  {{{json dsv}}}\n</script>\n<script\n  src=\"https://ofn.gov.cz/static/js/respec-odcz.js\"\n  class=\"remove\"\n  defer\n></script>\n<script class=\"remove\">\n  // All config options at https://respec.org/docs/\n  var respecConfig = {\n    specStatus: \"ED\",\n    shortName: \"dcat-ap-cz\",               \n    showPreviousVersion: true,\n    prevRecURI: \"https://ofn.gov.cz/rozhraní-katalogů-otevřených-dat/2021-01-11/\",\n    prevVersion: \"https://ofn.gov.cz/rozhraní-katalogů-otevřených-dat/2021-01-11/\",\n    thisVersion: \"https://ofn.gov.cz/dcat-ap-cz/draft/\",\n    latestVersion: \"https://ofn.gov.cz/dcat-ap-cz/\",\n    editors: [{\n      name: \"Jakub Klímek\",\n      orcid: \"0000-0001-7234-3051\",\n      company:    \"Digitální a informační agentura\",\n      companyURL: \"https://dia.gov.cz\"\n    }],\n    inlineCSS: \"true\",\n    github: \"https://github.com/datagov-cz/otevrene-formalni-normy/\",\n    otherLinks: [{\n        key: \"Links\",\n        data: [{\n            value: \"Portál otevřených dat\",\n            href: \"https://data.gov.cz\"\n        },{\n            value: \"Kontaktní e-mail\",\n            href: \"mailto:otevrenadata@dia.gov.cz\"\n        }]\n    }]\n  };\n</script>\n\n<style>\n  .figure img, .sidefigure img, figure img, .figure object, .sidefigure object, figure object, img, .img {\n    max-width: 100%;\n    margin: auto;\n    height: auto;\n  }\n\n  table.simple {\n    margin: auto;\n    border-spacing: 0;\n    border-collapse: collapse;\n  }\n\n  table.simple th {\n    padding: 3px 10px;\n    text-align: left;\n  }\n\n  table.simple td {\n    border-top: 1px solid #ddd;\n    padding: 3px 10px;\n  }\n</style>",
        "abstract-cs": "<p>\r\n    Cílem tohoto dokumentu je specifikovat základní datový model českého aplikačního profilu evropského standardu <a href=\"https://semiceu.github.io/DCAT-AP/releases/3.0.0/\">DCAT-AP 3.0.0</a> pro katalogizaci dat.\r\n    Z DCAT-AP 3.0.0 je identifikována pro české prostředí relevantní podmnožina pojmů a jejich vazeb.\r\n    Nad rámec DCAT-AP 3.0.0 je specifikován zejména detailnější způsob reprezentace podmínek užití distribuce datové sady, ale také způsob reprezentace územního pokrytí datové sady pomocí základního registru RÚIAN, identifikace OVM dle základního registru RPP a možnost anotovat téma datové sady pomocí tezauru EuroVoc.\r\n    Tento základní model je možné rozšiřovat a uzpůsobovat pro použití v konkrétnějších případech.\r\n</p>\r\n<p>\r\n    V současnosti jsou známy následující aplikační profily DCAT-AP-CZ v různých stupních rozpracovanosti:\r\n    <ul>\r\n        <li><a href=\"../../dcat-ap-cz-rozhraní-katalogů-otevřených-dat/\">Rozhraní katalogů otevřených dat</a>, včetně podpory High-Value Datasets</li>\r\n        <li><a href=\"../../dcat-ap-cz-360-2023/\">Specifikace pro vyhlášku č. 360/2023 Sb., o dlouhodobém řízení informačních systémů veřejné správy</a></li>\r\n        <li><a href=\"../../dcat-ap-cz-dga/\">Inventární seznam dle Data Governance Act (DGA)</a></li>\r\n        <li><a href=\"../../dcat-ap-cz-nkod/\">Dokumentace obsahu Národního katalogu otevřených dat (NKOD)</a></li>\r\n    </ul>\r\n</p>"
      }
    }
  }
}