{
  "operations": [
    {
      "types": [
        "core-operation",
        "https://ofn.gov.cz/slovník/psm/CreateClass"
      ],
      "iri": "https://ofn.gov.cz/operation/1744784525620-b178-08a9-9e7e",
      "parent": null,
      "dataPsmNewIri": null,
      "dataPsmInterpretation": "l5uwbja7788m7u7fjmv",
      "dataPsmTechnicalLabel": "datová_sada",
      "dataPsmHumanLabel": null,
      "dataPsmHumanDescription": null,
      "dataPsmExtends": [],
      "dataPsmIsClosed": null
    },
    {
      "types": [
        "core-operation",
        "https://ofn.gov.cz/slovník/psm/SetRoots"
      ],
      "iri": "https://ofn.gov.cz/operation/1744784525689-4777-19d7-8b24",
      "parent": "https://ofn.gov.cz/operation/1744784525620-b178-08a9-9e7e",
      "dataPsmRoots": [
        "https://ofn.gov.cz/class/1744784525620-12b1-2641-a4e1"
      ]
    },
    {
      "types": [
        "core-operation",
        "https://ofn.gov.cz/slovník/psm/SetHumanLabel"
      ],
      "iri": "https://ofn.gov.cz/operation/1744784525731-ed38-b4af-9ccf",
      "parent": "https://ofn.gov.cz/operation/1744784525689-4777-19d7-8b24",
      "dataPsmResource": "ab617fe7-db21-459b-a1ee-d8a8cb95bd98",
      "dataPsmHumanLabel": {
        "cs": "Datová sada",
        "en": "Dataset"
      }
    },
    {
      "types": [
        "core-operation",
        "https://ofn.gov.cz/slovník/psm/SetHumanDescription"
      ],
      "iri": "https://ofn.gov.cz/operation/1744784525768-959e-2192-9d07",
      "parent": "https://ofn.gov.cz/operation/1744784525731-ed38-b4af-9ccf",
      "dataPsmResource": "ab617fe7-db21-459b-a1ee-d8a8cb95bd98",
      "dataPsmHumanDescription": {
        "cs": "Datová struktura pro Datová sada. Kolekce dat poskytovaná či řízená jedním zdrojem, která je k dispozici pro přístup či stažení v jednom či více formátech.",
        "en": "Data structure for Dataset. A conceptual entity that represents the information published."
      }
    },
    {
      "types": [
        "core-operation",
        "https://ofn.gov.cz/slovník/psm/CreateClass"
      ],
      "iri": "https://ofn.gov.cz/operation/1744784531153-843f-4e81-8266",
      "parent": "https://ofn.gov.cz/operation/1744784525768-959e-2192-9d07",
      "dataPsmNewIri": null,
      "dataPsmInterpretation": "gkm4tfmrz0om7u7p4go",
      "dataPsmTechnicalLabel": "kontaktní_bod",
      "dataPsmHumanLabel": null,
      "dataPsmHumanDescription": null,
      "dataPsmExtends": [],
      "dataPsmIsClosed": null
    },
    {
      "types": [
        "core-operation",
        "https://ofn.gov.cz/slovník/psm/CreateAssociationEnd"
      ],
      "iri": "https://ofn.gov.cz/operation/1744784531184-f616-d596-9e25",
      "parent": "https://ofn.gov.cz/operation/1744784531153-843f-4e81-8266",
      "dataPsmNewIri": null,
      "dataPsmInterpretation": "p3449nde2xhm7u9fyou",
      "dataPsmTechnicalLabel": "kontaktní_bod",
      "dataPsmHumanLabel": null,
      "dataPsmHumanDescription": null,
      "dataPsmOwner": "https://ofn.gov.cz/class/1744784525620-12b1-2641-a4e1",
      "dataPsmPart": "https://ofn.gov.cz/class/1744784531153-b352-ebe1-9770",
      "dataPsmIsReverse": false,
      "dataPsmIsDematerialize": null
    },
    {
      "types": [
        "core-operation",
        "https://ofn.gov.cz/slovník/psm/CreateContainer"
      ],
      "iri": "https://ofn.gov.cz/operation/1744784540268-22b4-6a5c-ba37",
      "parent": "https://ofn.gov.cz/operation/1744784531184-f616-d596-9e25",
      "dataPsmNewIri": null,
      "dataPsmInterpretation": null,
      "dataPsmTechnicalLabel": null,
      "dataPsmHumanLabel": null,
      "dataPsmHumanDescription": null,
      "dataPsmOwner": "https://ofn.gov.cz/class/1744784531153-b352-ebe1-9770",
      "dataPsmContainerType": "choice"
    },
    {
      "types": [
        "core-operation",
        "https://ofn.gov.cz/slovník/psm/SetCardinality"
      ],
      "iri": "https://ofn.gov.cz/operation/1744784540314-2139-ca79-a75d",
      "parent": "https://ofn.gov.cz/operation/1744784540268-22b4-6a5c-ba37",
      "entityId": "https://ofn.gov.cz/Container/1744784540268-e3a7-d73e-abdb",
      "dataPsmCardinality": [
        1,
        1
      ]
    },
    {
      "types": [
        "core-operation",
        "https://ofn.gov.cz/slovník/psm/DeleteContainer"
      ],
      "iri": "https://ofn.gov.cz/operation/1744784551476-fcc0-fc0f-9dd7",
      "parent": "https://ofn.gov.cz/operation/1744784540314-2139-ca79-a75d",
      "dataPsmOwner": "https://ofn.gov.cz/class/1744784531153-b352-ebe1-9770",
      "dataPsmContainer": "https://ofn.gov.cz/Container/1744784540268-e3a7-d73e-abdb"
    },
    {
      "types": [
        "core-operation",
        "https://ofn.gov.cz/slovník/psm/CreateContainer"
      ],
      "iri": "https://ofn.gov.cz/operation/1744784556609-0819-467f-a153",
      "parent": "https://ofn.gov.cz/operation/1744784551476-fcc0-fc0f-9dd7",
      "dataPsmNewIri": null,
      "dataPsmInterpretation": null,
      "dataPsmTechnicalLabel": null,
      "dataPsmHumanLabel": null,
      "dataPsmHumanDescription": null,
      "dataPsmOwner": "https://ofn.gov.cz/class/1744784525620-12b1-2641-a4e1",
      "dataPsmContainerType": "choice"
    },
    {
      "types": [
        "core-operation",
        "https://ofn.gov.cz/slovník/psm/SetCardinality"
      ],
      "iri": "https://ofn.gov.cz/operation/1744784556652-dae5-dadc-89ac",
      "parent": "https://ofn.gov.cz/operation/1744784556609-0819-467f-a153",
      "entityId": "https://ofn.gov.cz/Container/1744784556609-7b3b-d8bb-a9b0",
      "dataPsmCardinality": [
        1,
        1
      ]
    },
    {
      "types": [
        "core-operation",
        "https://ofn.gov.cz/slovník/psm/SetOrder"
      ],
      "iri": "https://ofn.gov.cz/operation/1744784559306-cec3-9a47-9078",
      "parent": "https://ofn.gov.cz/operation/1744784556652-dae5-dadc-89ac",
      "dataPsmOwnerClass": "https://ofn.gov.cz/class/1744784525620-12b1-2641-a4e1",
      "dataPsmResourceToMove": "https://ofn.gov.cz/association/1744784531184-35b0-66f7-9473",
      "dataPsmMoveAfter": null
    },
    {
      "types": [
        "core-operation",
        "https://ofn.gov.cz/slovník/psm/SetOrder"
      ],
      "iri": "https://ofn.gov.cz/operation/1744784561457-2594-6f4b-bc1e",
      "parent": "https://ofn.gov.cz/operation/1744784559306-cec3-9a47-9078",
      "dataPsmOwnerClass": "https://ofn.gov.cz/class/1744784525620-12b1-2641-a4e1",
      "dataPsmResourceToMove": "https://ofn.gov.cz/association/1744784531184-35b0-66f7-9473",
      "dataPsmMoveAfter": "https://ofn.gov.cz/Container/1744784556609-7b3b-d8bb-a9b0"
    },
    {
      "types": [
        "core-operation",
        "https://ofn.gov.cz/slovník/psm/SetOrder"
      ],
      "iri": "https://ofn.gov.cz/operation/1744784570858-27ee-0163-ba8e",
      "parent": "https://ofn.gov.cz/operation/1744784561457-2594-6f4b-bc1e",
      "dataPsmOwnerClass": "https://ofn.gov.cz/class/1744784525620-12b1-2641-a4e1",
      "dataPsmResourceToMove": "https://ofn.gov.cz/association/1744784531184-35b0-66f7-9473",
      "dataPsmMoveAfter": null
    },
    {
      "types": [
        "core-operation",
        "https://ofn.gov.cz/slovník/psm/MoveProperty"
      ],
      "iri": "https://ofn.gov.cz/operation/1744784572667-fc90-3d66-81d7",
      "parent": "https://ofn.gov.cz/operation/1744784570858-27ee-0163-ba8e",
      "dataPsmSourceContainer": "https://ofn.gov.cz/class/1744784525620-12b1-2641-a4e1",
      "dataPsmProperty": "https://ofn.gov.cz/association/1744784531184-35b0-66f7-9473",
      "dataPsmTargetContainer": "https://ofn.gov.cz/Container/1744784556609-7b3b-d8bb-a9b0",
      "dataPsmMoveAfter": null
    },
    {
      "types": [
        "core-operation",
        "https://ofn.gov.cz/slovník/psm/CreateClass"
      ],
      "iri": "https://ofn.gov.cz/operation/1744784578741-4ccf-a357-99ab",
      "parent": "https://ofn.gov.cz/operation/1744784572667-fc90-3d66-81d7",
      "dataPsmNewIri": null,
      "dataPsmInterpretation": "gkm4tfmrz0om7u7p4go",
      "dataPsmTechnicalLabel": "kontaktní_bod",
      "dataPsmHumanLabel": null,
      "dataPsmHumanDescription": null,
      "dataPsmExtends": [],
      "dataPsmIsClosed": null
    },
    {
      "types": [
        "core-operation",
        "https://ofn.gov.cz/slovník/psm/CreateAssociationEnd"
      ],
      "iri": "https://ofn.gov.cz/operation/1744784578774-96aa-e136-85da",
      "parent": "https://ofn.gov.cz/operation/1744784578741-4ccf-a357-99ab",
      "dataPsmNewIri": null,
      "dataPsmInterpretation": "p3449nde2xhm7u9fyou",
      "dataPsmTechnicalLabel": "kontaktní_bod",
      "dataPsmHumanLabel": null,
      "dataPsmHumanDescription": null,
      "dataPsmOwner": "https://ofn.gov.cz/Container/1744784556609-7b3b-d8bb-a9b0",
      "dataPsmPart": "https://ofn.gov.cz/class/1744784578741-86ba-2730-9275",
      "dataPsmIsReverse": false,
      "dataPsmIsDematerialize": null
    },
    {
      "types": [
        "core-operation",
        "https://ofn.gov.cz/slovník/psm/CreateClass"
      ],
      "iri": "https://ofn.gov.cz/operation/1744784585280-3d64-c65b-b130",
      "parent": "https://ofn.gov.cz/operation/1744784578774-96aa-e136-85da",
      "dataPsmNewIri": null,
      "dataPsmInterpretation": "yx2vouei63m9gx99ix",
      "dataPsmTechnicalLabel": "organizace",
      "dataPsmHumanLabel": null,
      "dataPsmHumanDescription": null,
      "dataPsmExtends": [],
      "dataPsmIsClosed": null
    },
    {
      "types": [
        "core-operation",
        "https://ofn.gov.cz/slovník/psm/ReplaceAlongInheritance"
      ],
      "iri": "https://ofn.gov.cz/operation/1744784585315-8432-4ff7-a90a",
      "parent": "https://ofn.gov.cz/operation/1744784585280-3d64-c65b-b130",
      "dataPsmOriginalClass": "https://ofn.gov.cz/class/1744784531153-b352-ebe1-9770",
      "dataPsmReplacingClass": "https://ofn.gov.cz/class/1744784585280-eb6c-e72b-8e86"
    },
    {
      "types": [
        "core-operation",
        "https://ofn.gov.cz/slovník/psm/DeleteClass"
      ],
      "iri": "https://ofn.gov.cz/operation/1744784585318-c3ec-02f5-8a6d",
      "parent": "https://ofn.gov.cz/operation/1744784585315-8432-4ff7-a90a",
      "dataPsmClass": "https://ofn.gov.cz/class/1744784531153-b352-ebe1-9770"
    },
    {
      "types": [
        "core-operation",
        "https://ofn.gov.cz/slovník/psm/CreateClass"
      ],
      "iri": "https://ofn.gov.cz/operation/1744784646020-1380-b424-8372",
      "parent": "https://ofn.gov.cz/operation/1744784585318-c3ec-02f5-8a6d",
      "dataPsmNewIri": null,
      "dataPsmInterpretation": "dc5d35ak3a6m7u7iy9v",
      "dataPsmTechnicalLabel": "katalog",
      "dataPsmHumanLabel": null,
      "dataPsmHumanDescription": null,
      "dataPsmExtends": [],
      "dataPsmIsClosed": null
    },
    {
      "types": [
        "core-operation",
        "https://ofn.gov.cz/slovník/psm/CreateAssociationEnd"
      ],
      "iri": "https://ofn.gov.cz/operation/1744784646055-a0ee-0cd8-818f",
      "parent": "https://ofn.gov.cz/operation/1744784646020-1380-b424-8372",
      "dataPsmNewIri": null,
      "dataPsmInterpretation": "4wkaxlb62cqm7u8rrr7",
      "dataPsmTechnicalLabel": "datová_sada",
      "dataPsmHumanLabel": null,
      "dataPsmHumanDescription": null,
      "dataPsmOwner": "https://ofn.gov.cz/Container/1744784556609-7b3b-d8bb-a9b0",
      "dataPsmPart": "https://ofn.gov.cz/class/1744784646020-c355-9ca8-859d",
      "dataPsmIsReverse": true,
      "dataPsmIsDematerialize": null
    },
    {
      "types": [
        "core-operation",
        "https://ofn.gov.cz/slovník/psm/CreateOr"
      ],
      "iri": "https://ofn.gov.cz/operation/1744785874889-a194-c970-852c",
      "parent": "https://ofn.gov.cz/operation/1744784646055-a0ee-0cd8-818f",
      "dataPsmNewIri": null,
      "dataPsmChoices": []
    },
    {
      "types": [
        "core-operation",
        "https://ofn.gov.cz/slovník/psm/SetRoots"
      ],
      "iri": "https://ofn.gov.cz/operation/1744785874935-fbd9-6589-b58f",
      "parent": "https://ofn.gov.cz/operation/1744785874889-a194-c970-852c",
      "dataPsmRoots": [
        "https://ofn.gov.cz/or/1744785874889-8c9d-3bae-8685"
      ]
    },
    {
      "types": [
        "core-operation",
        "https://ofn.gov.cz/slovník/psm/CreateClass"
      ],
      "iri": "https://ofn.gov.cz/operation/1744785878003-39bb-773c-a4ef",
      "parent": "https://ofn.gov.cz/operation/1744785874935-fbd9-6589-b58f",
      "dataPsmNewIri": null,
      "dataPsmInterpretation": "l5uwbja7788m7u7fjmv",
      "dataPsmTechnicalLabel": "datová_sada",
      "dataPsmHumanLabel": null,
      "dataPsmHumanDescription": null,
      "dataPsmExtends": [],
      "dataPsmIsClosed": null
    },
    {
      "types": [
        "core-operation",
        "https://ofn.gov.cz/slovník/psm/SetChoice"
      ],
      "iri": "https://ofn.gov.cz/operation/1744785878035-967f-93f4-b5ad",
      "parent": "https://ofn.gov.cz/operation/1744785878003-39bb-773c-a4ef",
      "dataPsmOr": "https://ofn.gov.cz/or/1744785874889-8c9d-3bae-8685",
      "dataPsmChoice": "https://ofn.gov.cz/class/1744785878002-5c16-7171-96c7"
    },
    {
      "types": [
        "core-operation",
        "https://ofn.gov.cz/slovník/psm/UnsetChoice"
      ],
      "iri": "https://ofn.gov.cz/operation/1744785880207-957b-df33-85ba",
      "parent": "https://ofn.gov.cz/operation/1744785878035-967f-93f4-b5ad",
      "dataPsmOr": "https://ofn.gov.cz/or/1744785874889-8c9d-3bae-8685",
      "dataPsmChoice": "https://ofn.gov.cz/class/1744785878002-5c16-7171-96c7"
    },
    {
      "types": [
        "core-operation",
        "https://ofn.gov.cz/slovník/psm/CreateClass"
      ],
      "iri": "https://ofn.gov.cz/operation/1744785884331-13c2-c7c5-886c",
      "parent": "https://ofn.gov.cz/operation/1744785880207-957b-df33-85ba",
      "dataPsmNewIri": null,
      "dataPsmInterpretation": "yyv0sutoim9m7u7mb77",
      "dataPsmTechnicalLabel": "distribuce",
      "dataPsmHumanLabel": null,
      "dataPsmHumanDescription": null,
      "dataPsmExtends": [],
      "dataPsmIsClosed": null
    },
    {
      "types": [
        "core-operation",
        "https://ofn.gov.cz/slovník/psm/SetChoice"
      ],
      "iri": "https://ofn.gov.cz/operation/1744785884364-81b1-d6da-83a4",
      "parent": "https://ofn.gov.cz/operation/1744785884331-13c2-c7c5-886c",
      "dataPsmOr": "https://ofn.gov.cz/or/1744785874889-8c9d-3bae-8685",
      "dataPsmChoice": "https://ofn.gov.cz/class/1744785884331-cebc-3e52-a95c"
    },
    {
      "types": [
        "core-operation",
        "https://ofn.gov.cz/slovník/psm/CreateClass"
      ],
      "iri": "https://ofn.gov.cz/operation/1744785889342-0330-5d76-a123",
      "parent": "https://ofn.gov.cz/operation/1744785884364-81b1-d6da-83a4",
      "dataPsmNewIri": null,
      "dataPsmInterpretation": "yyv0sutoim9m7u7mb77",
      "dataPsmTechnicalLabel": "distribuce",
      "dataPsmHumanLabel": null,
      "dataPsmHumanDescription": null,
      "dataPsmExtends": [],
      "dataPsmIsClosed": null
    },
    {
      "types": [
        "core-operation",
        "https://ofn.gov.cz/slovník/psm/SetChoice"
      ],
      "iri": "https://ofn.gov.cz/operation/1744785889373-83d9-a409-985f",
      "parent": "https://ofn.gov.cz/operation/1744785889342-0330-5d76-a123",
      "dataPsmOr": "https://ofn.gov.cz/or/1744785874889-8c9d-3bae-8685",
      "dataPsmChoice": "https://ofn.gov.cz/class/1744785889342-3457-ba1a-b0ec"
    },
    {
      "types": [
        "core-operation",
        "https://ofn.gov.cz/slovník/psm/CreateClass"
      ],
      "iri": "https://ofn.gov.cz/operation/1744785896382-3bb0-f3ca-bfd4",
      "parent": "https://ofn.gov.cz/operation/1744785889373-83d9-a409-985f",
      "dataPsmNewIri": null,
      "dataPsmInterpretation": "8h8a92f2jhcm7u7tw2q",
      "dataPsmTechnicalLabel": "distribuce_-_soubor_ke_stažení",
      "dataPsmHumanLabel": null,
      "dataPsmHumanDescription": null,
      "dataPsmExtends": [],
      "dataPsmIsClosed": null
    },
    {
      "types": [
        "core-operation",
        "https://ofn.gov.cz/slovník/psm/ReplaceAlongInheritance"
      ],
      "iri": "https://ofn.gov.cz/operation/1744785896411-3af3-ecdf-93cf",
      "parent": "https://ofn.gov.cz/operation/1744785896382-3bb0-f3ca-bfd4",
      "dataPsmOriginalClass": "https://ofn.gov.cz/class/1744785884331-cebc-3e52-a95c",
      "dataPsmReplacingClass": "https://ofn.gov.cz/class/1744785896382-1382-9343-b2f6"
    },
    {
      "types": [
        "core-operation",
        "https://ofn.gov.cz/slovník/psm/DeleteClass"
      ],
      "iri": "https://ofn.gov.cz/operation/1744785896417-9cf7-14f0-91c3",
      "parent": "https://ofn.gov.cz/operation/1744785896411-3af3-ecdf-93cf",
      "dataPsmClass": "https://ofn.gov.cz/class/1744785884331-cebc-3e52-a95c"
    },
    {
      "types": [
        "core-operation",
        "https://ofn.gov.cz/slovník/psm/CreateClass"
      ],
      "iri": "https://ofn.gov.cz/operation/1744785900742-bc11-8349-bbbf",
      "parent": "https://ofn.gov.cz/operation/1744785896417-9cf7-14f0-91c3",
      "dataPsmNewIri": null,
      "dataPsmInterpretation": "nocv5jlt9pm7u7t9n9",
      "dataPsmTechnicalLabel": "distribuce_-_datová_služba",
      "dataPsmHumanLabel": null,
      "dataPsmHumanDescription": null,
      "dataPsmExtends": [],
      "dataPsmIsClosed": null
    },
    {
      "types": [
        "core-operation",
        "https://ofn.gov.cz/slovník/psm/ReplaceAlongInheritance"
      ],
      "iri": "https://ofn.gov.cz/operation/1744785900773-dd1d-ff69-b2bc",
      "parent": "https://ofn.gov.cz/operation/1744785900742-bc11-8349-bbbf",
      "dataPsmOriginalClass": "https://ofn.gov.cz/class/1744785889342-3457-ba1a-b0ec",
      "dataPsmReplacingClass": "https://ofn.gov.cz/class/1744785900742-b3e0-eae2-86e4"
    },
    {
      "types": [
        "core-operation",
        "https://ofn.gov.cz/slovník/psm/DeleteClass"
      ],
      "iri": "https://ofn.gov.cz/operation/1744785900779-7956-72ff-85c1",
      "parent": "https://ofn.gov.cz/operation/1744785900773-dd1d-ff69-b2bc",
      "dataPsmClass": "https://ofn.gov.cz/class/1744785889342-3457-ba1a-b0ec"
    },
    {
      "types": [
        "core-operation",
        "https://ofn.gov.cz/slovník/psm/CreateClass"
      ],
      "iri": "https://ofn.gov.cz/operation/1744785904155-ad5a-774e-99c2",
      "parent": "https://ofn.gov.cz/operation/1744785900779-7956-72ff-85c1",
      "dataPsmNewIri": null,
      "dataPsmInterpretation": "095ofjaa4p1am7u7vqf2",
      "dataPsmTechnicalLabel": "typ_média",
      "dataPsmHumanLabel": null,
      "dataPsmHumanDescription": null,
      "dataPsmExtends": [],
      "dataPsmIsClosed": null
    },
    {
      "types": [
        "core-operation",
        "https://ofn.gov.cz/slovník/psm/CreateAssociationEnd"
      ],
      "iri": "https://ofn.gov.cz/operation/1744785904186-af1b-2a93-9d85",
      "parent": "https://ofn.gov.cz/operation/1744785904155-ad5a-774e-99c2",
      "dataPsmNewIri": null,
      "dataPsmInterpretation": "s9fwhwy1cfpm7uasm2y",
      "dataPsmTechnicalLabel": "formát_komprese",
      "dataPsmHumanLabel": null,
      "dataPsmHumanDescription": null,
      "dataPsmOwner": "https://ofn.gov.cz/class/1744785896382-1382-9343-b2f6",
      "dataPsmPart": "https://ofn.gov.cz/class/1744785904154-0bf4-1a21-a5ac",
      "dataPsmIsReverse": false,
      "dataPsmIsDematerialize": null
    },
    {
      "types": [
        "core-operation",
        "https://ofn.gov.cz/slovník/psm/CreateClass"
      ],
      "iri": "https://ofn.gov.cz/operation/1744785904221-24e1-8fe3-a51e",
      "parent": "https://ofn.gov.cz/operation/1744785904186-af1b-2a93-9d85",
      "dataPsmNewIri": null,
      "dataPsmInterpretation": "095ofjaa4p1am7u7vqf2",
      "dataPsmTechnicalLabel": "typ_média",
      "dataPsmHumanLabel": null,
      "dataPsmHumanDescription": null,
      "dataPsmExtends": [],
      "dataPsmIsClosed": null
    },
    {
      "types": [
        "core-operation",
        "https://ofn.gov.cz/slovník/psm/CreateAssociationEnd"
      ],
      "iri": "https://ofn.gov.cz/operation/1744785904252-224a-0d9a-a057",
      "parent": "https://ofn.gov.cz/operation/1744785904221-24e1-8fe3-a51e",
      "dataPsmNewIri": null,
      "dataPsmInterpretation": "azqjig8qdem7uas2yh",
      "dataPsmTechnicalLabel": "formát_balíčku",
      "dataPsmHumanLabel": null,
      "dataPsmHumanDescription": null,
      "dataPsmOwner": "https://ofn.gov.cz/class/1744785896382-1382-9343-b2f6",
      "dataPsmPart": "https://ofn.gov.cz/class/1744785904221-90dd-ac0d-9cf1",
      "dataPsmIsReverse": false,
      "dataPsmIsDematerialize": null
    },
    {
      "types": [
        "core-operation",
        "https://ofn.gov.cz/slovník/psm/CreateClass"
      ],
      "iri": "https://ofn.gov.cz/operation/1744785906980-4d9b-81cf-b885",
      "parent": "https://ofn.gov.cz/operation/1744785904252-224a-0d9a-a057",
      "dataPsmNewIri": null,
      "dataPsmInterpretation": "58drp6qzl3qm7u7jst1",
      "dataPsmTechnicalLabel": "datová_služba",
      "dataPsmHumanLabel": null,
      "dataPsmHumanDescription": null,
      "dataPsmExtends": [],
      "dataPsmIsClosed": null
    },
    {
      "types": [
        "core-operation",
        "https://ofn.gov.cz/slovník/psm/CreateAssociationEnd"
      ],
      "iri": "https://ofn.gov.cz/operation/1744785907011-65cc-5c76-a8f1",
      "parent": "https://ofn.gov.cz/operation/1744785906980-4d9b-81cf-b885",
      "dataPsmNewIri": null,
      "dataPsmInterpretation": "x7f7rgkuzcm7uavd7w",
      "dataPsmTechnicalLabel": "přístupová_služba",
      "dataPsmHumanLabel": null,
      "dataPsmHumanDescription": null,
      "dataPsmOwner": "https://ofn.gov.cz/class/1744785900742-b3e0-eae2-86e4",
      "dataPsmPart": "https://ofn.gov.cz/class/1744785906980-cae5-a482-9587",
      "dataPsmIsReverse": false,
      "dataPsmIsDematerialize": null
    },
    {
      "types": [
        "core-operation",
        "https://ofn.gov.cz/slovník/psm/SetTechnicalLabel"
      ],
      "iri": "https://ofn.gov.cz/operation/1744785924114-3c50-2e83-ae22",
      "parent": "https://ofn.gov.cz/operation/1744785907011-65cc-5c76-a8f1",
      "dataPsmResource": "ab617fe7-db21-459b-a1ee-d8a8cb95bd98",
      "dataPsmTechnicalLabel": "ttt"
    },
    {
      "types": [
        "core-operation",
        "https://ofn.gov.cz/slovník/psm/SetTechnicalLabel"
      ],
      "iri": "https://ofn.gov.cz/operation/1744795734305-24b4-2ded-aef3",
      "parent": "https://ofn.gov.cz/operation/1744785924114-3c50-2e83-ae22",
      "dataPsmResource": "ab617fe7-db21-459b-a1ee-d8a8cb95bd98",
      "dataPsmTechnicalLabel": ""
    }
  ],
  "resources": {
    "ab617fe7-db21-459b-a1ee-d8a8cb95bd98": {
      "types": [
        "https://ofn.gov.cz/slovník/psm/Schema"
      ],
      "iri": "ab617fe7-db21-459b-a1ee-d8a8cb95bd98",
      "dataPsmHumanLabel": {
        "cs": "Datová sada",
        "en": "Dataset"
      },
      "dataPsmHumanDescription": {
        "cs": "Datová struktura pro Datová sada. Kolekce dat poskytovaná či řízená jedním zdrojem, která je k dispozici pro přístup či stažení v jednom či více formátech.",
        "en": "Data structure for Dataset. A conceptual entity that represents the information published."
      },
      "dataPsmTechnicalLabel": "",
      "dataPsmRoots": [
        "https://ofn.gov.cz/or/1744785874889-8c9d-3bae-8685"
      ],
      "dataPsmParts": [
        "https://ofn.gov.cz/class/1744784525620-12b1-2641-a4e1",
        "https://ofn.gov.cz/association/1744784531184-35b0-66f7-9473",
        "https://ofn.gov.cz/Container/1744784556609-7b3b-d8bb-a9b0",
        "https://ofn.gov.cz/class/1744784578741-86ba-2730-9275",
        "https://ofn.gov.cz/association/1744784578774-3542-2413-b4a9",
        "https://ofn.gov.cz/class/1744784585280-eb6c-e72b-8e86",
        "https://ofn.gov.cz/class/1744784646020-c355-9ca8-859d",
        "https://ofn.gov.cz/association/1744784646055-be38-e330-b3bc",
        "https://ofn.gov.cz/or/1744785874889-8c9d-3bae-8685",
        "https://ofn.gov.cz/class/1744785878002-5c16-7171-96c7",
        "https://ofn.gov.cz/class/1744785896382-1382-9343-b2f6",
        "https://ofn.gov.cz/class/1744785900742-b3e0-eae2-86e4",
        "https://ofn.gov.cz/class/1744785904154-0bf4-1a21-a5ac",
        "https://ofn.gov.cz/association/1744785904186-517f-4fa5-819d",
        "https://ofn.gov.cz/class/1744785904221-90dd-ac0d-9cf1",
        "https://ofn.gov.cz/association/1744785904252-c684-7cc5-baec",
        "https://ofn.gov.cz/class/1744785906980-cae5-a482-9587",
        "https://ofn.gov.cz/association/1744785907011-6617-eb26-9e79"
      ]
    },
    "https://ofn.gov.cz/class/1744784525620-12b1-2641-a4e1": {
      "types": [
        "https://ofn.gov.cz/slovník/psm/Class"
      ],
      "iri": "https://ofn.gov.cz/class/1744784525620-12b1-2641-a4e1",
      "dataPsmHumanLabel": null,
      "dataPsmHumanDescription": null,
      "dataPsmTechnicalLabel": "datová_sada",
      "dataPsmInterpretation": "l5uwbja7788m7u7fjmv",
      "dataPsmExtends": [],
      "dataPsmParts": [
        "https://ofn.gov.cz/Container/1744784556609-7b3b-d8bb-a9b0"
      ],
      "dataPsmIsClosed": null
    },
    "https://ofn.gov.cz/association/1744784531184-35b0-66f7-9473": {
      "types": [
        "https://ofn.gov.cz/slovník/psm/AssociationEnd"
      ],
      "iri": "https://ofn.gov.cz/association/1744784531184-35b0-66f7-9473",
      "dataPsmHumanLabel": null,
      "dataPsmHumanDescription": null,
      "dataPsmTechnicalLabel": "kontaktní_bod",
      "dataPsmInterpretation": "p3449nde2xhm7u9fyou",
      "dataPsmPart": "https://ofn.gov.cz/class/1744784585280-eb6c-e72b-8e86",
      "dataPsmIsReverse": false,
      "dataPsmIsDematerialize": null
    },
    "https://ofn.gov.cz/Container/1744784556609-7b3b-d8bb-a9b0": {
      "types": [
        "https://ofn.gov.cz/slovník/psm/Container"
      ],
      "iri": "https://ofn.gov.cz/Container/1744784556609-7b3b-d8bb-a9b0",
      "dataPsmHumanLabel": null,
      "dataPsmHumanDescription": null,
      "dataPsmTechnicalLabel": null,
      "dataPsmInterpretation": null,
      "dataPsmParts": [
        "https://ofn.gov.cz/association/1744784531184-35b0-66f7-9473",
        "https://ofn.gov.cz/association/1744784578774-3542-2413-b4a9",
        "https://ofn.gov.cz/association/1744784646055-be38-e330-b3bc"
      ],
      "dataPsmContainerType": "choice",
      "dataPsmCardinality": [
        1,
        1
      ]
    },
    "https://ofn.gov.cz/class/1744784578741-86ba-2730-9275": {
      "types": [
        "https://ofn.gov.cz/slovník/psm/Class"
      ],
      "iri": "https://ofn.gov.cz/class/1744784578741-86ba-2730-9275",
      "dataPsmHumanLabel": null,
      "dataPsmHumanDescription": null,
      "dataPsmTechnicalLabel": "kontaktní_bod",
      "dataPsmInterpretation": "gkm4tfmrz0om7u7p4go",
      "dataPsmExtends": [],
      "dataPsmParts": [],
      "dataPsmIsClosed": null
    },
    "https://ofn.gov.cz/association/1744784578774-3542-2413-b4a9": {
      "types": [
        "https://ofn.gov.cz/slovník/psm/AssociationEnd"
      ],
      "iri": "https://ofn.gov.cz/association/1744784578774-3542-2413-b4a9",
      "dataPsmHumanLabel": null,
      "dataPsmHumanDescription": null,
      "dataPsmTechnicalLabel": "kontaktní_bod",
      "dataPsmInterpretation": "p3449nde2xhm7u9fyou",
      "dataPsmPart": "https://ofn.gov.cz/class/1744784578741-86ba-2730-9275",
      "dataPsmIsReverse": false,
      "dataPsmIsDematerialize": null
    },
    "https://ofn.gov.cz/class/1744784585280-eb6c-e72b-8e86": {
      "types": [
        "https://ofn.gov.cz/slovník/psm/Class"
      ],
      "iri": "https://ofn.gov.cz/class/1744784585280-eb6c-e72b-8e86",
      "dataPsmHumanLabel": null,
      "dataPsmHumanDescription": null,
      "dataPsmTechnicalLabel": "organizace",
      "dataPsmInterpretation": "yx2vouei63m9gx99ix",
      "dataPsmExtends": [],
      "dataPsmParts": [],
      "dataPsmIsClosed": null
    },
    "https://ofn.gov.cz/class/1744784646020-c355-9ca8-859d": {
      "types": [
        "https://ofn.gov.cz/slovník/psm/Class"
      ],
      "iri": "https://ofn.gov.cz/class/1744784646020-c355-9ca8-859d",
      "dataPsmHumanLabel": null,
      "dataPsmHumanDescription": null,
      "dataPsmTechnicalLabel": "katalog",
      "dataPsmInterpretation": "dc5d35ak3a6m7u7iy9v",
      "dataPsmExtends": [],
      "dataPsmParts": [],
      "dataPsmIsClosed": null
    },
    "https://ofn.gov.cz/association/1744784646055-be38-e330-b3bc": {
      "types": [
        "https://ofn.gov.cz/slovník/psm/AssociationEnd"
      ],
      "iri": "https://ofn.gov.cz/association/1744784646055-be38-e330-b3bc",
      "dataPsmHumanLabel": null,
      "dataPsmHumanDescription": null,
      "dataPsmTechnicalLabel": "datová_sada",
      "dataPsmInterpretation": "4wkaxlb62cqm7u8rrr7",
      "dataPsmPart": "https://ofn.gov.cz/class/1744784646020-c355-9ca8-859d",
      "dataPsmIsReverse": true,
      "dataPsmIsDematerialize": null
    },
    "https://ofn.gov.cz/or/1744785874889-8c9d-3bae-8685": {
      "types": [
        "https://ofn.gov.cz/slovník/psm/Or"
      ],
      "iri": "https://ofn.gov.cz/or/1744785874889-8c9d-3bae-8685",
      "dataPsmHumanLabel": null,
      "dataPsmHumanDescription": null,
      "dataPsmTechnicalLabel": null,
      "dataPsmInterpretation": null,
      "dataPsmChoices": [
        "https://ofn.gov.cz/class/1744785896382-1382-9343-b2f6",
        "https://ofn.gov.cz/class/1744785900742-b3e0-eae2-86e4"
      ]
    },
    "https://ofn.gov.cz/class/1744785878002-5c16-7171-96c7": {
      "types": [
        "https://ofn.gov.cz/slovník/psm/Class"
      ],
      "iri": "https://ofn.gov.cz/class/1744785878002-5c16-7171-96c7",
      "dataPsmHumanLabel": null,
      "dataPsmHumanDescription": null,
      "dataPsmTechnicalLabel": "datová_sada",
      "dataPsmInterpretation": "l5uwbja7788m7u7fjmv",
      "dataPsmExtends": [],
      "dataPsmParts": [],
      "dataPsmIsClosed": null
    },
    "https://ofn.gov.cz/class/1744785896382-1382-9343-b2f6": {
      "types": [
        "https://ofn.gov.cz/slovník/psm/Class"
      ],
      "iri": "https://ofn.gov.cz/class/1744785896382-1382-9343-b2f6",
      "dataPsmHumanLabel": null,
      "dataPsmHumanDescription": null,
      "dataPsmTechnicalLabel": "distribuce_-_soubor_ke_stažení",
      "dataPsmInterpretation": "8h8a92f2jhcm7u7tw2q",
      "dataPsmExtends": [],
      "dataPsmParts": [
        "https://ofn.gov.cz/association/1744785904186-517f-4fa5-819d",
        "https://ofn.gov.cz/association/1744785904252-c684-7cc5-baec"
      ],
      "dataPsmIsClosed": null
    },
    "https://ofn.gov.cz/class/1744785900742-b3e0-eae2-86e4": {
      "types": [
        "https://ofn.gov.cz/slovník/psm/Class"
      ],
      "iri": "https://ofn.gov.cz/class/1744785900742-b3e0-eae2-86e4",
      "dataPsmHumanLabel": null,
      "dataPsmHumanDescription": null,
      "dataPsmTechnicalLabel": "distribuce_-_datová_služba",
      "dataPsmInterpretation": "nocv5jlt9pm7u7t9n9",
      "dataPsmExtends": [],
      "dataPsmParts": [
        "https://ofn.gov.cz/association/1744785907011-6617-eb26-9e79"
      ],
      "dataPsmIsClosed": null
    },
    "https://ofn.gov.cz/class/1744785904154-0bf4-1a21-a5ac": {
      "types": [
        "https://ofn.gov.cz/slovník/psm/Class"
      ],
      "iri": "https://ofn.gov.cz/class/1744785904154-0bf4-1a21-a5ac",
      "dataPsmHumanLabel": null,
      "dataPsmHumanDescription": null,
      "dataPsmTechnicalLabel": "typ_média",
      "dataPsmInterpretation": "095ofjaa4p1am7u7vqf2",
      "dataPsmExtends": [],
      "dataPsmParts": [],
      "dataPsmIsClosed": null
    },
    "https://ofn.gov.cz/association/1744785904186-517f-4fa5-819d": {
      "types": [
        "https://ofn.gov.cz/slovník/psm/AssociationEnd"
      ],
      "iri": "https://ofn.gov.cz/association/1744785904186-517f-4fa5-819d",
      "dataPsmHumanLabel": null,
      "dataPsmHumanDescription": null,
      "dataPsmTechnicalLabel": "formát_komprese",
      "dataPsmInterpretation": "s9fwhwy1cfpm7uasm2y",
      "dataPsmPart": "https://ofn.gov.cz/class/1744785904154-0bf4-1a21-a5ac",
      "dataPsmIsReverse": false,
      "dataPsmIsDematerialize": null
    },
    "https://ofn.gov.cz/class/1744785904221-90dd-ac0d-9cf1": {
      "types": [
        "https://ofn.gov.cz/slovník/psm/Class"
      ],
      "iri": "https://ofn.gov.cz/class/1744785904221-90dd-ac0d-9cf1",
      "dataPsmHumanLabel": null,
      "dataPsmHumanDescription": null,
      "dataPsmTechnicalLabel": "typ_média",
      "dataPsmInterpretation": "095ofjaa4p1am7u7vqf2",
      "dataPsmExtends": [],
      "dataPsmParts": [],
      "dataPsmIsClosed": null
    },
    "https://ofn.gov.cz/association/1744785904252-c684-7cc5-baec": {
      "types": [
        "https://ofn.gov.cz/slovník/psm/AssociationEnd"
      ],
      "iri": "https://ofn.gov.cz/association/1744785904252-c684-7cc5-baec",
      "dataPsmHumanLabel": null,
      "dataPsmHumanDescription": null,
      "dataPsmTechnicalLabel": "formát_balíčku",
      "dataPsmInterpretation": "azqjig8qdem7uas2yh",
      "dataPsmPart": "https://ofn.gov.cz/class/1744785904221-90dd-ac0d-9cf1",
      "dataPsmIsReverse": false,
      "dataPsmIsDematerialize": null
    },
    "https://ofn.gov.cz/class/1744785906980-cae5-a482-9587": {
      "types": [
        "https://ofn.gov.cz/slovník/psm/Class"
      ],
      "iri": "https://ofn.gov.cz/class/1744785906980-cae5-a482-9587",
      "dataPsmHumanLabel": null,
      "dataPsmHumanDescription": null,
      "dataPsmTechnicalLabel": "datová_služba",
      "dataPsmInterpretation": "58drp6qzl3qm7u7jst1",
      "dataPsmExtends": [],
      "dataPsmParts": [],
      "dataPsmIsClosed": null
    },
    "https://ofn.gov.cz/association/1744785907011-6617-eb26-9e79": {
      "types": [
        "https://ofn.gov.cz/slovník/psm/AssociationEnd"
      ],
      "iri": "https://ofn.gov.cz/association/1744785907011-6617-eb26-9e79",
      "dataPsmHumanLabel": null,
      "dataPsmHumanDescription": null,
      "dataPsmTechnicalLabel": "přístupová_služba",
      "dataPsmInterpretation": "x7f7rgkuzcm7uavd7w",
      "dataPsmPart": "https://ofn.gov.cz/class/1744785906980-cae5-a482-9587",
      "dataPsmIsReverse": false,
      "dataPsmIsDematerialize": null
    }
  }
}