{
  "iri": "ab617fe7-db21-459b-a1ee-d8a8cb95bd98",
  "types": [
    "http://dataspecer.com/resources/v1/psm"
  ],
  "userMetadata": {
    "label": {
      "cs": "Datová sada",
      "en": "Dataset"
    },
    "description": {
      "cs": "Datová struktura pro Datová sada. Kolekce dat poskytovaná či řízená jedním zdrojem, která je k dispozici pro přístup či stažení v jednom či více formátech.",
      "en": "Data structure for Dataset. A conceptual entity that represents the information published."
    }
  },
  "metadata": {
    "creationDate": "2025-04-16T06:22:02.876Z",
    "modificationDate": "2025-04-28T14:59:25.316Z"
  },
  "_version": 1,
  "_exportVersion": 1,
  "_exportedAt": "2025-04-29T06:45:11.793Z",
  "_exportedBy": "http://localhost:3100"
}