{
  "operations": [
    {
      "types": [
        "core-operation",
        "https://ofn.gov.cz/slovník/psm/CreateClass"
      ],
      "iri": "https://ofn.gov.cz/operation/1741100370128-0ba9-21c8-a2ae",
      "parent": null,
      "dataPsmNewIri": null,
      "dataPsmInterpretation": "l5uwbja7788m7u7fjmv",
      "dataPsmTechnicalLabel": "datová_sada",
      "dataPsmHumanLabel": null,
      "dataPsmHumanDescription": null,
      "dataPsmExtends": [],
      "dataPsmIsClosed": null
    },
    {
      "types": [
        "core-operation",
        "https://ofn.gov.cz/slovník/psm/SetRoots"
      ],
      "iri": "https://ofn.gov.cz/operation/1741100370180-2a2a-9ebc-a6e6",
      "parent": "https://ofn.gov.cz/operation/1741100370128-0ba9-21c8-a2ae",
      "dataPsmRoots": [
        "https://ofn.gov.cz/class/1741100370128-4a13-d22e-83f9"
      ]
    },
    {
      "types": [
        "core-operation",
        "https://ofn.gov.cz/slovník/psm/SetHumanLabel"
      ],
      "iri": "https://ofn.gov.cz/operation/1741100370224-5ce6-d56e-809a",
      "parent": "https://ofn.gov.cz/operation/1741100370180-2a2a-9ebc-a6e6",
      "dataPsmResource": "46bb5571-27d1-411d-aa82-55f9c639fbfd",
      "dataPsmHumanLabel": {
        "cs": "Datová sada",
        "en": "Dataset"
      }
    },
    {
      "types": [
        "core-operation",
        "https://ofn.gov.cz/slovník/psm/SetHumanDescription"
      ],
      "iri": "https://ofn.gov.cz/operation/1741100370267-367e-7d6b-ae3f",
      "parent": "https://ofn.gov.cz/operation/1741100370224-5ce6-d56e-809a",
      "dataPsmResource": "46bb5571-27d1-411d-aa82-55f9c639fbfd",
      "dataPsmHumanDescription": {
        "cs": "Datová struktura pro Datová sada. Kolekce dat poskytovaná či řízená jedním zdrojem, která je k dispozici pro přístup či stažení v jednom či více formátech.",
        "en": "Data structure for Dataset. A conceptual entity that represents the information published."
      }
    },
    {
      "types": [
        "core-operation",
        "https://ofn.gov.cz/slovník/psm/CreateAttribute"
      ],
      "iri": "https://ofn.gov.cz/operation/1741101446958-4e36-7b33-93b0",
      "parent": "https://ofn.gov.cz/operation/1741100370267-367e-7d6b-ae3f",
      "dataPsmNewIri": null,
      "dataPsmInterpretation": "owgm6ky9wicm7u9xjqs",
      "dataPsmTechnicalLabel": "časové_rozlišení",
      "dataPsmHumanLabel": null,
      "dataPsmHumanDescription": null,
      "dataPsmOwner": "https://ofn.gov.cz/class/1741100370128-4a13-d22e-83f9",
      "dataPsmDatatype": "http://www.w3.org/2001/XMLSchema#duration"
    },
    {
      "types": [
        "core-operation",
        "https://ofn.gov.cz/slovník/psm/CreateAttribute"
      ],
      "iri": "https://ofn.gov.cz/operation/1741101446994-71a0-4e82-ba15",
      "parent": "https://ofn.gov.cz/operation/1741101446958-4e36-7b33-93b0",
      "dataPsmNewIri": null,
      "dataPsmInterpretation": "ev17gj00w6m7u9wyzq",
      "dataPsmTechnicalLabel": "prostorové_rozlišení_v_metrech",
      "dataPsmHumanLabel": null,
      "dataPsmHumanDescription": null,
      "dataPsmOwner": "https://ofn.gov.cz/class/1741100370128-4a13-d22e-83f9",
      "dataPsmDatatype": "http://www.w3.org/2001/XMLSchema#decimal"
    },
    {
      "types": [
        "core-operation",
        "https://ofn.gov.cz/slovník/psm/CreateAttribute"
      ],
      "iri": "https://ofn.gov.cz/operation/1741101447032-690f-e487-b1ba",
      "parent": "https://ofn.gov.cz/operation/1741101446994-71a0-4e82-ba15",
      "dataPsmNewIri": null,
      "dataPsmInterpretation": "qc0308odc2m7u982t2",
      "dataPsmTechnicalLabel": "klíčové_slovo",
      "dataPsmHumanLabel": null,
      "dataPsmHumanDescription": null,
      "dataPsmOwner": "https://ofn.gov.cz/class/1741100370128-4a13-d22e-83f9",
      "dataPsmDatatype": "http://www.w3.org/1999/02/22-rdf-syntax-ns#langString"
    },
    {
      "types": [
        "core-operation",
        "https://ofn.gov.cz/slovník/psm/CreateAttribute"
      ],
      "iri": "https://ofn.gov.cz/operation/1741101447067-c1cf-6fff-936c",
      "parent": "https://ofn.gov.cz/operation/1741101447032-690f-e487-b1ba",
      "dataPsmNewIri": null,
      "dataPsmInterpretation": "w4kththke9m7u92pmi",
      "dataPsmTechnicalLabel": "popis",
      "dataPsmHumanLabel": null,
      "dataPsmHumanDescription": null,
      "dataPsmOwner": "https://ofn.gov.cz/class/1741100370128-4a13-d22e-83f9",
      "dataPsmDatatype": "http://www.w3.org/1999/02/22-rdf-syntax-ns#langString"
    },
    {
      "types": [
        "core-operation",
        "https://ofn.gov.cz/slovník/psm/CreateAttribute"
      ],
      "iri": "https://ofn.gov.cz/operation/1741101447103-e444-9efd-b894",
      "parent": "https://ofn.gov.cz/operation/1741101447067-c1cf-6fff-936c",
      "dataPsmNewIri": null,
      "dataPsmInterpretation": "4yie9wjuzkdm7u92087",
      "dataPsmTechnicalLabel": "název",
      "dataPsmHumanLabel": null,
      "dataPsmHumanDescription": null,
      "dataPsmOwner": "https://ofn.gov.cz/class/1741100370128-4a13-d22e-83f9",
      "dataPsmDatatype": "http://www.w3.org/1999/02/22-rdf-syntax-ns#langString"
    },
    {
      "types": [
        "core-operation",
        "https://ofn.gov.cz/slovník/psm/CreateClass"
      ],
      "iri": "https://ofn.gov.cz/operation/1741101447138-fca2-28c7-bd85",
      "parent": "https://ofn.gov.cz/operation/1741101447103-e444-9efd-b894",
      "dataPsmNewIri": null,
      "dataPsmInterpretation": "yyv0sutoim9m7u7mb77",
      "dataPsmTechnicalLabel": "distribuce",
      "dataPsmHumanLabel": null,
      "dataPsmHumanDescription": null,
      "dataPsmExtends": [],
      "dataPsmIsClosed": null
    },
    {
      "types": [
        "core-operation",
        "https://ofn.gov.cz/slovník/psm/CreateAssociationEnd"
      ],
      "iri": "https://ofn.gov.cz/operation/1741101447173-72c6-bceb-8b25",
      "parent": "https://ofn.gov.cz/operation/1741101447138-fca2-28c7-bd85",
      "dataPsmNewIri": null,
      "dataPsmInterpretation": "qgzpi0mfz0am7ua063w",
      "dataPsmTechnicalLabel": "distribuce",
      "dataPsmHumanLabel": null,
      "dataPsmHumanDescription": null,
      "dataPsmOwner": "https://ofn.gov.cz/class/1741100370128-4a13-d22e-83f9",
      "dataPsmPart": "https://ofn.gov.cz/class/1741101447137-856a-9310-aa7e",
      "dataPsmIsReverse": false,
      "dataPsmIsDematerialize": null
    },
    {
      "types": [
        "core-operation",
        "https://ofn.gov.cz/slovník/psm/CreateClass"
      ],
      "iri": "https://ofn.gov.cz/operation/1741101447212-7df1-503a-915b",
      "parent": "https://ofn.gov.cz/operation/1741101447173-72c6-bceb-8b25",
      "dataPsmNewIri": null,
      "dataPsmInterpretation": "xyqva89nkccm7u82ag4",
      "dataPsmTechnicalLabel": "právní_předpis",
      "dataPsmHumanLabel": null,
      "dataPsmHumanDescription": null,
      "dataPsmExtends": [],
      "dataPsmIsClosed": null
    },
    {
      "types": [
        "core-operation",
        "https://ofn.gov.cz/slovník/psm/CreateAssociationEnd"
      ],
      "iri": "https://ofn.gov.cz/operation/1741101447249-93e9-8ea7-8b69",
      "parent": "https://ofn.gov.cz/operation/1741101447212-7df1-503a-915b",
      "dataPsmNewIri": null,
      "dataPsmInterpretation": "oievca664qm7u9z3o3",
      "dataPsmTechnicalLabel": "příslušný_právní_předpis",
      "dataPsmHumanLabel": null,
      "dataPsmHumanDescription": null,
      "dataPsmOwner": "https://ofn.gov.cz/class/1741100370128-4a13-d22e-83f9",
      "dataPsmPart": "https://ofn.gov.cz/class/1741101447212-7719-6e67-bc37",
      "dataPsmIsReverse": false,
      "dataPsmIsDematerialize": null
    },
    {
      "types": [
        "core-operation",
        "https://ofn.gov.cz/slovník/psm/CreateClass"
      ],
      "iri": "https://ofn.gov.cz/operation/1741101447289-4658-f782-82d6",
      "parent": "https://ofn.gov.cz/operation/1741101447249-93e9-8ea7-8b69",
      "dataPsmNewIri": null,
      "dataPsmInterpretation": "m0nww7z10km7u80yeq",
      "dataPsmTechnicalLabel": "téma_eurovoc",
      "dataPsmHumanLabel": null,
      "dataPsmHumanDescription": null,
      "dataPsmExtends": [],
      "dataPsmIsClosed": null
    },
    {
      "types": [
        "core-operation",
        "https://ofn.gov.cz/slovník/psm/CreateAssociationEnd"
      ],
      "iri": "https://ofn.gov.cz/operation/1741101447326-eb52-278a-a051",
      "parent": "https://ofn.gov.cz/operation/1741101447289-4658-f782-82d6",
      "dataPsmNewIri": null,
      "dataPsmInterpretation": "mycaknl5q37m7u9vyo8",
      "dataPsmTechnicalLabel": "klasifikace_dle_eurovoc",
      "dataPsmHumanLabel": null,
      "dataPsmHumanDescription": null,
      "dataPsmOwner": "https://ofn.gov.cz/class/1741100370128-4a13-d22e-83f9",
      "dataPsmPart": "https://ofn.gov.cz/class/1741101447289-4ddb-3349-82b7",
      "dataPsmIsReverse": false,
      "dataPsmIsDematerialize": null
    },
    {
      "types": [
        "core-operation",
        "https://ofn.gov.cz/slovník/psm/CreateClass"
      ],
      "iri": "https://ofn.gov.cz/operation/1741101447368-2a7e-7824-951e",
      "parent": "https://ofn.gov.cz/operation/1741101447326-eb52-278a-a051",
      "dataPsmNewIri": null,
      "dataPsmInterpretation": "2h5govdudtxm7u9tdhv",
      "dataPsmTechnicalLabel": "standard",
      "dataPsmHumanLabel": null,
      "dataPsmHumanDescription": null,
      "dataPsmExtends": [],
      "dataPsmIsClosed": null
    },
    {
      "types": [
        "core-operation",
        "https://ofn.gov.cz/slovník/psm/CreateAssociationEnd"
      ],
      "iri": "https://ofn.gov.cz/operation/1741101447405-d773-11d9-82b6",
      "parent": "https://ofn.gov.cz/operation/1741101447368-2a7e-7824-951e",
      "dataPsmNewIri": null,
      "dataPsmInterpretation": "cxgwfjt22srm7u9ugn7",
      "dataPsmTechnicalLabel": "specifikace",
      "dataPsmHumanLabel": null,
      "dataPsmHumanDescription": null,
      "dataPsmOwner": "https://ofn.gov.cz/class/1741100370128-4a13-d22e-83f9",
      "dataPsmPart": "https://ofn.gov.cz/class/1741101447368-ac17-a5f2-b2b2",
      "dataPsmIsReverse": false,
      "dataPsmIsDematerialize": null
    },
    {
      "types": [
        "core-operation",
        "https://ofn.gov.cz/slovník/psm/CreateClass"
      ],
      "iri": "https://ofn.gov.cz/operation/1741101447447-bc3a-54c5-9854",
      "parent": "https://ofn.gov.cz/operation/1741101447405-d773-11d9-82b6",
      "dataPsmNewIri": null,
      "dataPsmInterpretation": "4fuu5nv2y2cm7u8pvfe",
      "dataPsmTechnicalLabel": "zdroj",
      "dataPsmHumanLabel": null,
      "dataPsmHumanDescription": null,
      "dataPsmExtends": [],
      "dataPsmIsClosed": null
    },
    {
      "types": [
        "core-operation",
        "https://ofn.gov.cz/slovník/psm/CreateAssociationEnd"
      ],
      "iri": "https://ofn.gov.cz/operation/1741101447483-7866-7fda-af0a",
      "parent": "https://ofn.gov.cz/operation/1741101447447-bc3a-54c5-9854",
      "dataPsmNewIri": null,
      "dataPsmInterpretation": "zwrj4lssipm7u9r2ov",
      "dataPsmTechnicalLabel": "dokumentace",
      "dataPsmHumanLabel": null,
      "dataPsmHumanDescription": null,
      "dataPsmOwner": "https://ofn.gov.cz/class/1741100370128-4a13-d22e-83f9",
      "dataPsmPart": "https://ofn.gov.cz/class/1741101447447-f47a-86c9-8f6f",
      "dataPsmIsReverse": false,
      "dataPsmIsDematerialize": null
    },
    {
      "types": [
        "core-operation",
        "https://ofn.gov.cz/slovník/psm/CreateClass"
      ],
      "iri": "https://ofn.gov.cz/operation/1741101447522-51f3-fe25-bbce",
      "parent": "https://ofn.gov.cz/operation/1741101447483-7866-7fda-af0a",
      "dataPsmNewIri": null,
      "dataPsmInterpretation": "gkm4tfmrz0om7u7p4go",
      "dataPsmTechnicalLabel": "kontaktní_bod",
      "dataPsmHumanLabel": null,
      "dataPsmHumanDescription": null,
      "dataPsmExtends": [],
      "dataPsmIsClosed": null
    },
    {
      "types": [
        "core-operation",
        "https://ofn.gov.cz/slovník/psm/CreateAssociationEnd"
      ],
      "iri": "https://ofn.gov.cz/operation/1741101447560-c1bb-5aff-bbad",
      "parent": "https://ofn.gov.cz/operation/1741101447522-51f3-fe25-bbce",
      "dataPsmNewIri": null,
      "dataPsmInterpretation": "p3449nde2xhm7u9fyou",
      "dataPsmTechnicalLabel": "kontaktní_bod",
      "dataPsmHumanLabel": null,
      "dataPsmHumanDescription": null,
      "dataPsmOwner": "https://ofn.gov.cz/class/1741100370128-4a13-d22e-83f9",
      "dataPsmPart": "https://ofn.gov.cz/class/1741101447522-fb02-1f3a-b9af",
      "dataPsmIsReverse": false,
      "dataPsmIsDematerialize": null
    },
    {
      "types": [
        "core-operation",
        "https://ofn.gov.cz/slovník/psm/CreateClass"
      ],
      "iri": "https://ofn.gov.cz/operation/1741101447601-0419-0c2d-8e2d",
      "parent": "https://ofn.gov.cz/operation/1741101447560-c1bb-5aff-bbad",
      "dataPsmNewIri": null,
      "dataPsmInterpretation": "uknbmwjs5hjm7u7qoke",
      "dataPsmTechnicalLabel": "časový_interval",
      "dataPsmHumanLabel": null,
      "dataPsmHumanDescription": null,
      "dataPsmExtends": [],
      "dataPsmIsClosed": null
    },
    {
      "types": [
        "core-operation",
        "https://ofn.gov.cz/slovník/psm/CreateAssociationEnd"
      ],
      "iri": "https://ofn.gov.cz/operation/1741101447637-43bc-a4f2-afa3",
      "parent": "https://ofn.gov.cz/operation/1741101447601-0419-0c2d-8e2d",
      "dataPsmNewIri": null,
      "dataPsmInterpretation": "pki99654ccdm7u9f498",
      "dataPsmTechnicalLabel": "časové_pokrytí",
      "dataPsmHumanLabel": null,
      "dataPsmHumanDescription": null,
      "dataPsmOwner": "https://ofn.gov.cz/class/1741100370128-4a13-d22e-83f9",
      "dataPsmPart": "https://ofn.gov.cz/class/1741101447601-b59e-1a4f-8271",
      "dataPsmIsReverse": false,
      "dataPsmIsDematerialize": null
    },
    {
      "types": [
        "core-operation",
        "https://ofn.gov.cz/slovník/psm/CreateClass"
      ],
      "iri": "https://ofn.gov.cz/operation/1741101447679-c43d-b946-883e",
      "parent": "https://ofn.gov.cz/operation/1741101447637-43bc-a4f2-afa3",
      "dataPsmNewIri": null,
      "dataPsmInterpretation": "mixm9ri8z2m7u7xhnx",
      "dataPsmTechnicalLabel": "geografické_území",
      "dataPsmHumanLabel": null,
      "dataPsmHumanDescription": null,
      "dataPsmExtends": [],
      "dataPsmIsClosed": null
    },
    {
      "types": [
        "core-operation",
        "https://ofn.gov.cz/slovník/psm/CreateAssociationEnd"
      ],
      "iri": "https://ofn.gov.cz/operation/1741101447718-463f-4bf1-92a3",
      "parent": "https://ofn.gov.cz/operation/1741101447679-c43d-b946-883e",
      "dataPsmNewIri": null,
      "dataPsmInterpretation": "z049ixqipmkm7u9dg85",
      "dataPsmTechnicalLabel": "související_geografické_území",
      "dataPsmHumanLabel": null,
      "dataPsmHumanDescription": null,
      "dataPsmOwner": "https://ofn.gov.cz/class/1741100370128-4a13-d22e-83f9",
      "dataPsmPart": "https://ofn.gov.cz/class/1741101447679-ec21-8cc0-a441",
      "dataPsmIsReverse": false,
      "dataPsmIsDematerialize": null
    },
    {
      "types": [
        "core-operation",
        "https://ofn.gov.cz/slovník/psm/CreateClass"
      ],
      "iri": "https://ofn.gov.cz/operation/1741101447760-b147-4a7d-b5e6",
      "parent": "https://ofn.gov.cz/operation/1741101447718-463f-4bf1-92a3",
      "dataPsmNewIri": null,
      "dataPsmInterpretation": "1bg2hka8bq5m7u9bb71",
      "dataPsmTechnicalLabel": "prvek_z_rúian",
      "dataPsmHumanLabel": null,
      "dataPsmHumanDescription": null,
      "dataPsmExtends": [],
      "dataPsmIsClosed": null
    },
    {
      "types": [
        "core-operation",
        "https://ofn.gov.cz/slovník/psm/CreateAssociationEnd"
      ],
      "iri": "https://ofn.gov.cz/operation/1741101447811-a147-b99a-855e",
      "parent": "https://ofn.gov.cz/operation/1741101447760-b147-4a7d-b5e6",
      "dataPsmNewIri": null,
      "dataPsmInterpretation": "ns2xrqb5uomm7u9cwf2",
      "dataPsmTechnicalLabel": "související_geografické_území_-_prvek_z_rúian",
      "dataPsmHumanLabel": null,
      "dataPsmHumanDescription": null,
      "dataPsmOwner": "https://ofn.gov.cz/class/1741100370128-4a13-d22e-83f9",
      "dataPsmPart": "https://ofn.gov.cz/class/1741101447760-8c03-59ad-8b90",
      "dataPsmIsReverse": false,
      "dataPsmIsDematerialize": null
    },
    {
      "types": [
        "core-operation",
        "https://ofn.gov.cz/slovník/psm/CreateClass"
      ],
      "iri": "https://ofn.gov.cz/operation/1741101447852-a19f-f599-821c",
      "parent": "https://ofn.gov.cz/operation/1741101447811-a147-b99a-855e",
      "dataPsmNewIri": null,
      "dataPsmInterpretation": "5sls2er0m5om7u7yfa4",
      "dataPsmTechnicalLabel": "frekvence",
      "dataPsmHumanLabel": null,
      "dataPsmHumanDescription": null,
      "dataPsmExtends": [],
      "dataPsmIsClosed": null
    },
    {
      "types": [
        "core-operation",
        "https://ofn.gov.cz/slovník/psm/CreateAssociationEnd"
      ],
      "iri": "https://ofn.gov.cz/operation/1741101447894-ffbc-acfd-bcd0",
      "parent": "https://ofn.gov.cz/operation/1741101447852-a19f-f599-821c",
      "dataPsmNewIri": null,
      "dataPsmInterpretation": "t0x057fk26nm7u97chc",
      "dataPsmTechnicalLabel": "periodicita_aktualizace",
      "dataPsmHumanLabel": null,
      "dataPsmHumanDescription": null,
      "dataPsmOwner": "https://ofn.gov.cz/class/1741100370128-4a13-d22e-83f9",
      "dataPsmPart": "https://ofn.gov.cz/class/1741101447852-6019-4a9c-ae96",
      "dataPsmIsReverse": false,
      "dataPsmIsDematerialize": null
    },
    {
      "types": [
        "core-operation",
        "https://ofn.gov.cz/slovník/psm/CreateClass"
      ],
      "iri": "https://ofn.gov.cz/operation/1741101447937-7fe3-c742-9504",
      "parent": "https://ofn.gov.cz/operation/1741101447894-ffbc-acfd-bcd0",
      "dataPsmNewIri": null,
      "dataPsmInterpretation": "dk4mecf8m4am7u80l0n",
      "dataPsmTechnicalLabel": "datové_téma",
      "dataPsmHumanLabel": null,
      "dataPsmHumanDescription": null,
      "dataPsmExtends": [],
      "dataPsmIsClosed": null
    },
    {
      "types": [
        "core-operation",
        "https://ofn.gov.cz/slovník/psm/CreateAssociationEnd"
      ],
      "iri": "https://ofn.gov.cz/operation/1741101447982-49ee-68e7-8204",
      "parent": "https://ofn.gov.cz/operation/1741101447937-7fe3-c742-9504",
      "dataPsmNewIri": null,
      "dataPsmInterpretation": "czbgmb3o5sqm7u95ykp",
      "dataPsmTechnicalLabel": "téma",
      "dataPsmHumanLabel": null,
      "dataPsmHumanDescription": null,
      "dataPsmOwner": "https://ofn.gov.cz/class/1741100370128-4a13-d22e-83f9",
      "dataPsmPart": "https://ofn.gov.cz/class/1741101447937-3076-ac3c-8c48",
      "dataPsmIsReverse": false,
      "dataPsmIsDematerialize": null
    },
    {
      "types": [
        "core-operation",
        "https://ofn.gov.cz/slovník/psm/CreateClass"
      ],
      "iri": "https://ofn.gov.cz/operation/1741101448027-d781-a5f3-801f",
      "parent": "https://ofn.gov.cz/operation/1741101447982-49ee-68e7-8204",
      "dataPsmNewIri": null,
      "dataPsmInterpretation": "fvkrls9k6xem7u8gn3g",
      "dataPsmTechnicalLabel": "poskytovatel",
      "dataPsmHumanLabel": null,
      "dataPsmHumanDescription": null,
      "dataPsmExtends": [],
      "dataPsmIsClosed": null
    },
    {
      "types": [
        "core-operation",
        "https://ofn.gov.cz/slovník/psm/CreateAssociationEnd"
      ],
      "iri": "https://ofn.gov.cz/operation/1741101448072-aec2-5841-be86",
      "parent": "https://ofn.gov.cz/operation/1741101448027-d781-a5f3-801f",
      "dataPsmNewIri": null,
      "dataPsmInterpretation": "v0kaqg7fxwmm7u93uy1",
      "dataPsmTechnicalLabel": "poskytovatel",
      "dataPsmHumanLabel": null,
      "dataPsmHumanDescription": null,
      "dataPsmOwner": "https://ofn.gov.cz/class/1741100370128-4a13-d22e-83f9",
      "dataPsmPart": "https://ofn.gov.cz/class/1741101448027-9fad-1e15-a1e5",
      "dataPsmIsReverse": false,
      "dataPsmIsDematerialize": null
    },
    {
      "types": [
        "core-operation",
        "https://ofn.gov.cz/slovník/psm/CreateClass"
      ],
      "iri": "https://ofn.gov.cz/operation/1741101448119-3021-dc67-9384",
      "parent": "https://ofn.gov.cz/operation/1741101448072-aec2-5841-be86",
      "dataPsmNewIri": null,
      "dataPsmInterpretation": "3h5ot9sxzkqm7u7lvnh",
      "dataPsmTechnicalLabel": "série_datových_sad",
      "dataPsmHumanLabel": null,
      "dataPsmHumanDescription": null,
      "dataPsmExtends": [],
      "dataPsmIsClosed": null
    },
    {
      "types": [
        "core-operation",
        "https://ofn.gov.cz/slovník/psm/CreateAssociationEnd"
      ],
      "iri": "https://ofn.gov.cz/operation/1741101448161-6e17-99ae-a756",
      "parent": "https://ofn.gov.cz/operation/1741101448119-3021-dc67-9384",
      "dataPsmNewIri": null,
      "dataPsmInterpretation": "t3mjiroe25cm7u8b29v",
      "dataPsmTechnicalLabel": "je_součástí",
      "dataPsmHumanLabel": null,
      "dataPsmHumanDescription": null,
      "dataPsmOwner": "https://ofn.gov.cz/class/1741100370128-4a13-d22e-83f9",
      "dataPsmPart": "https://ofn.gov.cz/class/1741101448119-8733-1cc6-9b65",
      "dataPsmIsReverse": false,
      "dataPsmIsDematerialize": null
    },
    {
      "types": [
        "core-operation",
        "https://ofn.gov.cz/slovník/psm/SetOrder"
      ],
      "iri": "https://ofn.gov.cz/operation/1741101490986-7fb5-9147-a1d0",
      "parent": "https://ofn.gov.cz/operation/1741101448161-6e17-99ae-a756",
      "dataPsmOwnerClass": "https://ofn.gov.cz/class/1741100370128-4a13-d22e-83f9",
      "dataPsmResourceToMove": "https://ofn.gov.cz/attribute/1741101447103-d2b6-b2e5-be22",
      "dataPsmMoveAfter": null
    },
    {
      "types": [
        "core-operation",
        "https://ofn.gov.cz/slovník/psm/SetOrder"
      ],
      "iri": "https://ofn.gov.cz/operation/1741101492040-f1c5-33d0-8af1",
      "parent": "https://ofn.gov.cz/operation/1741101490986-7fb5-9147-a1d0",
      "dataPsmOwnerClass": "https://ofn.gov.cz/class/1741100370128-4a13-d22e-83f9",
      "dataPsmResourceToMove": "https://ofn.gov.cz/attribute/1741101447067-ec1b-a72c-9c8c",
      "dataPsmMoveAfter": "https://ofn.gov.cz/attribute/1741101447103-d2b6-b2e5-be22"
    },
    {
      "types": [
        "core-operation",
        "https://ofn.gov.cz/slovník/psm/SetOrder"
      ],
      "iri": "https://ofn.gov.cz/operation/1741101506344-e7cd-12c9-a984",
      "parent": "https://ofn.gov.cz/operation/1741101492040-f1c5-33d0-8af1",
      "dataPsmOwnerClass": "https://ofn.gov.cz/class/1741100370128-4a13-d22e-83f9",
      "dataPsmResourceToMove": "https://ofn.gov.cz/association/1741101448072-941a-a7ca-a461",
      "dataPsmMoveAfter": "https://ofn.gov.cz/attribute/1741101447067-ec1b-a72c-9c8c"
    },
    {
      "types": [
        "core-operation",
        "https://ofn.gov.cz/slovník/psm/SetOrder"
      ],
      "iri": "https://ofn.gov.cz/operation/1741101511729-3dd6-9261-89c7",
      "parent": "https://ofn.gov.cz/operation/1741101506344-e7cd-12c9-a984",
      "dataPsmOwnerClass": "https://ofn.gov.cz/class/1741100370128-4a13-d22e-83f9",
      "dataPsmResourceToMove": "https://ofn.gov.cz/association/1741101447982-2258-c785-a2f7",
      "dataPsmMoveAfter": "https://ofn.gov.cz/association/1741101448072-941a-a7ca-a461"
    },
    {
      "types": [
        "core-operation",
        "https://ofn.gov.cz/slovník/psm/SetOrder"
      ],
      "iri": "https://ofn.gov.cz/operation/1741101517209-4d7b-ff60-be85",
      "parent": "https://ofn.gov.cz/operation/1741101511729-3dd6-9261-89c7",
      "dataPsmOwnerClass": "https://ofn.gov.cz/class/1741100370128-4a13-d22e-83f9",
      "dataPsmResourceToMove": "https://ofn.gov.cz/association/1741101447894-33af-3843-9f68",
      "dataPsmMoveAfter": "https://ofn.gov.cz/association/1741101447982-2258-c785-a2f7"
    },
    {
      "types": [
        "core-operation",
        "https://ofn.gov.cz/slovník/psm/SetOrder"
      ],
      "iri": "https://ofn.gov.cz/operation/1741101521675-3b9b-98e9-9471",
      "parent": "https://ofn.gov.cz/operation/1741101517209-4d7b-ff60-be85",
      "dataPsmOwnerClass": "https://ofn.gov.cz/class/1741100370128-4a13-d22e-83f9",
      "dataPsmResourceToMove": "https://ofn.gov.cz/attribute/1741101447032-8367-1d18-8f52",
      "dataPsmMoveAfter": "https://ofn.gov.cz/association/1741101447894-33af-3843-9f68"
    },
    {
      "types": [
        "core-operation",
        "https://ofn.gov.cz/slovník/psm/SetDataType"
      ],
      "iri": "https://ofn.gov.cz/operation/1741101551898-bda8-3172-9190",
      "parent": "https://ofn.gov.cz/operation/1741101521675-3b9b-98e9-9471",
      "dataPsmAttribute": "https://ofn.gov.cz/attribute/1741101447103-d2b6-b2e5-be22",
      "dataPsmDatatype": "https://ofn.gov.cz/zdroj/základní-datové-typy/2020-07-01/text"
    },
    {
      "types": [
        "core-operation",
        "https://ofn.gov.cz/slovník/psm/SetOrder"
      ],
      "iri": "https://ofn.gov.cz/operation/1741103637253-2216-83df-9b2e",
      "parent": "https://ofn.gov.cz/operation/1741101551898-bda8-3172-9190",
      "dataPsmOwnerClass": "https://ofn.gov.cz/class/1741100370128-4a13-d22e-83f9",
      "dataPsmResourceToMove": "https://ofn.gov.cz/association/1741101447718-802a-7c32-8982",
      "dataPsmMoveAfter": "https://ofn.gov.cz/attribute/1741101446994-9ee4-f963-9628"
    },
    {
      "types": [
        "core-operation",
        "https://ofn.gov.cz/slovník/psm/SetOrder"
      ],
      "iri": "https://ofn.gov.cz/operation/1741103644704-1684-c26b-8ed1",
      "parent": "https://ofn.gov.cz/operation/1741103637253-2216-83df-9b2e",
      "dataPsmOwnerClass": "https://ofn.gov.cz/class/1741100370128-4a13-d22e-83f9",
      "dataPsmResourceToMove": "https://ofn.gov.cz/association/1741101447811-8d17-2ca5-80a3",
      "dataPsmMoveAfter": "https://ofn.gov.cz/association/1741101447718-802a-7c32-8982"
    },
    {
      "types": [
        "core-operation",
        "https://ofn.gov.cz/slovník/psm/SetOrder"
      ],
      "iri": "https://ofn.gov.cz/operation/1741103648155-bbd0-1ae7-b610",
      "parent": "https://ofn.gov.cz/operation/1741103644704-1684-c26b-8ed1",
      "dataPsmOwnerClass": "https://ofn.gov.cz/class/1741100370128-4a13-d22e-83f9",
      "dataPsmResourceToMove": "https://ofn.gov.cz/association/1741101447637-82a8-008a-9155",
      "dataPsmMoveAfter": "https://ofn.gov.cz/association/1741101447811-8d17-2ca5-80a3"
    },
    {
      "types": [
        "core-operation",
        "https://ofn.gov.cz/slovník/psm/CreateAttribute"
      ],
      "iri": "https://ofn.gov.cz/operation/1741103762805-20af-b0b4-9798",
      "parent": "https://ofn.gov.cz/operation/1741103648155-bbd0-1ae7-b610",
      "dataPsmNewIri": null,
      "dataPsmInterpretation": "29fcvws215mm7uo7ode",
      "dataPsmTechnicalLabel": "datum_konce",
      "dataPsmHumanLabel": null,
      "dataPsmHumanDescription": null,
      "dataPsmOwner": "https://ofn.gov.cz/class/1741101447601-b59e-1a4f-8271",
      "dataPsmDatatype": "http://www.w3.org/2001/XMLSchema#date"
    },
    {
      "types": [
        "core-operation",
        "https://ofn.gov.cz/slovník/psm/CreateAttribute"
      ],
      "iri": "https://ofn.gov.cz/operation/1741103762868-9ab5-0b85-a54a",
      "parent": "https://ofn.gov.cz/operation/1741103762805-20af-b0b4-9798",
      "dataPsmNewIri": null,
      "dataPsmInterpretation": "c4l49vlqqjrm7uo76ki",
      "dataPsmTechnicalLabel": "datum_začátku",
      "dataPsmHumanLabel": null,
      "dataPsmHumanDescription": null,
      "dataPsmOwner": "https://ofn.gov.cz/class/1741101447601-b59e-1a4f-8271",
      "dataPsmDatatype": "http://www.w3.org/2001/XMLSchema#date"
    },
    {
      "types": [
        "core-operation",
        "https://ofn.gov.cz/slovník/psm/SetOrder"
      ],
      "iri": "https://ofn.gov.cz/operation/1741103764618-0ba4-f54c-bbbf",
      "parent": "https://ofn.gov.cz/operation/1741103762868-9ab5-0b85-a54a",
      "dataPsmOwnerClass": "https://ofn.gov.cz/class/1741101447601-b59e-1a4f-8271",
      "dataPsmResourceToMove": "https://ofn.gov.cz/attribute/1741103762868-71c2-786e-86a7",
      "dataPsmMoveAfter": null
    },
    {
      "types": [
        "core-operation",
        "https://ofn.gov.cz/slovník/psm/SetOrder"
      ],
      "iri": "https://ofn.gov.cz/operation/1741103767388-dbb8-1824-8c6b",
      "parent": "https://ofn.gov.cz/operation/1741103764618-0ba4-f54c-bbbf",
      "dataPsmOwnerClass": "https://ofn.gov.cz/class/1741100370128-4a13-d22e-83f9",
      "dataPsmResourceToMove": "https://ofn.gov.cz/association/1741101447173-1197-dac3-87e9",
      "dataPsmMoveAfter": "https://ofn.gov.cz/association/1741101448160-f8ab-eb2d-aeed"
    },
    {
      "types": [
        "core-operation",
        "https://ofn.gov.cz/slovník/psm/SetOrder"
      ],
      "iri": "https://ofn.gov.cz/operation/1741103775740-ede7-a8ec-a8b1",
      "parent": "https://ofn.gov.cz/operation/1741103767388-dbb8-1824-8c6b",
      "dataPsmOwnerClass": "https://ofn.gov.cz/class/1741100370128-4a13-d22e-83f9",
      "dataPsmResourceToMove": "https://ofn.gov.cz/association/1741101447560-fced-4521-95e3",
      "dataPsmMoveAfter": "https://ofn.gov.cz/association/1741101447637-82a8-008a-9155"
    },
    {
      "types": [
        "core-operation",
        "https://ofn.gov.cz/slovník/psm/CreateAttribute"
      ],
      "iri": "https://ofn.gov.cz/operation/1741103968376-ae39-123a-a8ea",
      "parent": "https://ofn.gov.cz/operation/1741103775740-ede7-a8ec-a8b1",
      "dataPsmNewIri": null,
      "dataPsmInterpretation": "2r7pg6aiokqm7uoayx9",
      "dataPsmTechnicalLabel": "jméno",
      "dataPsmHumanLabel": null,
      "dataPsmHumanDescription": null,
      "dataPsmOwner": "https://ofn.gov.cz/class/1741101447522-fb02-1f3a-b9af",
      "dataPsmDatatype": "http://www.w3.org/1999/02/22-rdf-syntax-ns#langString"
    },
    {
      "types": [
        "core-operation",
        "https://ofn.gov.cz/slovník/psm/CreateClass"
      ],
      "iri": "https://ofn.gov.cz/operation/1741103968445-2935-d228-b8d5",
      "parent": "https://ofn.gov.cz/operation/1741103968376-ae39-123a-a8ea",
      "dataPsmNewIri": null,
      "dataPsmInterpretation": "4fuu5nv2y2cm7u8pvfe",
      "dataPsmTechnicalLabel": "zdroj",
      "dataPsmHumanLabel": null,
      "dataPsmHumanDescription": null,
      "dataPsmExtends": [],
      "dataPsmIsClosed": null
    },
    {
      "types": [
        "core-operation",
        "https://ofn.gov.cz/slovník/psm/CreateAssociationEnd"
      ],
      "iri": "https://ofn.gov.cz/operation/1741103968506-861c-33a3-bb67",
      "parent": "https://ofn.gov.cz/operation/1741103968445-2935-d228-b8d5",
      "dataPsmNewIri": null,
      "dataPsmInterpretation": "jcnotqz010lm7uoc79w",
      "dataPsmTechnicalLabel": "email",
      "dataPsmHumanLabel": null,
      "dataPsmHumanDescription": null,
      "dataPsmOwner": "https://ofn.gov.cz/class/1741101447522-fb02-1f3a-b9af",
      "dataPsmPart": "https://ofn.gov.cz/class/1741103968445-aabc-509c-b1fa",
      "dataPsmIsReverse": false,
      "dataPsmIsDematerialize": null
    },
    {
      "types": [
        "core-operation",
        "https://ofn.gov.cz/slovník/psm/CreateAttribute"
      ],
      "iri": "https://ofn.gov.cz/operation/1741104091775-3aed-713e-9918",
      "parent": "https://ofn.gov.cz/operation/1741103968506-861c-33a3-bb67",
      "dataPsmNewIri": null,
      "dataPsmInterpretation": "z37bz7lshkhm7uait5d",
      "dataPsmTechnicalLabel": "název",
      "dataPsmHumanLabel": null,
      "dataPsmHumanDescription": null,
      "dataPsmOwner": "https://ofn.gov.cz/class/1741101447137-856a-9310-aa7e",
      "dataPsmDatatype": "http://www.w3.org/1999/02/22-rdf-syntax-ns#langString"
    },
    {
      "types": [
        "core-operation",
        "https://ofn.gov.cz/slovník/psm/CreateClass"
      ],
      "iri": "https://ofn.gov.cz/operation/1741104091848-b078-c639-8e15",
      "parent": "https://ofn.gov.cz/operation/1741104091775-3aed-713e-9918",
      "dataPsmNewIri": null,
      "dataPsmInterpretation": "o0b1bmw28jm7ult0gt",
      "dataPsmTechnicalLabel": "specifikace_podmínek_užití",
      "dataPsmHumanLabel": null,
      "dataPsmHumanDescription": null,
      "dataPsmExtends": [],
      "dataPsmIsClosed": null
    },
    {
      "types": [
        "core-operation",
        "https://ofn.gov.cz/slovník/psm/CreateAssociationEnd"
      ],
      "iri": "https://ofn.gov.cz/operation/1741104091918-b8c6-19d9-b5a5",
      "parent": "https://ofn.gov.cz/operation/1741104091848-b078-c639-8e15",
      "dataPsmNewIri": null,
      "dataPsmInterpretation": "pm4u8gbwwxm7uluaao",
      "dataPsmTechnicalLabel": "specifikace_podmínek_užití",
      "dataPsmHumanLabel": null,
      "dataPsmHumanDescription": null,
      "dataPsmOwner": "https://ofn.gov.cz/class/1741101447137-856a-9310-aa7e",
      "dataPsmPart": "https://ofn.gov.cz/class/1741104091848-2646-cbfb-ba27",
      "dataPsmIsReverse": false,
      "dataPsmIsDematerialize": null
    },
    {
      "types": [
        "core-operation",
        "https://ofn.gov.cz/slovník/psm/CreateClass"
      ],
      "iri": "https://ofn.gov.cz/operation/1741104091989-6b02-3e7f-9a76",
      "parent": "https://ofn.gov.cz/operation/1741104091918-b8c6-19d9-b5a5",
      "dataPsmNewIri": null,
      "dataPsmInterpretation": "xyqva89nkccm7u82ag4",
      "dataPsmTechnicalLabel": "právní_předpis",
      "dataPsmHumanLabel": null,
      "dataPsmHumanDescription": null,
      "dataPsmExtends": [],
      "dataPsmIsClosed": null
    },
    {
      "types": [
        "core-operation",
        "https://ofn.gov.cz/slovník/psm/CreateAssociationEnd"
      ],
      "iri": "https://ofn.gov.cz/operation/1741104092059-a17f-f688-aaaa",
      "parent": "https://ofn.gov.cz/operation/1741104091989-6b02-3e7f-9a76",
      "dataPsmNewIri": null,
      "dataPsmInterpretation": "uodv261i89m7uahmxz",
      "dataPsmTechnicalLabel": "příslušný_právní_předpis",
      "dataPsmHumanLabel": null,
      "dataPsmHumanDescription": null,
      "dataPsmOwner": "https://ofn.gov.cz/class/1741101447137-856a-9310-aa7e",
      "dataPsmPart": "https://ofn.gov.cz/class/1741104091989-5029-42b0-b6ae",
      "dataPsmIsReverse": false,
      "dataPsmIsDematerialize": null
    },
    {
      "types": [
        "core-operation",
        "https://ofn.gov.cz/slovník/psm/CreateClass"
      ],
      "iri": "https://ofn.gov.cz/operation/1741104092126-7494-a271-aee5",
      "parent": "https://ofn.gov.cz/operation/1741104092059-a17f-f688-aaaa",
      "dataPsmNewIri": null,
      "dataPsmInterpretation": "4fuu5nv2y2cm7u8pvfe",
      "dataPsmTechnicalLabel": "zdroj",
      "dataPsmHumanLabel": null,
      "dataPsmHumanDescription": null,
      "dataPsmExtends": [],
      "dataPsmIsClosed": null
    },
    {
      "types": [
        "core-operation",
        "https://ofn.gov.cz/slovník/psm/CreateAssociationEnd"
      ],
      "iri": "https://ofn.gov.cz/operation/1741104092187-e2e0-d350-b34f",
      "parent": "https://ofn.gov.cz/operation/1741104092126-7494-a271-aee5",
      "dataPsmNewIri": null,
      "dataPsmInterpretation": "hbrvn7xh70nm7uagkzq",
      "dataPsmTechnicalLabel": "přístupové_url",
      "dataPsmHumanLabel": null,
      "dataPsmHumanDescription": null,
      "dataPsmOwner": "https://ofn.gov.cz/class/1741101447137-856a-9310-aa7e",
      "dataPsmPart": "https://ofn.gov.cz/class/1741104092126-7a77-c9e1-bd19",
      "dataPsmIsReverse": false,
      "dataPsmIsDematerialize": null
    },
    {
      "types": [
        "core-operation",
        "https://ofn.gov.cz/slovník/psm/CreateAttribute"
      ],
      "iri": "https://ofn.gov.cz/operation/1741104098080-3ccc-d066-9cff",
      "parent": "https://ofn.gov.cz/operation/1741104092187-e2e0-d350-b34f",
      "dataPsmNewIri": null,
      "dataPsmInterpretation": "rn7mjg7wmqm7ultt94",
      "dataPsmTechnicalLabel": "jména_autorů_díla",
      "dataPsmHumanLabel": null,
      "dataPsmHumanDescription": null,
      "dataPsmOwner": "https://ofn.gov.cz/class/1741104091848-2646-cbfb-ba27",
      "dataPsmDatatype": "http://www.w3.org/1999/02/22-rdf-syntax-ns#langString"
    },
    {
      "types": [
        "core-operation",
        "https://ofn.gov.cz/slovník/psm/CreateAttribute"
      ],
      "iri": "https://ofn.gov.cz/operation/1741104098143-ebdc-81fc-b6d9",
      "parent": "https://ofn.gov.cz/operation/1741104098080-3ccc-d066-9cff",
      "dataPsmNewIri": null,
      "dataPsmInterpretation": "xc8833ilesm7ultldk",
      "dataPsmTechnicalLabel": "jména_autorů_originální_databáze",
      "dataPsmHumanLabel": null,
      "dataPsmHumanDescription": null,
      "dataPsmOwner": "https://ofn.gov.cz/class/1741104091848-2646-cbfb-ba27",
      "dataPsmDatatype": "http://www.w3.org/1999/02/22-rdf-syntax-ns#langString"
    },
    {
      "types": [
        "core-operation",
        "https://ofn.gov.cz/slovník/psm/CreateClass"
      ],
      "iri": "https://ofn.gov.cz/operation/1741104098207-334d-d21d-90cf",
      "parent": "https://ofn.gov.cz/operation/1741104098143-ebdc-81fc-b6d9",
      "dataPsmNewIri": null,
      "dataPsmInterpretation": "miqdo79hesdm7ulyznn",
      "dataPsmTechnicalLabel": "licence",
      "dataPsmHumanLabel": null,
      "dataPsmHumanDescription": null,
      "dataPsmExtends": [],
      "dataPsmIsClosed": null
    },
    {
      "types": [
        "core-operation",
        "https://ofn.gov.cz/slovník/psm/CreateAssociationEnd"
      ],
      "iri": "https://ofn.gov.cz/operation/1741104098265-4afd-6968-8593",
      "parent": "https://ofn.gov.cz/operation/1741104098207-334d-d21d-90cf",
      "dataPsmNewIri": null,
      "dataPsmInterpretation": "mcn8m8ivgegm7um0yuc",
      "dataPsmTechnicalLabel": "osobní_údaje",
      "dataPsmHumanLabel": null,
      "dataPsmHumanDescription": null,
      "dataPsmOwner": "https://ofn.gov.cz/class/1741104091848-2646-cbfb-ba27",
      "dataPsmPart": "https://ofn.gov.cz/class/1741104098207-1cce-84eb-8c88",
      "dataPsmIsReverse": false,
      "dataPsmIsDematerialize": null
    },
    {
      "types": [
        "core-operation",
        "https://ofn.gov.cz/slovník/psm/CreateClass"
      ],
      "iri": "https://ofn.gov.cz/operation/1741104098329-bef6-1947-b604",
      "parent": "https://ofn.gov.cz/operation/1741104098265-4afd-6968-8593",
      "dataPsmNewIri": null,
      "dataPsmInterpretation": "miqdo79hesdm7ulyznn",
      "dataPsmTechnicalLabel": "licence",
      "dataPsmHumanLabel": null,
      "dataPsmHumanDescription": null,
      "dataPsmExtends": [],
      "dataPsmIsClosed": null
    },
    {
      "types": [
        "core-operation",
        "https://ofn.gov.cz/slovník/psm/CreateAssociationEnd"
      ],
      "iri": "https://ofn.gov.cz/operation/1741104098390-eb90-29d5-bc35",
      "parent": "https://ofn.gov.cz/operation/1741104098329-bef6-1947-b604",
      "dataPsmNewIri": null,
      "dataPsmInterpretation": "09ar2b2v4goom7um0ntn",
      "dataPsmTechnicalLabel": "zvláštní_právo_pořizovatele_databáze",
      "dataPsmHumanLabel": null,
      "dataPsmHumanDescription": null,
      "dataPsmOwner": "https://ofn.gov.cz/class/1741104091848-2646-cbfb-ba27",
      "dataPsmPart": "https://ofn.gov.cz/class/1741104098329-3840-b6a0-8683",
      "dataPsmIsReverse": false,
      "dataPsmIsDematerialize": null
    },
    {
      "types": [
        "core-operation",
        "https://ofn.gov.cz/slovník/psm/CreateClass"
      ],
      "iri": "https://ofn.gov.cz/operation/1741104098456-f2a5-fa23-87b4",
      "parent": "https://ofn.gov.cz/operation/1741104098390-eb90-29d5-bc35",
      "dataPsmNewIri": null,
      "dataPsmInterpretation": "miqdo79hesdm7ulyznn",
      "dataPsmTechnicalLabel": "licence",
      "dataPsmHumanLabel": null,
      "dataPsmHumanDescription": null,
      "dataPsmExtends": [],
      "dataPsmIsClosed": null
    },
    {
      "types": [
        "core-operation",
        "https://ofn.gov.cz/slovník/psm/CreateAssociationEnd"
      ],
      "iri": "https://ofn.gov.cz/operation/1741104098517-7ce9-bbed-bebb",
      "parent": "https://ofn.gov.cz/operation/1741104098456-f2a5-fa23-87b4",
      "dataPsmNewIri": null,
      "dataPsmInterpretation": "4so5ynxjnwmm7um0bu0",
      "dataPsmTechnicalLabel": "autorské_dílo",
      "dataPsmHumanLabel": null,
      "dataPsmHumanDescription": null,
      "dataPsmOwner": "https://ofn.gov.cz/class/1741104091848-2646-cbfb-ba27",
      "dataPsmPart": "https://ofn.gov.cz/class/1741104098456-cdde-fdbd-8580",
      "dataPsmIsReverse": false,
      "dataPsmIsDematerialize": null
    },
    {
      "types": [
        "core-operation",
        "https://ofn.gov.cz/slovník/psm/CreateClass"
      ],
      "iri": "https://ofn.gov.cz/operation/1741104098586-e2b1-ea37-b00d",
      "parent": "https://ofn.gov.cz/operation/1741104098517-7ce9-bbed-bebb",
      "dataPsmNewIri": null,
      "dataPsmInterpretation": "miqdo79hesdm7ulyznn",
      "dataPsmTechnicalLabel": "licence",
      "dataPsmHumanLabel": null,
      "dataPsmHumanDescription": null,
      "dataPsmExtends": [],
      "dataPsmIsClosed": null
    },
    {
      "types": [
        "core-operation",
        "https://ofn.gov.cz/slovník/psm/CreateAssociationEnd"
      ],
      "iri": "https://ofn.gov.cz/operation/1741104098651-66bc-2d26-9560",
      "parent": "https://ofn.gov.cz/operation/1741104098586-e2b1-ea37-b00d",
      "dataPsmNewIri": null,
      "dataPsmInterpretation": "xj0r9gcpjxcm7ulzjkt",
      "dataPsmTechnicalLabel": "originální_databáze",
      "dataPsmHumanLabel": null,
      "dataPsmHumanDescription": null,
      "dataPsmOwner": "https://ofn.gov.cz/class/1741104091848-2646-cbfb-ba27",
      "dataPsmPart": "https://ofn.gov.cz/class/1741104098586-1cdc-e15f-9106",
      "dataPsmIsReverse": false,
      "dataPsmIsDematerialize": null
    },
    {
      "types": [
        "core-operation",
        "https://ofn.gov.cz/slovník/psm/SetDataType"
      ],
      "iri": "https://ofn.gov.cz/operation/1741104248125-22e5-5b73-a0d9",
      "parent": "https://ofn.gov.cz/operation/1741104098651-66bc-2d26-9560",
      "dataPsmAttribute": "https://ofn.gov.cz/attribute/1741101447103-d2b6-b2e5-be22",
      "dataPsmDatatype": "http://www.w3.org/1999/02/22-rdf-syntax-ns#langString"
    },
    {
      "types": [
        "core-operation",
        "https://ofn.gov.cz/slovník/psm/SetInstancesHaveIdentity"
      ],
      "iri": "https://ofn.gov.cz/operation/1741158955555-f2dd-5f6d-82e6",
      "parent": "https://ofn.gov.cz/operation/1741104248125-22e5-5b73-a0d9",
      "dataPsmClass": "https://ofn.gov.cz/class/1741101447601-b59e-1a4f-8271",
      "instancesHaveIdentity": "NEVER"
    },
    {
      "types": [
        "core-operation",
        "https://ofn.gov.cz/slovník/psm/CreateAttribute"
      ],
      "iri": "https://ofn.gov.cz/operation/1741347727637-e496-2504-b071",
      "parent": "https://ofn.gov.cz/operation/1741158955555-f2dd-5f6d-82e6",
      "dataPsmNewIri": null,
      "dataPsmInterpretation": "4yie9wjuzkdm7u92087",
      "dataPsmTechnicalLabel": "název",
      "dataPsmHumanLabel": null,
      "dataPsmHumanDescription": null,
      "dataPsmOwner": "https://ofn.gov.cz/class/1741100370128-4a13-d22e-83f9",
      "dataPsmDatatype": "https://ofn.gov.cz/zdroj/základní-datové-typy/2020-07-01/text"
    },
    {
      "types": [
        "core-operation",
        "https://ofn.gov.cz/slovník/psm/DeleteAttribute"
      ],
      "iri": "https://ofn.gov.cz/operation/1741347731985-ea5c-0bf0-8e31",
      "parent": "https://ofn.gov.cz/operation/1741347727637-e496-2504-b071",
      "dataPsmOwner": "https://ofn.gov.cz/class/1741100370128-4a13-d22e-83f9",
      "dataPsmAttribute": "https://ofn.gov.cz/attribute/1741347727637-e502-a2e5-9be3"
    },
    {
      "types": [
        "core-operation",
        "https://ofn.gov.cz/slovník/psm/DeleteAttribute"
      ],
      "iri": "https://ofn.gov.cz/operation/1741347733793-c11d-0784-978f",
      "parent": "https://ofn.gov.cz/operation/1741347731985-ea5c-0bf0-8e31",
      "dataPsmOwner": "https://ofn.gov.cz/class/1741100370128-4a13-d22e-83f9",
      "dataPsmAttribute": "https://ofn.gov.cz/attribute/1741101447103-d2b6-b2e5-be22"
    },
    {
      "types": [
        "core-operation",
        "https://ofn.gov.cz/slovník/psm/DeleteAttribute"
      ],
      "iri": "https://ofn.gov.cz/operation/1741347734198-bbf0-8821-8fa4",
      "parent": "https://ofn.gov.cz/operation/1741347733793-c11d-0784-978f",
      "dataPsmOwner": "https://ofn.gov.cz/class/1741100370128-4a13-d22e-83f9",
      "dataPsmAttribute": "https://ofn.gov.cz/attribute/1741101447067-ec1b-a72c-9c8c"
    },
    {
      "types": [
        "core-operation",
        "https://ofn.gov.cz/slovník/psm/CreateAttribute"
      ],
      "iri": "https://ofn.gov.cz/operation/1741347740306-f3db-6843-b3ee",
      "parent": "https://ofn.gov.cz/operation/1741347734198-bbf0-8821-8fa4",
      "dataPsmNewIri": null,
      "dataPsmInterpretation": "w4kththke9m7u92pmi",
      "dataPsmTechnicalLabel": "popis",
      "dataPsmHumanLabel": null,
      "dataPsmHumanDescription": null,
      "dataPsmOwner": "https://ofn.gov.cz/class/1741100370128-4a13-d22e-83f9",
      "dataPsmDatatype": "https://ofn.gov.cz/zdroj/základní-datové-typy/2020-07-01/text"
    },
    {
      "types": [
        "core-operation",
        "https://ofn.gov.cz/slovník/psm/CreateAttribute"
      ],
      "iri": "https://ofn.gov.cz/operation/1741347740384-af19-c438-9f5a",
      "parent": "https://ofn.gov.cz/operation/1741347740306-f3db-6843-b3ee",
      "dataPsmNewIri": null,
      "dataPsmInterpretation": "4yie9wjuzkdm7u92087",
      "dataPsmTechnicalLabel": "název",
      "dataPsmHumanLabel": null,
      "dataPsmHumanDescription": null,
      "dataPsmOwner": "https://ofn.gov.cz/class/1741100370128-4a13-d22e-83f9",
      "dataPsmDatatype": "https://ofn.gov.cz/zdroj/základní-datové-typy/2020-07-01/text"
    },
    {
      "types": [
        "core-operation",
        "https://ofn.gov.cz/slovník/psm/SetOrder"
      ],
      "iri": "https://ofn.gov.cz/operation/1741347745035-7a5c-fea9-89ea",
      "parent": "https://ofn.gov.cz/operation/1741347740384-af19-c438-9f5a",
      "dataPsmOwnerClass": "https://ofn.gov.cz/class/1741100370128-4a13-d22e-83f9",
      "dataPsmResourceToMove": "https://ofn.gov.cz/attribute/1741347740384-3ec5-1e1f-8011",
      "dataPsmMoveAfter": null
    },
    {
      "types": [
        "core-operation",
        "https://ofn.gov.cz/slovník/psm/SetOrder"
      ],
      "iri": "https://ofn.gov.cz/operation/1741347747869-34dc-1445-8515",
      "parent": "https://ofn.gov.cz/operation/1741347745035-7a5c-fea9-89ea",
      "dataPsmOwnerClass": "https://ofn.gov.cz/class/1741100370128-4a13-d22e-83f9",
      "dataPsmResourceToMove": "https://ofn.gov.cz/attribute/1741347740306-be00-cd19-89e7",
      "dataPsmMoveAfter": "https://ofn.gov.cz/attribute/1741347740384-3ec5-1e1f-8011"
    },
    {
      "types": [
        "core-operation",
        "https://ofn.gov.cz/slovník/psm/DeleteAttribute"
      ],
      "iri": "https://ofn.gov.cz/operation/1741347749461-0091-94da-9230",
      "parent": "https://ofn.gov.cz/operation/1741347747869-34dc-1445-8515",
      "dataPsmOwner": "https://ofn.gov.cz/class/1741100370128-4a13-d22e-83f9",
      "dataPsmAttribute": "https://ofn.gov.cz/attribute/1741101447032-8367-1d18-8f52"
    },
    {
      "types": [
        "core-operation",
        "https://ofn.gov.cz/slovník/psm/CreateAttribute"
      ],
      "iri": "https://ofn.gov.cz/operation/1741347754236-407f-d0a2-9dea",
      "parent": "https://ofn.gov.cz/operation/1741347749461-0091-94da-9230",
      "dataPsmNewIri": null,
      "dataPsmInterpretation": "qc0308odc2m7u982t2",
      "dataPsmTechnicalLabel": "klíčové_slovo",
      "dataPsmHumanLabel": null,
      "dataPsmHumanDescription": null,
      "dataPsmOwner": "https://ofn.gov.cz/class/1741100370128-4a13-d22e-83f9",
      "dataPsmDatatype": "http://www.w3.org/1999/02/22-rdf-syntax-ns#langString"
    },
    {
      "types": [
        "core-operation",
        "https://ofn.gov.cz/slovník/psm/SetOrder"
      ],
      "iri": "https://ofn.gov.cz/operation/1741347758572-477d-8fa4-8bae",
      "parent": "https://ofn.gov.cz/operation/1741347754236-407f-d0a2-9dea",
      "dataPsmOwnerClass": "https://ofn.gov.cz/class/1741100370128-4a13-d22e-83f9",
      "dataPsmResourceToMove": "https://ofn.gov.cz/attribute/1741347754236-c2fa-6885-88c9",
      "dataPsmMoveAfter": "https://ofn.gov.cz/association/1741101447894-33af-3843-9f68"
    },
    {
      "types": [
        "core-operation",
        "https://ofn.gov.cz/slovník/psm/extensions/json/setUseKeyValueForLangString"
      ],
      "iri": "https://ofn.gov.cz/operation/1741347799428-6c03-1b54-b1b5",
      "parent": "https://ofn.gov.cz/operation/1741347758572-477d-8fa4-8bae",
      "dataPsmProperty": "https://ofn.gov.cz/attribute/1741347754236-c2fa-6885-88c9",
      "useKeyValueForLangString": true
    }
  ],
  "resources": {
    "46bb5571-27d1-411d-aa82-55f9c639fbfd": {
      "types": [
        "https://ofn.gov.cz/slovník/psm/Schema"
      ],
      "iri": "46bb5571-27d1-411d-aa82-55f9c639fbfd",
      "dataPsmHumanLabel": {
        "cs": "Datová sada",
        "en": "Dataset"
      },
      "dataPsmHumanDescription": {
        "cs": "Datová struktura pro Datová sada. Kolekce dat poskytovaná či řízená jedním zdrojem, která je k dispozici pro přístup či stažení v jednom či více formátech.",
        "en": "Data structure for Dataset. A conceptual entity that represents the information published."
      },
      "dataPsmTechnicalLabel": null,
      "dataPsmRoots": [
        "https://ofn.gov.cz/class/1741100370128-4a13-d22e-83f9"
      ],
      "dataPsmParts": [
        "https://ofn.gov.cz/class/1741100370128-4a13-d22e-83f9",
        "https://ofn.gov.cz/attribute/1741101446958-88ce-af18-ad57",
        "https://ofn.gov.cz/attribute/1741101446994-9ee4-f963-9628",
        "https://ofn.gov.cz/class/1741101447137-856a-9310-aa7e",
        "https://ofn.gov.cz/association/1741101447173-1197-dac3-87e9",
        "https://ofn.gov.cz/class/1741101447212-7719-6e67-bc37",
        "https://ofn.gov.cz/association/1741101447249-6cea-4b35-b760",
        "https://ofn.gov.cz/class/1741101447289-4ddb-3349-82b7",
        "https://ofn.gov.cz/association/1741101447326-209c-bb16-8bc6",
        "https://ofn.gov.cz/class/1741101447368-ac17-a5f2-b2b2",
        "https://ofn.gov.cz/association/1741101447405-a6bb-aace-a82b",
        "https://ofn.gov.cz/class/1741101447447-f47a-86c9-8f6f",
        "https://ofn.gov.cz/association/1741101447483-381a-feae-886a",
        "https://ofn.gov.cz/class/1741101447522-fb02-1f3a-b9af",
        "https://ofn.gov.cz/association/1741101447560-fced-4521-95e3",
        "https://ofn.gov.cz/class/1741101447601-b59e-1a4f-8271",
        "https://ofn.gov.cz/association/1741101447637-82a8-008a-9155",
        "https://ofn.gov.cz/class/1741101447679-ec21-8cc0-a441",
        "https://ofn.gov.cz/association/1741101447718-802a-7c32-8982",
        "https://ofn.gov.cz/class/1741101447760-8c03-59ad-8b90",
        "https://ofn.gov.cz/association/1741101447811-8d17-2ca5-80a3",
        "https://ofn.gov.cz/class/1741101447852-6019-4a9c-ae96",
        "https://ofn.gov.cz/association/1741101447894-33af-3843-9f68",
        "https://ofn.gov.cz/class/1741101447937-3076-ac3c-8c48",
        "https://ofn.gov.cz/association/1741101447982-2258-c785-a2f7",
        "https://ofn.gov.cz/class/1741101448027-9fad-1e15-a1e5",
        "https://ofn.gov.cz/association/1741101448072-941a-a7ca-a461",
        "https://ofn.gov.cz/class/1741101448119-8733-1cc6-9b65",
        "https://ofn.gov.cz/association/1741101448160-f8ab-eb2d-aeed",
        "https://ofn.gov.cz/attribute/1741103762805-6001-3c5d-af6b",
        "https://ofn.gov.cz/attribute/1741103762868-71c2-786e-86a7",
        "https://ofn.gov.cz/attribute/1741103968376-391a-9c41-9968",
        "https://ofn.gov.cz/class/1741103968445-aabc-509c-b1fa",
        "https://ofn.gov.cz/association/1741103968506-671c-4141-a6cd",
        "https://ofn.gov.cz/attribute/1741104091775-cbea-ff3f-87e0",
        "https://ofn.gov.cz/class/1741104091848-2646-cbfb-ba27",
        "https://ofn.gov.cz/association/1741104091918-3e9e-7d55-a31f",
        "https://ofn.gov.cz/class/1741104091989-5029-42b0-b6ae",
        "https://ofn.gov.cz/association/1741104092059-93ea-1371-9874",
        "https://ofn.gov.cz/class/1741104092126-7a77-c9e1-bd19",
        "https://ofn.gov.cz/association/1741104092187-fdf5-ce16-9ccf",
        "https://ofn.gov.cz/attribute/1741104098079-23c4-6102-a738",
        "https://ofn.gov.cz/attribute/1741104098143-84e8-3ec4-b00f",
        "https://ofn.gov.cz/class/1741104098207-1cce-84eb-8c88",
        "https://ofn.gov.cz/association/1741104098265-993a-9c20-a4a8",
        "https://ofn.gov.cz/class/1741104098329-3840-b6a0-8683",
        "https://ofn.gov.cz/association/1741104098390-3ce0-60d1-8746",
        "https://ofn.gov.cz/class/1741104098456-cdde-fdbd-8580",
        "https://ofn.gov.cz/association/1741104098517-9b10-4d09-b8ed",
        "https://ofn.gov.cz/class/1741104098586-1cdc-e15f-9106",
        "https://ofn.gov.cz/association/1741104098651-e363-dc92-b4ad",
        "https://ofn.gov.cz/attribute/1741347740306-be00-cd19-89e7",
        "https://ofn.gov.cz/attribute/1741347740384-3ec5-1e1f-8011",
        "https://ofn.gov.cz/attribute/1741347754236-c2fa-6885-88c9"
      ]
    },
    "https://ofn.gov.cz/class/1741100370128-4a13-d22e-83f9": {
      "types": [
        "https://ofn.gov.cz/slovník/psm/Class"
      ],
      "iri": "https://ofn.gov.cz/class/1741100370128-4a13-d22e-83f9",
      "dataPsmHumanLabel": null,
      "dataPsmHumanDescription": null,
      "dataPsmTechnicalLabel": "datová_sada",
      "dataPsmInterpretation": "l5uwbja7788m7u7fjmv",
      "dataPsmExtends": [],
      "dataPsmParts": [
        "https://ofn.gov.cz/attribute/1741347740384-3ec5-1e1f-8011",
        "https://ofn.gov.cz/attribute/1741347740306-be00-cd19-89e7",
        "https://ofn.gov.cz/association/1741101448072-941a-a7ca-a461",
        "https://ofn.gov.cz/association/1741101447982-2258-c785-a2f7",
        "https://ofn.gov.cz/association/1741101447894-33af-3843-9f68",
        "https://ofn.gov.cz/attribute/1741347754236-c2fa-6885-88c9",
        "https://ofn.gov.cz/attribute/1741101446958-88ce-af18-ad57",
        "https://ofn.gov.cz/attribute/1741101446994-9ee4-f963-9628",
        "https://ofn.gov.cz/association/1741101447718-802a-7c32-8982",
        "https://ofn.gov.cz/association/1741101447811-8d17-2ca5-80a3",
        "https://ofn.gov.cz/association/1741101447637-82a8-008a-9155",
        "https://ofn.gov.cz/association/1741101447560-fced-4521-95e3",
        "https://ofn.gov.cz/association/1741101447249-6cea-4b35-b760",
        "https://ofn.gov.cz/association/1741101447326-209c-bb16-8bc6",
        "https://ofn.gov.cz/association/1741101447405-a6bb-aace-a82b",
        "https://ofn.gov.cz/association/1741101447483-381a-feae-886a",
        "https://ofn.gov.cz/association/1741101448160-f8ab-eb2d-aeed",
        "https://ofn.gov.cz/association/1741101447173-1197-dac3-87e9"
      ],
      "dataPsmIsClosed": null
    },
    "https://ofn.gov.cz/attribute/1741101446958-88ce-af18-ad57": {
      "types": [
        "https://ofn.gov.cz/slovník/psm/Attribute"
      ],
      "iri": "https://ofn.gov.cz/attribute/1741101446958-88ce-af18-ad57",
      "dataPsmHumanLabel": null,
      "dataPsmHumanDescription": null,
      "dataPsmTechnicalLabel": "časové_rozlišení",
      "dataPsmInterpretation": "owgm6ky9wicm7u9xjqs",
      "dataPsmDatatype": "http://www.w3.org/2001/XMLSchema#duration"
    },
    "https://ofn.gov.cz/attribute/1741101446994-9ee4-f963-9628": {
      "types": [
        "https://ofn.gov.cz/slovník/psm/Attribute"
      ],
      "iri": "https://ofn.gov.cz/attribute/1741101446994-9ee4-f963-9628",
      "dataPsmHumanLabel": null,
      "dataPsmHumanDescription": null,
      "dataPsmTechnicalLabel": "prostorové_rozlišení_v_metrech",
      "dataPsmInterpretation": "ev17gj00w6m7u9wyzq",
      "dataPsmDatatype": "http://www.w3.org/2001/XMLSchema#decimal"
    },
    "https://ofn.gov.cz/class/1741101447137-856a-9310-aa7e": {
      "types": [
        "https://ofn.gov.cz/slovník/psm/Class"
      ],
      "iri": "https://ofn.gov.cz/class/1741101447137-856a-9310-aa7e",
      "dataPsmHumanLabel": null,
      "dataPsmHumanDescription": null,
      "dataPsmTechnicalLabel": "distribuce",
      "dataPsmInterpretation": "yyv0sutoim9m7u7mb77",
      "dataPsmExtends": [],
      "dataPsmParts": [
        "https://ofn.gov.cz/attribute/1741104091775-cbea-ff3f-87e0",
        "https://ofn.gov.cz/association/1741104091918-3e9e-7d55-a31f",
        "https://ofn.gov.cz/association/1741104092059-93ea-1371-9874",
        "https://ofn.gov.cz/association/1741104092187-fdf5-ce16-9ccf"
      ],
      "dataPsmIsClosed": null
    },
    "https://ofn.gov.cz/association/1741101447173-1197-dac3-87e9": {
      "types": [
        "https://ofn.gov.cz/slovník/psm/AssociationEnd"
      ],
      "iri": "https://ofn.gov.cz/association/1741101447173-1197-dac3-87e9",
      "dataPsmHumanLabel": null,
      "dataPsmHumanDescription": null,
      "dataPsmTechnicalLabel": "distribuce",
      "dataPsmInterpretation": "qgzpi0mfz0am7ua063w",
      "dataPsmPart": "https://ofn.gov.cz/class/1741101447137-856a-9310-aa7e",
      "dataPsmIsReverse": false,
      "dataPsmIsDematerialize": null
    },
    "https://ofn.gov.cz/class/1741101447212-7719-6e67-bc37": {
      "types": [
        "https://ofn.gov.cz/slovník/psm/Class"
      ],
      "iri": "https://ofn.gov.cz/class/1741101447212-7719-6e67-bc37",
      "dataPsmHumanLabel": null,
      "dataPsmHumanDescription": null,
      "dataPsmTechnicalLabel": "právní_předpis",
      "dataPsmInterpretation": "xyqva89nkccm7u82ag4",
      "dataPsmExtends": [],
      "dataPsmParts": [],
      "dataPsmIsClosed": null
    },
    "https://ofn.gov.cz/association/1741101447249-6cea-4b35-b760": {
      "types": [
        "https://ofn.gov.cz/slovník/psm/AssociationEnd"
      ],
      "iri": "https://ofn.gov.cz/association/1741101447249-6cea-4b35-b760",
      "dataPsmHumanLabel": null,
      "dataPsmHumanDescription": null,
      "dataPsmTechnicalLabel": "příslušný_právní_předpis",
      "dataPsmInterpretation": "oievca664qm7u9z3o3",
      "dataPsmPart": "https://ofn.gov.cz/class/1741101447212-7719-6e67-bc37",
      "dataPsmIsReverse": false,
      "dataPsmIsDematerialize": null
    },
    "https://ofn.gov.cz/class/1741101447289-4ddb-3349-82b7": {
      "types": [
        "https://ofn.gov.cz/slovník/psm/Class"
      ],
      "iri": "https://ofn.gov.cz/class/1741101447289-4ddb-3349-82b7",
      "dataPsmHumanLabel": null,
      "dataPsmHumanDescription": null,
      "dataPsmTechnicalLabel": "téma_eurovoc",
      "dataPsmInterpretation": "m0nww7z10km7u80yeq",
      "dataPsmExtends": [],
      "dataPsmParts": [],
      "dataPsmIsClosed": null
    },
    "https://ofn.gov.cz/association/1741101447326-209c-bb16-8bc6": {
      "types": [
        "https://ofn.gov.cz/slovník/psm/AssociationEnd"
      ],
      "iri": "https://ofn.gov.cz/association/1741101447326-209c-bb16-8bc6",
      "dataPsmHumanLabel": null,
      "dataPsmHumanDescription": null,
      "dataPsmTechnicalLabel": "klasifikace_dle_eurovoc",
      "dataPsmInterpretation": "mycaknl5q37m7u9vyo8",
      "dataPsmPart": "https://ofn.gov.cz/class/1741101447289-4ddb-3349-82b7",
      "dataPsmIsReverse": false,
      "dataPsmIsDematerialize": null
    },
    "https://ofn.gov.cz/class/1741101447368-ac17-a5f2-b2b2": {
      "types": [
        "https://ofn.gov.cz/slovník/psm/Class"
      ],
      "iri": "https://ofn.gov.cz/class/1741101447368-ac17-a5f2-b2b2",
      "dataPsmHumanLabel": null,
      "dataPsmHumanDescription": null,
      "dataPsmTechnicalLabel": "standard",
      "dataPsmInterpretation": "2h5govdudtxm7u9tdhv",
      "dataPsmExtends": [],
      "dataPsmParts": [],
      "dataPsmIsClosed": null
    },
    "https://ofn.gov.cz/association/1741101447405-a6bb-aace-a82b": {
      "types": [
        "https://ofn.gov.cz/slovník/psm/AssociationEnd"
      ],
      "iri": "https://ofn.gov.cz/association/1741101447405-a6bb-aace-a82b",
      "dataPsmHumanLabel": null,
      "dataPsmHumanDescription": null,
      "dataPsmTechnicalLabel": "specifikace",
      "dataPsmInterpretation": "cxgwfjt22srm7u9ugn7",
      "dataPsmPart": "https://ofn.gov.cz/class/1741101447368-ac17-a5f2-b2b2",
      "dataPsmIsReverse": false,
      "dataPsmIsDematerialize": null
    },
    "https://ofn.gov.cz/class/1741101447447-f47a-86c9-8f6f": {
      "types": [
        "https://ofn.gov.cz/slovník/psm/Class"
      ],
      "iri": "https://ofn.gov.cz/class/1741101447447-f47a-86c9-8f6f",
      "dataPsmHumanLabel": null,
      "dataPsmHumanDescription": null,
      "dataPsmTechnicalLabel": "zdroj",
      "dataPsmInterpretation": "4fuu5nv2y2cm7u8pvfe",
      "dataPsmExtends": [],
      "dataPsmParts": [],
      "dataPsmIsClosed": null
    },
    "https://ofn.gov.cz/association/1741101447483-381a-feae-886a": {
      "types": [
        "https://ofn.gov.cz/slovník/psm/AssociationEnd"
      ],
      "iri": "https://ofn.gov.cz/association/1741101447483-381a-feae-886a",
      "dataPsmHumanLabel": null,
      "dataPsmHumanDescription": null,
      "dataPsmTechnicalLabel": "dokumentace",
      "dataPsmInterpretation": "zwrj4lssipm7u9r2ov",
      "dataPsmPart": "https://ofn.gov.cz/class/1741101447447-f47a-86c9-8f6f",
      "dataPsmIsReverse": false,
      "dataPsmIsDematerialize": null
    },
    "https://ofn.gov.cz/class/1741101447522-fb02-1f3a-b9af": {
      "types": [
        "https://ofn.gov.cz/slovník/psm/Class"
      ],
      "iri": "https://ofn.gov.cz/class/1741101447522-fb02-1f3a-b9af",
      "dataPsmHumanLabel": null,
      "dataPsmHumanDescription": null,
      "dataPsmTechnicalLabel": "kontaktní_bod",
      "dataPsmInterpretation": "gkm4tfmrz0om7u7p4go",
      "dataPsmExtends": [],
      "dataPsmParts": [
        "https://ofn.gov.cz/attribute/1741103968376-391a-9c41-9968",
        "https://ofn.gov.cz/association/1741103968506-671c-4141-a6cd"
      ],
      "dataPsmIsClosed": null
    },
    "https://ofn.gov.cz/association/1741101447560-fced-4521-95e3": {
      "types": [
        "https://ofn.gov.cz/slovník/psm/AssociationEnd"
      ],
      "iri": "https://ofn.gov.cz/association/1741101447560-fced-4521-95e3",
      "dataPsmHumanLabel": null,
      "dataPsmHumanDescription": null,
      "dataPsmTechnicalLabel": "kontaktní_bod",
      "dataPsmInterpretation": "p3449nde2xhm7u9fyou",
      "dataPsmPart": "https://ofn.gov.cz/class/1741101447522-fb02-1f3a-b9af",
      "dataPsmIsReverse": false,
      "dataPsmIsDematerialize": null
    },
    "https://ofn.gov.cz/class/1741101447601-b59e-1a4f-8271": {
      "types": [
        "https://ofn.gov.cz/slovník/psm/Class"
      ],
      "iri": "https://ofn.gov.cz/class/1741101447601-b59e-1a4f-8271",
      "dataPsmHumanLabel": null,
      "dataPsmHumanDescription": null,
      "dataPsmTechnicalLabel": "časový_interval",
      "dataPsmInterpretation": "uknbmwjs5hjm7u7qoke",
      "dataPsmExtends": [],
      "dataPsmParts": [
        "https://ofn.gov.cz/attribute/1741103762868-71c2-786e-86a7",
        "https://ofn.gov.cz/attribute/1741103762805-6001-3c5d-af6b"
      ],
      "dataPsmIsClosed": null,
      "instancesHaveIdentity": "NEVER"
    },
    "https://ofn.gov.cz/association/1741101447637-82a8-008a-9155": {
      "types": [
        "https://ofn.gov.cz/slovník/psm/AssociationEnd"
      ],
      "iri": "https://ofn.gov.cz/association/1741101447637-82a8-008a-9155",
      "dataPsmHumanLabel": null,
      "dataPsmHumanDescription": null,
      "dataPsmTechnicalLabel": "časové_pokrytí",
      "dataPsmInterpretation": "pki99654ccdm7u9f498",
      "dataPsmPart": "https://ofn.gov.cz/class/1741101447601-b59e-1a4f-8271",
      "dataPsmIsReverse": false,
      "dataPsmIsDematerialize": null
    },
    "https://ofn.gov.cz/class/1741101447679-ec21-8cc0-a441": {
      "types": [
        "https://ofn.gov.cz/slovník/psm/Class"
      ],
      "iri": "https://ofn.gov.cz/class/1741101447679-ec21-8cc0-a441",
      "dataPsmHumanLabel": null,
      "dataPsmHumanDescription": null,
      "dataPsmTechnicalLabel": "geografické_území",
      "dataPsmInterpretation": "mixm9ri8z2m7u7xhnx",
      "dataPsmExtends": [],
      "dataPsmParts": [],
      "dataPsmIsClosed": null
    },
    "https://ofn.gov.cz/association/1741101447718-802a-7c32-8982": {
      "types": [
        "https://ofn.gov.cz/slovník/psm/AssociationEnd"
      ],
      "iri": "https://ofn.gov.cz/association/1741101447718-802a-7c32-8982",
      "dataPsmHumanLabel": null,
      "dataPsmHumanDescription": null,
      "dataPsmTechnicalLabel": "související_geografické_území",
      "dataPsmInterpretation": "z049ixqipmkm7u9dg85",
      "dataPsmPart": "https://ofn.gov.cz/class/1741101447679-ec21-8cc0-a441",
      "dataPsmIsReverse": false,
      "dataPsmIsDematerialize": null
    },
    "https://ofn.gov.cz/class/1741101447760-8c03-59ad-8b90": {
      "types": [
        "https://ofn.gov.cz/slovník/psm/Class"
      ],
      "iri": "https://ofn.gov.cz/class/1741101447760-8c03-59ad-8b90",
      "dataPsmHumanLabel": null,
      "dataPsmHumanDescription": null,
      "dataPsmTechnicalLabel": "prvek_z_rúian",
      "dataPsmInterpretation": "1bg2hka8bq5m7u9bb71",
      "dataPsmExtends": [],
      "dataPsmParts": [],
      "dataPsmIsClosed": null
    },
    "https://ofn.gov.cz/association/1741101447811-8d17-2ca5-80a3": {
      "types": [
        "https://ofn.gov.cz/slovník/psm/AssociationEnd"
      ],
      "iri": "https://ofn.gov.cz/association/1741101447811-8d17-2ca5-80a3",
      "dataPsmHumanLabel": null,
      "dataPsmHumanDescription": null,
      "dataPsmTechnicalLabel": "související_geografické_území_-_prvek_z_rúian",
      "dataPsmInterpretation": "ns2xrqb5uomm7u9cwf2",
      "dataPsmPart": "https://ofn.gov.cz/class/1741101447760-8c03-59ad-8b90",
      "dataPsmIsReverse": false,
      "dataPsmIsDematerialize": null
    },
    "https://ofn.gov.cz/class/1741101447852-6019-4a9c-ae96": {
      "types": [
        "https://ofn.gov.cz/slovník/psm/Class"
      ],
      "iri": "https://ofn.gov.cz/class/1741101447852-6019-4a9c-ae96",
      "dataPsmHumanLabel": null,
      "dataPsmHumanDescription": null,
      "dataPsmTechnicalLabel": "frekvence",
      "dataPsmInterpretation": "5sls2er0m5om7u7yfa4",
      "dataPsmExtends": [],
      "dataPsmParts": [],
      "dataPsmIsClosed": null
    },
    "https://ofn.gov.cz/association/1741101447894-33af-3843-9f68": {
      "types": [
        "https://ofn.gov.cz/slovník/psm/AssociationEnd"
      ],
      "iri": "https://ofn.gov.cz/association/1741101447894-33af-3843-9f68",
      "dataPsmHumanLabel": null,
      "dataPsmHumanDescription": null,
      "dataPsmTechnicalLabel": "periodicita_aktualizace",
      "dataPsmInterpretation": "t0x057fk26nm7u97chc",
      "dataPsmPart": "https://ofn.gov.cz/class/1741101447852-6019-4a9c-ae96",
      "dataPsmIsReverse": false,
      "dataPsmIsDematerialize": null
    },
    "https://ofn.gov.cz/class/1741101447937-3076-ac3c-8c48": {
      "types": [
        "https://ofn.gov.cz/slovník/psm/Class"
      ],
      "iri": "https://ofn.gov.cz/class/1741101447937-3076-ac3c-8c48",
      "dataPsmHumanLabel": null,
      "dataPsmHumanDescription": null,
      "dataPsmTechnicalLabel": "datové_téma",
      "dataPsmInterpretation": "dk4mecf8m4am7u80l0n",
      "dataPsmExtends": [],
      "dataPsmParts": [],
      "dataPsmIsClosed": null
    },
    "https://ofn.gov.cz/association/1741101447982-2258-c785-a2f7": {
      "types": [
        "https://ofn.gov.cz/slovník/psm/AssociationEnd"
      ],
      "iri": "https://ofn.gov.cz/association/1741101447982-2258-c785-a2f7",
      "dataPsmHumanLabel": null,
      "dataPsmHumanDescription": null,
      "dataPsmTechnicalLabel": "téma",
      "dataPsmInterpretation": "czbgmb3o5sqm7u95ykp",
      "dataPsmPart": "https://ofn.gov.cz/class/1741101447937-3076-ac3c-8c48",
      "dataPsmIsReverse": false,
      "dataPsmIsDematerialize": null
    },
    "https://ofn.gov.cz/class/1741101448027-9fad-1e15-a1e5": {
      "types": [
        "https://ofn.gov.cz/slovník/psm/Class"
      ],
      "iri": "https://ofn.gov.cz/class/1741101448027-9fad-1e15-a1e5",
      "dataPsmHumanLabel": null,
      "dataPsmHumanDescription": null,
      "dataPsmTechnicalLabel": "poskytovatel",
      "dataPsmInterpretation": "fvkrls9k6xem7u8gn3g",
      "dataPsmExtends": [],
      "dataPsmParts": [],
      "dataPsmIsClosed": null
    },
    "https://ofn.gov.cz/association/1741101448072-941a-a7ca-a461": {
      "types": [
        "https://ofn.gov.cz/slovník/psm/AssociationEnd"
      ],
      "iri": "https://ofn.gov.cz/association/1741101448072-941a-a7ca-a461",
      "dataPsmHumanLabel": null,
      "dataPsmHumanDescription": null,
      "dataPsmTechnicalLabel": "poskytovatel",
      "dataPsmInterpretation": "v0kaqg7fxwmm7u93uy1",
      "dataPsmPart": "https://ofn.gov.cz/class/1741101448027-9fad-1e15-a1e5",
      "dataPsmIsReverse": false,
      "dataPsmIsDematerialize": null
    },
    "https://ofn.gov.cz/class/1741101448119-8733-1cc6-9b65": {
      "types": [
        "https://ofn.gov.cz/slovník/psm/Class"
      ],
      "iri": "https://ofn.gov.cz/class/1741101448119-8733-1cc6-9b65",
      "dataPsmHumanLabel": null,
      "dataPsmHumanDescription": null,
      "dataPsmTechnicalLabel": "série_datových_sad",
      "dataPsmInterpretation": "3h5ot9sxzkqm7u7lvnh",
      "dataPsmExtends": [],
      "dataPsmParts": [],
      "dataPsmIsClosed": null
    },
    "https://ofn.gov.cz/association/1741101448160-f8ab-eb2d-aeed": {
      "types": [
        "https://ofn.gov.cz/slovník/psm/AssociationEnd"
      ],
      "iri": "https://ofn.gov.cz/association/1741101448160-f8ab-eb2d-aeed",
      "dataPsmHumanLabel": null,
      "dataPsmHumanDescription": null,
      "dataPsmTechnicalLabel": "je_součástí",
      "dataPsmInterpretation": "t3mjiroe25cm7u8b29v",
      "dataPsmPart": "https://ofn.gov.cz/class/1741101448119-8733-1cc6-9b65",
      "dataPsmIsReverse": false,
      "dataPsmIsDematerialize": null
    },
    "https://ofn.gov.cz/attribute/1741103762805-6001-3c5d-af6b": {
      "types": [
        "https://ofn.gov.cz/slovník/psm/Attribute"
      ],
      "iri": "https://ofn.gov.cz/attribute/1741103762805-6001-3c5d-af6b",
      "dataPsmHumanLabel": null,
      "dataPsmHumanDescription": null,
      "dataPsmTechnicalLabel": "datum_konce",
      "dataPsmInterpretation": "29fcvws215mm7uo7ode",
      "dataPsmDatatype": "http://www.w3.org/2001/XMLSchema#date"
    },
    "https://ofn.gov.cz/attribute/1741103762868-71c2-786e-86a7": {
      "types": [
        "https://ofn.gov.cz/slovník/psm/Attribute"
      ],
      "iri": "https://ofn.gov.cz/attribute/1741103762868-71c2-786e-86a7",
      "dataPsmHumanLabel": null,
      "dataPsmHumanDescription": null,
      "dataPsmTechnicalLabel": "datum_začátku",
      "dataPsmInterpretation": "c4l49vlqqjrm7uo76ki",
      "dataPsmDatatype": "http://www.w3.org/2001/XMLSchema#date"
    },
    "https://ofn.gov.cz/attribute/1741103968376-391a-9c41-9968": {
      "types": [
        "https://ofn.gov.cz/slovník/psm/Attribute"
      ],
      "iri": "https://ofn.gov.cz/attribute/1741103968376-391a-9c41-9968",
      "dataPsmHumanLabel": null,
      "dataPsmHumanDescription": null,
      "dataPsmTechnicalLabel": "jméno",
      "dataPsmInterpretation": "2r7pg6aiokqm7uoayx9",
      "dataPsmDatatype": "http://www.w3.org/1999/02/22-rdf-syntax-ns#langString"
    },
    "https://ofn.gov.cz/class/1741103968445-aabc-509c-b1fa": {
      "types": [
        "https://ofn.gov.cz/slovník/psm/Class"
      ],
      "iri": "https://ofn.gov.cz/class/1741103968445-aabc-509c-b1fa",
      "dataPsmHumanLabel": null,
      "dataPsmHumanDescription": null,
      "dataPsmTechnicalLabel": "zdroj",
      "dataPsmInterpretation": "4fuu5nv2y2cm7u8pvfe",
      "dataPsmExtends": [],
      "dataPsmParts": [],
      "dataPsmIsClosed": null
    },
    "https://ofn.gov.cz/association/1741103968506-671c-4141-a6cd": {
      "types": [
        "https://ofn.gov.cz/slovník/psm/AssociationEnd"
      ],
      "iri": "https://ofn.gov.cz/association/1741103968506-671c-4141-a6cd",
      "dataPsmHumanLabel": null,
      "dataPsmHumanDescription": null,
      "dataPsmTechnicalLabel": "email",
      "dataPsmInterpretation": "jcnotqz010lm7uoc79w",
      "dataPsmPart": "https://ofn.gov.cz/class/1741103968445-aabc-509c-b1fa",
      "dataPsmIsReverse": false,
      "dataPsmIsDematerialize": null
    },
    "https://ofn.gov.cz/attribute/1741104091775-cbea-ff3f-87e0": {
      "types": [
        "https://ofn.gov.cz/slovník/psm/Attribute"
      ],
      "iri": "https://ofn.gov.cz/attribute/1741104091775-cbea-ff3f-87e0",
      "dataPsmHumanLabel": null,
      "dataPsmHumanDescription": null,
      "dataPsmTechnicalLabel": "název",
      "dataPsmInterpretation": "z37bz7lshkhm7uait5d",
      "dataPsmDatatype": "http://www.w3.org/1999/02/22-rdf-syntax-ns#langString"
    },
    "https://ofn.gov.cz/class/1741104091848-2646-cbfb-ba27": {
      "types": [
        "https://ofn.gov.cz/slovník/psm/Class"
      ],
      "iri": "https://ofn.gov.cz/class/1741104091848-2646-cbfb-ba27",
      "dataPsmHumanLabel": null,
      "dataPsmHumanDescription": null,
      "dataPsmTechnicalLabel": "specifikace_podmínek_užití",
      "dataPsmInterpretation": "o0b1bmw28jm7ult0gt",
      "dataPsmExtends": [],
      "dataPsmParts": [
        "https://ofn.gov.cz/attribute/1741104098079-23c4-6102-a738",
        "https://ofn.gov.cz/attribute/1741104098143-84e8-3ec4-b00f",
        "https://ofn.gov.cz/association/1741104098265-993a-9c20-a4a8",
        "https://ofn.gov.cz/association/1741104098390-3ce0-60d1-8746",
        "https://ofn.gov.cz/association/1741104098517-9b10-4d09-b8ed",
        "https://ofn.gov.cz/association/1741104098651-e363-dc92-b4ad"
      ],
      "dataPsmIsClosed": null
    },
    "https://ofn.gov.cz/association/1741104091918-3e9e-7d55-a31f": {
      "types": [
        "https://ofn.gov.cz/slovník/psm/AssociationEnd"
      ],
      "iri": "https://ofn.gov.cz/association/1741104091918-3e9e-7d55-a31f",
      "dataPsmHumanLabel": null,
      "dataPsmHumanDescription": null,
      "dataPsmTechnicalLabel": "specifikace_podmínek_užití",
      "dataPsmInterpretation": "pm4u8gbwwxm7uluaao",
      "dataPsmPart": "https://ofn.gov.cz/class/1741104091848-2646-cbfb-ba27",
      "dataPsmIsReverse": false,
      "dataPsmIsDematerialize": null
    },
    "https://ofn.gov.cz/class/1741104091989-5029-42b0-b6ae": {
      "types": [
        "https://ofn.gov.cz/slovník/psm/Class"
      ],
      "iri": "https://ofn.gov.cz/class/1741104091989-5029-42b0-b6ae",
      "dataPsmHumanLabel": null,
      "dataPsmHumanDescription": null,
      "dataPsmTechnicalLabel": "právní_předpis",
      "dataPsmInterpretation": "xyqva89nkccm7u82ag4",
      "dataPsmExtends": [],
      "dataPsmParts": [],
      "dataPsmIsClosed": null
    },
    "https://ofn.gov.cz/association/1741104092059-93ea-1371-9874": {
      "types": [
        "https://ofn.gov.cz/slovník/psm/AssociationEnd"
      ],
      "iri": "https://ofn.gov.cz/association/1741104092059-93ea-1371-9874",
      "dataPsmHumanLabel": null,
      "dataPsmHumanDescription": null,
      "dataPsmTechnicalLabel": "příslušný_právní_předpis",
      "dataPsmInterpretation": "uodv261i89m7uahmxz",
      "dataPsmPart": "https://ofn.gov.cz/class/1741104091989-5029-42b0-b6ae",
      "dataPsmIsReverse": false,
      "dataPsmIsDematerialize": null
    },
    "https://ofn.gov.cz/class/1741104092126-7a77-c9e1-bd19": {
      "types": [
        "https://ofn.gov.cz/slovník/psm/Class"
      ],
      "iri": "https://ofn.gov.cz/class/1741104092126-7a77-c9e1-bd19",
      "dataPsmHumanLabel": null,
      "dataPsmHumanDescription": null,
      "dataPsmTechnicalLabel": "zdroj",
      "dataPsmInterpretation": "4fuu5nv2y2cm7u8pvfe",
      "dataPsmExtends": [],
      "dataPsmParts": [],
      "dataPsmIsClosed": null
    },
    "https://ofn.gov.cz/association/1741104092187-fdf5-ce16-9ccf": {
      "types": [
        "https://ofn.gov.cz/slovník/psm/AssociationEnd"
      ],
      "iri": "https://ofn.gov.cz/association/1741104092187-fdf5-ce16-9ccf",
      "dataPsmHumanLabel": null,
      "dataPsmHumanDescription": null,
      "dataPsmTechnicalLabel": "přístupové_url",
      "dataPsmInterpretation": "hbrvn7xh70nm7uagkzq",
      "dataPsmPart": "https://ofn.gov.cz/class/1741104092126-7a77-c9e1-bd19",
      "dataPsmIsReverse": false,
      "dataPsmIsDematerialize": null
    },
    "https://ofn.gov.cz/attribute/1741104098079-23c4-6102-a738": {
      "types": [
        "https://ofn.gov.cz/slovník/psm/Attribute"
      ],
      "iri": "https://ofn.gov.cz/attribute/1741104098079-23c4-6102-a738",
      "dataPsmHumanLabel": null,
      "dataPsmHumanDescription": null,
      "dataPsmTechnicalLabel": "jména_autorů_díla",
      "dataPsmInterpretation": "rn7mjg7wmqm7ultt94",
      "dataPsmDatatype": "http://www.w3.org/1999/02/22-rdf-syntax-ns#langString"
    },
    "https://ofn.gov.cz/attribute/1741104098143-84e8-3ec4-b00f": {
      "types": [
        "https://ofn.gov.cz/slovník/psm/Attribute"
      ],
      "iri": "https://ofn.gov.cz/attribute/1741104098143-84e8-3ec4-b00f",
      "dataPsmHumanLabel": null,
      "dataPsmHumanDescription": null,
      "dataPsmTechnicalLabel": "jména_autorů_originální_databáze",
      "dataPsmInterpretation": "xc8833ilesm7ultldk",
      "dataPsmDatatype": "http://www.w3.org/1999/02/22-rdf-syntax-ns#langString"
    },
    "https://ofn.gov.cz/class/1741104098207-1cce-84eb-8c88": {
      "types": [
        "https://ofn.gov.cz/slovník/psm/Class"
      ],
      "iri": "https://ofn.gov.cz/class/1741104098207-1cce-84eb-8c88",
      "dataPsmHumanLabel": null,
      "dataPsmHumanDescription": null,
      "dataPsmTechnicalLabel": "licence",
      "dataPsmInterpretation": "miqdo79hesdm7ulyznn",
      "dataPsmExtends": [],
      "dataPsmParts": [],
      "dataPsmIsClosed": null
    },
    "https://ofn.gov.cz/association/1741104098265-993a-9c20-a4a8": {
      "types": [
        "https://ofn.gov.cz/slovník/psm/AssociationEnd"
      ],
      "iri": "https://ofn.gov.cz/association/1741104098265-993a-9c20-a4a8",
      "dataPsmHumanLabel": null,
      "dataPsmHumanDescription": null,
      "dataPsmTechnicalLabel": "osobní_údaje",
      "dataPsmInterpretation": "mcn8m8ivgegm7um0yuc",
      "dataPsmPart": "https://ofn.gov.cz/class/1741104098207-1cce-84eb-8c88",
      "dataPsmIsReverse": false,
      "dataPsmIsDematerialize": null
    },
    "https://ofn.gov.cz/class/1741104098329-3840-b6a0-8683": {
      "types": [
        "https://ofn.gov.cz/slovník/psm/Class"
      ],
      "iri": "https://ofn.gov.cz/class/1741104098329-3840-b6a0-8683",
      "dataPsmHumanLabel": null,
      "dataPsmHumanDescription": null,
      "dataPsmTechnicalLabel": "licence",
      "dataPsmInterpretation": "miqdo79hesdm7ulyznn",
      "dataPsmExtends": [],
      "dataPsmParts": [],
      "dataPsmIsClosed": null
    },
    "https://ofn.gov.cz/association/1741104098390-3ce0-60d1-8746": {
      "types": [
        "https://ofn.gov.cz/slovník/psm/AssociationEnd"
      ],
      "iri": "https://ofn.gov.cz/association/1741104098390-3ce0-60d1-8746",
      "dataPsmHumanLabel": null,
      "dataPsmHumanDescription": null,
      "dataPsmTechnicalLabel": "zvláštní_právo_pořizovatele_databáze",
      "dataPsmInterpretation": "09ar2b2v4goom7um0ntn",
      "dataPsmPart": "https://ofn.gov.cz/class/1741104098329-3840-b6a0-8683",
      "dataPsmIsReverse": false,
      "dataPsmIsDematerialize": null
    },
    "https://ofn.gov.cz/class/1741104098456-cdde-fdbd-8580": {
      "types": [
        "https://ofn.gov.cz/slovník/psm/Class"
      ],
      "iri": "https://ofn.gov.cz/class/1741104098456-cdde-fdbd-8580",
      "dataPsmHumanLabel": null,
      "dataPsmHumanDescription": null,
      "dataPsmTechnicalLabel": "licence",
      "dataPsmInterpretation": "miqdo79hesdm7ulyznn",
      "dataPsmExtends": [],
      "dataPsmParts": [],
      "dataPsmIsClosed": null
    },
    "https://ofn.gov.cz/association/1741104098517-9b10-4d09-b8ed": {
      "types": [
        "https://ofn.gov.cz/slovník/psm/AssociationEnd"
      ],
      "iri": "https://ofn.gov.cz/association/1741104098517-9b10-4d09-b8ed",
      "dataPsmHumanLabel": null,
      "dataPsmHumanDescription": null,
      "dataPsmTechnicalLabel": "autorské_dílo",
      "dataPsmInterpretation": "4so5ynxjnwmm7um0bu0",
      "dataPsmPart": "https://ofn.gov.cz/class/1741104098456-cdde-fdbd-8580",
      "dataPsmIsReverse": false,
      "dataPsmIsDematerialize": null
    },
    "https://ofn.gov.cz/class/1741104098586-1cdc-e15f-9106": {
      "types": [
        "https://ofn.gov.cz/slovník/psm/Class"
      ],
      "iri": "https://ofn.gov.cz/class/1741104098586-1cdc-e15f-9106",
      "dataPsmHumanLabel": null,
      "dataPsmHumanDescription": null,
      "dataPsmTechnicalLabel": "licence",
      "dataPsmInterpretation": "miqdo79hesdm7ulyznn",
      "dataPsmExtends": [],
      "dataPsmParts": [],
      "dataPsmIsClosed": null
    },
    "https://ofn.gov.cz/association/1741104098651-e363-dc92-b4ad": {
      "types": [
        "https://ofn.gov.cz/slovník/psm/AssociationEnd"
      ],
      "iri": "https://ofn.gov.cz/association/1741104098651-e363-dc92-b4ad",
      "dataPsmHumanLabel": null,
      "dataPsmHumanDescription": null,
      "dataPsmTechnicalLabel": "originální_databáze",
      "dataPsmInterpretation": "xj0r9gcpjxcm7ulzjkt",
      "dataPsmPart": "https://ofn.gov.cz/class/1741104098586-1cdc-e15f-9106",
      "dataPsmIsReverse": false,
      "dataPsmIsDematerialize": null
    },
    "https://ofn.gov.cz/attribute/1741347740306-be00-cd19-89e7": {
      "types": [
        "https://ofn.gov.cz/slovník/psm/Attribute"
      ],
      "iri": "https://ofn.gov.cz/attribute/1741347740306-be00-cd19-89e7",
      "dataPsmHumanLabel": null,
      "dataPsmHumanDescription": null,
      "dataPsmTechnicalLabel": "popis",
      "dataPsmInterpretation": "w4kththke9m7u92pmi",
      "dataPsmDatatype": "https://ofn.gov.cz/zdroj/základní-datové-typy/2020-07-01/text"
    },
    "https://ofn.gov.cz/attribute/1741347740384-3ec5-1e1f-8011": {
      "types": [
        "https://ofn.gov.cz/slovník/psm/Attribute"
      ],
      "iri": "https://ofn.gov.cz/attribute/1741347740384-3ec5-1e1f-8011",
      "dataPsmHumanLabel": null,
      "dataPsmHumanDescription": null,
      "dataPsmTechnicalLabel": "název",
      "dataPsmInterpretation": "4yie9wjuzkdm7u92087",
      "dataPsmDatatype": "https://ofn.gov.cz/zdroj/základní-datové-typy/2020-07-01/text"
    },
    "https://ofn.gov.cz/attribute/1741347754236-c2fa-6885-88c9": {
      "types": [
        "https://ofn.gov.cz/slovník/psm/Attribute"
      ],
      "iri": "https://ofn.gov.cz/attribute/1741347754236-c2fa-6885-88c9",
      "extensions": {
        "https://ofn.gov.cz/slovník/psm/extensions/json": {
          "useKeyValueForLangString": true
        }
      },
      "dataPsmHumanLabel": null,
      "dataPsmHumanDescription": null,
      "dataPsmTechnicalLabel": "klíčové_slovo",
      "dataPsmInterpretation": "qc0308odc2m7u982t2",
      "dataPsmDatatype": "http://www.w3.org/1999/02/22-rdf-syntax-ns#langString"
    }
  }
}