{
  "iri": "a9aad48a-7018-43ea-975b-55bd8137e36d",
  "types": [
    "http://dataspecer.com/resources/local/visual-model"
  ],
  "userMetadata": {
    "label": {
      "en": "View for DCAT-AP-CZ"
    },
    "description": {
      "en": "View model for the profile"
    }
  },
  "metadata": {
    "creationDate": "2025-03-04T07:59:32.599Z",
    "modificationDate": "2025-04-14T14:56:13.759Z"
  },
  "_version": 1,
  "_exportVersion": 1,
  "_exportedAt": "2025-04-15T08:44:55.905Z",
  "_exportedBy": "http://localhost:3100"
}