{
  "identifier": "a9aad48a-7018-43ea-975b-55bd8137e36d",
  "version": 1,
  "type": "http://dataspecer.com/resources/local/visual-model",
  "entities": [
    {
      "identifier": "a9aad48a-7018-43ea-975b-55bd8137e36d-model-metadata-entity",
      "type": [
        "entity-model-type"
      ],
      "label": {
        "en": "View for DCAT-AP-CZ"
      }
    },
    {
      "type": [
        "http://dataspecer.com/resources/local/visual-model"
      ],
      "representedModel": "118ae430-a2fa-403a-a3e6-6657cda471b3",
      "color": "#1effbc",
      "identifier": "p5ijj"
    },
    {
      "model": "118ae430-a2fa-403a-a3e6-6657cda471b3",
      "representedEntity": "l5uwbja7788m7u7fjmv",
      "position": {
        "x": 700,
        "y": 20
      },
      "content": [
        "4yie9wjuzkdm7u92087",
        "w4kththke9m7u92pmi",
        "v0kaqg7fxwmm7u93uy1",
        "qc0308odc2m7u982t2",
        "zwrj4lssipm7u9r2ov",
        "cxgwfjt22srm7u9ugn7",
        "ev17gj00w6m7u9wyzq",
        "owgm6ky9wicm7u9xjqs"
      ],
      "visualModels": [],
      "type": [
        "visual-node"
      ],
      "identifier": "922dkj"
    },
    {
      "model": "118ae430-a2fa-403a-a3e6-6657cda471b3",
      "representedEntity": "dc5d35ak3a6m7u7iy9v",
      "position": {
        "x": 70,
        "y": 70
      },
      "content": [
        "3b0hbpefnm8m7u8ey53",
        "yd4zs0141ymm7u8ecit",
        "ttl9ke82fam7u8hvgc",
        "6ha43royaxym7u8olaj"
      ],
      "visualModels": [],
      "type": [
        "visual-node"
      ],
      "identifier": "u8mto"
    },
    {
      "model": "118ae430-a2fa-403a-a3e6-6657cda471b3",
      "representedEntity": "58drp6qzl3qm7u7jst1",
      "position": {
        "x": -80,
        "y": 810
      },
      "content": [
        "tlsim7ni4vam7ub05eo",
        "pgq0czkua5m7ub0tvo",
        "b9x0426w8tam7ub14vl",
        "jpatel1fw0km7ub4u7f",
        "c1068sky88m7ub5t5f"
      ],
      "visualModels": [],
      "type": [
        "visual-node"
      ],
      "identifier": "8apj6"
    },
    {
      "model": "118ae430-a2fa-403a-a3e6-6657cda471b3",
      "representedEntity": "3h5ot9sxzkqm7u7lvnh",
      "position": {
        "x": 810,
        "y": -140
      },
      "content": [],
      "visualModels": [],
      "type": [
        "visual-node"
      ],
      "identifier": "80tw4"
    },
    {
      "model": "118ae430-a2fa-403a-a3e6-6657cda471b3",
      "representedEntity": "yyv0sutoim9m7u7mb77",
      "position": {
        "x": 750,
        "y": 810
      },
      "content": [
        "z37bz7lshkhm7uait5d",
        "hbrvn7xh70nm7uagkzq"
      ],
      "visualModels": [],
      "type": [
        "visual-node"
      ],
      "identifier": "osrw9"
    },
    {
      "model": "118ae430-a2fa-403a-a3e6-6657cda471b3",
      "representedEntity": "gkm4tfmrz0om7u7p4go",
      "position": {
        "x": 40,
        "y": 400
      },
      "content": [
        "2r7pg6aiokqm7uoayx9",
        "jcnotqz010lm7uoc79w"
      ],
      "visualModels": [],
      "type": [
        "visual-node"
      ],
      "identifier": "50osb"
    },
    {
      "model": "118ae430-a2fa-403a-a3e6-6657cda471b3",
      "representedEntity": "uknbmwjs5hjm7u7qoke",
      "position": {
        "x": -10,
        "y": 590
      },
      "content": [
        "c4l49vlqqjrm7uo76ki",
        "29fcvws215mm7uo7ode"
      ],
      "visualModels": [],
      "type": [
        "visual-node"
      ],
      "identifier": "3jp2q"
    },
    {
      "model": "118ae430-a2fa-403a-a3e6-6657cda471b3",
      "representedEntity": "nocv5jlt9pm7u7t9n9",
      "position": {
        "x": 450,
        "y": 1150
      },
      "content": [],
      "visualModels": [],
      "type": [
        "visual-node"
      ],
      "identifier": "406w4"
    },
    {
      "entity": "nocv5jlt9pm7u7t9n9",
      "model": "118ae430-a2fa-403a-a3e6-6657cda471b3",
      "visualSource": "406w4",
      "visualTarget": "osrw9",
      "waypoints": [],
      "type": [
        "visual-profile-relationship"
      ],
      "identifier": "t8j1t"
    },
    {
      "model": "118ae430-a2fa-403a-a3e6-6657cda471b3",
      "representedEntity": "8h8a92f2jhcm7u7tw2q",
      "position": {
        "x": 970,
        "y": 1090
      },
      "content": [
        "70lujhbpkoym7uansar",
        "ale36ky7zbom7uau6s1"
      ],
      "visualModels": [],
      "type": [
        "visual-node"
      ],
      "identifier": "cb86el"
    },
    {
      "entity": "8h8a92f2jhcm7u7tw2q",
      "model": "118ae430-a2fa-403a-a3e6-6657cda471b3",
      "visualSource": "cb86el",
      "visualTarget": "osrw9",
      "waypoints": [],
      "type": [
        "visual-profile-relationship"
      ],
      "identifier": "txmxg"
    },
    {
      "model": "118ae430-a2fa-403a-a3e6-6657cda471b3",
      "representedEntity": "acc0ltll1ym7u7vczp",
      "position": {
        "x": 1850,
        "y": 1090
      },
      "content": [],
      "visualModels": [],
      "type": [
        "visual-node"
      ],
      "identifier": "ve612"
    },
    {
      "model": "118ae430-a2fa-403a-a3e6-6657cda471b3",
      "representedEntity": "095ofjaa4p1am7u7vqf2",
      "position": {
        "x": 1080,
        "y": 1450
      },
      "content": [],
      "visualModels": [],
      "type": [
        "visual-node"
      ],
      "identifier": "ruthg"
    },
    {
      "model": "118ae430-a2fa-403a-a3e6-6657cda471b3",
      "representedEntity": "mixm9ri8z2m7u7xhnx",
      "position": {
        "x": 1700,
        "y": 510
      },
      "content": [],
      "visualModels": [],
      "type": [
        "visual-node"
      ],
      "identifier": "wvx1pi"
    },
    {
      "model": "118ae430-a2fa-403a-a3e6-6657cda471b3",
      "representedEntity": "5sls2er0m5om7u7yfa4",
      "position": {
        "x": 1700,
        "y": 260
      },
      "content": [],
      "visualModels": [],
      "type": [
        "visual-node"
      ],
      "identifier": "u1nxl"
    },
    {
      "model": "118ae430-a2fa-403a-a3e6-6657cda471b3",
      "representedEntity": "dk4mecf8m4am7u80l0n",
      "position": {
        "x": 1700,
        "y": 110
      },
      "content": [],
      "visualModels": [],
      "type": [
        "visual-node"
      ],
      "identifier": "cyqzzi"
    },
    {
      "model": "118ae430-a2fa-403a-a3e6-6657cda471b3",
      "representedEntity": "m0nww7z10km7u80yeq",
      "position": {
        "x": 1700,
        "y": 660
      },
      "content": [],
      "visualModels": [],
      "type": [
        "visual-node"
      ],
      "identifier": "080zr"
    },
    {
      "model": "118ae430-a2fa-403a-a3e6-6657cda471b3",
      "representedEntity": "xyqva89nkccm7u82ag4",
      "position": {
        "x": 450,
        "y": 600
      },
      "content": [],
      "visualModels": [],
      "type": [
        "visual-node"
      ],
      "identifier": "cpwyfl"
    },
    {
      "model": "118ae430-a2fa-403a-a3e6-6657cda471b3",
      "representedRelationship": "t3mjiroe25cm7u8b29v",
      "waypoints": [
        {
          "x": 600,
          "y": 140,
          "anchored": null
        },
        {
          "x": 600,
          "y": -100,
          "anchored": null
        }
      ],
      "visualSource": "922dkj",
      "visualTarget": "80tw4",
      "type": [
        "visual-relationship"
      ],
      "identifier": "73kte"
    },
    {
      "model": "118ae430-a2fa-403a-a3e6-6657cda471b3",
      "representedRelationship": "4ldm5x9k6g2m7u8m8u5",
      "waypoints": [],
      "visualSource": "u8mto",
      "visualTarget": "50osb",
      "type": [
        "visual-relationship"
      ],
      "identifier": "u26q7"
    },
    {
      "model": "118ae430-a2fa-403a-a3e6-6657cda471b3",
      "representedRelationship": "4wkaxlb62cqm7u8rrr7",
      "waypoints": [],
      "visualSource": "u8mto",
      "visualTarget": "922dkj",
      "type": [
        "visual-relationship"
      ],
      "identifier": "1flfk"
    },
    {
      "model": "118ae430-a2fa-403a-a3e6-6657cda471b3",
      "representedRelationship": "czbgmb3o5sqm7u95ykp",
      "waypoints": [],
      "visualSource": "922dkj",
      "visualTarget": "cyqzzi",
      "type": [
        "visual-relationship"
      ],
      "identifier": "zsdsr"
    },
    {
      "model": "118ae430-a2fa-403a-a3e6-6657cda471b3",
      "representedRelationship": "t0x057fk26nm7u97chc",
      "waypoints": [],
      "visualSource": "922dkj",
      "visualTarget": "u1nxl",
      "type": [
        "visual-relationship"
      ],
      "identifier": "rg4myg"
    },
    {
      "model": "118ae430-a2fa-403a-a3e6-6657cda471b3",
      "representedEntity": "1bg2hka8bq5m7u9bb71",
      "position": {
        "x": 1700,
        "y": 380
      },
      "content": [],
      "visualModels": [],
      "type": [
        "visual-node"
      ],
      "identifier": "buaby"
    },
    {
      "model": "118ae430-a2fa-403a-a3e6-6657cda471b3",
      "representedRelationship": "ns2xrqb5uomm7u9cwf2",
      "waypoints": [],
      "visualSource": "922dkj",
      "visualTarget": "buaby",
      "type": [
        "visual-relationship"
      ],
      "identifier": "nw40k"
    },
    {
      "model": "118ae430-a2fa-403a-a3e6-6657cda471b3",
      "representedRelationship": "z049ixqipmkm7u9dg85",
      "waypoints": [],
      "visualSource": "922dkj",
      "visualTarget": "wvx1pi",
      "type": [
        "visual-relationship"
      ],
      "identifier": "4uso4"
    },
    {
      "model": "118ae430-a2fa-403a-a3e6-6657cda471b3",
      "representedRelationship": "pki99654ccdm7u9f498",
      "waypoints": [],
      "visualSource": "922dkj",
      "visualTarget": "3jp2q",
      "type": [
        "visual-relationship"
      ],
      "identifier": "9ddkr"
    },
    {
      "model": "118ae430-a2fa-403a-a3e6-6657cda471b3",
      "representedRelationship": "p3449nde2xhm7u9fyou",
      "waypoints": [],
      "visualSource": "922dkj",
      "visualTarget": "50osb",
      "type": [
        "visual-relationship"
      ],
      "identifier": "29ava"
    },
    {
      "model": "118ae430-a2fa-403a-a3e6-6657cda471b3",
      "representedRelationship": "mycaknl5q37m7u9vyo8",
      "waypoints": [],
      "visualSource": "922dkj",
      "visualTarget": "080zr",
      "type": [
        "visual-relationship"
      ],
      "identifier": "ctg9h"
    },
    {
      "model": "118ae430-a2fa-403a-a3e6-6657cda471b3",
      "representedRelationship": "oievca664qm7u9z3o3",
      "waypoints": [],
      "visualSource": "922dkj",
      "visualTarget": "cpwyfl",
      "type": [
        "visual-relationship"
      ],
      "identifier": "02u8o"
    },
    {
      "model": "118ae430-a2fa-403a-a3e6-6657cda471b3",
      "representedRelationship": "qgzpi0mfz0am7ua063w",
      "waypoints": [],
      "visualSource": "922dkj",
      "visualTarget": "osrw9",
      "type": [
        "visual-relationship"
      ],
      "identifier": "budc0i"
    },
    {
      "model": "118ae430-a2fa-403a-a3e6-6657cda471b3",
      "representedRelationship": "uodv261i89m7uahmxz",
      "waypoints": [],
      "visualSource": "osrw9",
      "visualTarget": "cpwyfl",
      "type": [
        "visual-relationship"
      ],
      "identifier": "oksbr"
    },
    {
      "model": "118ae430-a2fa-403a-a3e6-6657cda471b3",
      "representedRelationship": "ulzanx042m7uai6fg",
      "waypoints": [],
      "visualSource": "8apj6",
      "visualTarget": "cpwyfl",
      "type": [
        "visual-relationship"
      ],
      "identifier": "xut57"
    },
    {
      "model": "118ae430-a2fa-403a-a3e6-6657cda471b3",
      "representedRelationship": "x0gc4d4pbim7uaqxhq",
      "waypoints": [],
      "visualSource": "cb86el",
      "visualTarget": "ve612",
      "type": [
        "visual-relationship"
      ],
      "identifier": "nb57fk"
    },
    {
      "model": "118ae430-a2fa-403a-a3e6-6657cda471b3",
      "representedRelationship": "0v03p5puzujdm7uarj41",
      "waypoints": [],
      "visualSource": "cb86el",
      "visualTarget": "ruthg",
      "type": [
        "visual-relationship"
      ],
      "identifier": "0eqsvi"
    },
    {
      "model": "118ae430-a2fa-403a-a3e6-6657cda471b3",
      "representedRelationship": "azqjig8qdem7uas2yh",
      "waypoints": [
        {
          "x": 1410,
          "y": 1280,
          "anchored": null
        }
      ],
      "visualSource": "cb86el",
      "visualTarget": "ruthg",
      "type": [
        "visual-relationship"
      ],
      "identifier": "enqti"
    },
    {
      "model": "118ae430-a2fa-403a-a3e6-6657cda471b3",
      "representedRelationship": "s9fwhwy1cfpm7uasm2y",
      "waypoints": [
        {
          "x": 1010,
          "y": 1260,
          "anchored": null
        }
      ],
      "visualSource": "cb86el",
      "visualTarget": "ruthg",
      "type": [
        "visual-relationship"
      ],
      "identifier": "2s3y8l"
    },
    {
      "model": "118ae430-a2fa-403a-a3e6-6657cda471b3",
      "representedRelationship": "x7f7rgkuzcm7uavd7w",
      "waypoints": [
        {
          "x": 210,
          "y": 1190,
          "anchored": null
        }
      ],
      "visualSource": "406w4",
      "visualTarget": "8apj6",
      "type": [
        "visual-relationship"
      ],
      "identifier": "dzkyn"
    },
    {
      "type": [
        "http://dataspecer.com/resources/local/visual-model"
      ],
      "representedModel": "31c15e62-6f46-4c53-ad4d-cf900421feb6/d60d4bfb-04ab-4ad5-ac13-93dbdee6dbc1/ae5a3601-064b-4314-9064-b6d56254bded",
      "color": "#4dc9ab",
      "identifier": "aklyf"
    },
    {
      "type": [
        "http://dataspecer.com/resources/local/visual-model"
      ],
      "representedModel": "31c15e62-6f46-4c53-ad4d-cf900421feb6/d60d4bfb-04ab-4ad5-ac13-93dbdee6dbc1/09e1a1a6-7f16-4663-bbc9-6962e533ef4c",
      "color": "#ffb770",
      "identifier": "2amfz"
    },
    {
      "type": [
        "http://dataspecer.com/resources/local/visual-model"
      ],
      "representedModel": "31c15e62-6f46-4c53-ad4d-cf900421feb6/d60d4bfb-04ab-4ad5-ac13-93dbdee6dbc1/vocabulary",
      "color": "#8da266",
      "identifier": "hqdw8j"
    },
    {
      "model": "118ae430-a2fa-403a-a3e6-6657cda471b3",
      "representedEntity": "o0b1bmw28jm7ult0gt",
      "position": {
        "x": 1470,
        "y": 810
      },
      "content": [
        "4so5ynxjnwmm7um0bu0",
        "rn7mjg7wmqm7ultt94",
        "xj0r9gcpjxcm7ulzjkt",
        "xc8833ilesm7ultldk",
        "09ar2b2v4goom7um0ntn",
        "mcn8m8ivgegm7um0yuc"
      ],
      "visualModels": [],
      "type": [
        "visual-node"
      ],
      "identifier": "ktaoj"
    },
    {
      "model": "118ae430-a2fa-403a-a3e6-6657cda471b3",
      "representedRelationship": "pm4u8gbwwxm7uluaao",
      "waypoints": [],
      "visualSource": "osrw9",
      "visualTarget": "ktaoj",
      "type": [
        "visual-relationship"
      ],
      "identifier": "3usb5"
    },
    {
      "type": [
        "http://dataspecer.com/resources/local/visual-model"
      ],
      "representedModel": "31c15e62-6f46-4c53-ad4d-cf900421feb6/67cbf031-6974-41ae-aa05-85ae9d2b0aa2/eadbe1fc-3f0d-4025-a1d8-1990eaf8caf2",
      "color": "#ffd670",
      "identifier": "4ywx5"
    },
    {
      "type": [
        "http://dataspecer.com/resources/local/visual-model"
      ],
      "representedModel": "31c15e62-6f46-4c53-ad4d-cf900421feb6/67cbf031-6974-41ae-aa05-85ae9d2b0aa2/3dd1f9cc-384a-4237-916c-ec30af5790db",
      "color": "#92bcea",
      "identifier": "gaxg5"
    },
    {
      "type": [
        "http://dataspecer.com/resources/local/visual-model"
      ],
      "representedModel": "31c15e62-6f46-4c53-ad4d-cf900421feb6/67cbf031-6974-41ae-aa05-85ae9d2b0aa2/profile",
      "color": "#92bcea",
      "identifier": "9ep9j"
    },
    {
      "type": [
        "http://dataspecer.com/resources/local/visual-model"
      ],
      "representedModel": "31c15e62-6f46-4c53-ad4d-cf900421feb6/67cbf031-6974-41ae-aa05-85ae9d2b0aa2/ed109cdb-6d92-422a-8571-2d2a2caea3e3/768c123c-8dde-4033-8613-ff69aeb00570",
      "color": "#1effbc",
      "identifier": "nvx4g"
    },
    {
      "type": [
        "http://dataspecer.com/resources/local/visual-model"
      ],
      "representedModel": "31c15e62-6f46-4c53-ad4d-cf900421feb6/67cbf031-6974-41ae-aa05-85ae9d2b0aa2/ed109cdb-6d92-422a-8571-2d2a2caea3e3/bfe9ab50-4291-4380-b57b-7557c94ca3e9",
      "color": "#4dc9ab",
      "identifier": "9gwrsf"
    },
    {
      "type": [
        "http://dataspecer.com/resources/local/visual-model"
      ],
      "representedModel": "31c15e62-6f46-4c53-ad4d-cf900421feb6/67cbf031-6974-41ae-aa05-85ae9d2b0aa2/ed109cdb-6d92-422a-8571-2d2a2caea3e3/27ef3c0d-617d-4876-b1dc-52b247e1e7ab",
      "color": "#b4e33d",
      "identifier": "g4tcsf"
    },
    {
      "type": [
        "http://dataspecer.com/resources/local/visual-model"
      ],
      "representedModel": "31c15e62-6f46-4c53-ad4d-cf900421feb6/67cbf031-6974-41ae-aa05-85ae9d2b0aa2/ed109cdb-6d92-422a-8571-2d2a2caea3e3/8a40317c-bf60-48fe-bf60-268dc8959090",
      "color": "#ffb770",
      "identifier": "7vi38"
    },
    {
      "type": [
        "http://dataspecer.com/resources/local/visual-model"
      ],
      "representedModel": "31c15e62-6f46-4c53-ad4d-cf900421feb6/67cbf031-6974-41ae-aa05-85ae9d2b0aa2/ed109cdb-6d92-422a-8571-2d2a2caea3e3/c56ba36b-a9b0-4c9a-8518-ccb8fd8b0a27",
      "color": "#d4f2d2",
      "identifier": "kw29"
    },
    {
      "type": [
        "http://dataspecer.com/resources/local/visual-model"
      ],
      "representedModel": "31c15e62-6f46-4c53-ad4d-cf900421feb6/67cbf031-6974-41ae-aa05-85ae9d2b0aa2/ed109cdb-6d92-422a-8571-2d2a2caea3e3/6185a107-fc78-445c-8676-689464663656",
      "color": "#92bcea",
      "identifier": "kf4yo"
    },
    {
      "type": [
        "http://dataspecer.com/resources/local/visual-model"
      ],
      "representedModel": "31c15e62-6f46-4c53-ad4d-cf900421feb6/67cbf031-6974-41ae-aa05-85ae9d2b0aa2/ed109cdb-6d92-422a-8571-2d2a2caea3e3/4e18eeeb-94cd-4870-9d95-306ec01d4252",
      "color": "#1effbc",
      "identifier": "mpm2e"
    },
    {
      "type": [
        "http://dataspecer.com/resources/local/visual-model"
      ],
      "representedModel": "31c15e62-6f46-4c53-ad4d-cf900421feb6/67cbf031-6974-41ae-aa05-85ae9d2b0aa2/ed109cdb-6d92-422a-8571-2d2a2caea3e3/e3ae5440-743c-462b-b071-448259a5bd97",
      "color": "#e63462",
      "identifier": "w9aqn"
    },
    {
      "type": [
        "http://dataspecer.com/resources/local/visual-model"
      ],
      "representedModel": "31c15e62-6f46-4c53-ad4d-cf900421feb6/67cbf031-6974-41ae-aa05-85ae9d2b0aa2/ed109cdb-6d92-422a-8571-2d2a2caea3e3/8eba49a7-72a6-4e6a-8ead-57ee2dc21d68",
      "color": "#ff70a6",
      "identifier": "zxd7d"
    },
    {
      "type": [
        "http://dataspecer.com/resources/local/visual-model"
      ],
      "representedModel": "31c15e62-6f46-4c53-ad4d-cf900421feb6/67cbf031-6974-41ae-aa05-85ae9d2b0aa2/ed109cdb-6d92-422a-8571-2d2a2caea3e3/b77055d1-6c14-417f-b097-7e041aafe355",
      "color": "#8fab5c",
      "identifier": "j4qtr"
    },
    {
      "type": [
        "http://dataspecer.com/resources/local/visual-model"
      ],
      "representedModel": "31c15e62-6f46-4c53-ad4d-cf900421feb6/67cbf031-6974-41ae-aa05-85ae9d2b0aa2/ed109cdb-6d92-422a-8571-2d2a2caea3e3/1214fd0a-e4e5-44e9-b448-00fdac37b292",
      "color": "#e63462",
      "identifier": "72hy3"
    },
    {
      "type": [
        "http://dataspecer.com/resources/local/visual-model"
      ],
      "representedModel": "31c15e62-6f46-4c53-ad4d-cf900421feb6/67cbf031-6974-41ae-aa05-85ae9d2b0aa2/ed109cdb-6d92-422a-8571-2d2a2caea3e3/beb0a3f5-9869-4243-a9e0-d55df5a020cc",
      "color": "#ff848b",
      "identifier": "x9rw7"
    },
    {
      "type": [
        "http://dataspecer.com/resources/local/visual-model"
      ],
      "representedModel": "31c15e62-6f46-4c53-ad4d-cf900421feb6/67cbf031-6974-41ae-aa05-85ae9d2b0aa2/ed109cdb-6d92-422a-8571-2d2a2caea3e3/26d44632-4f47-4e3e-a766-6f2e8645317b",
      "color": "#ffd670",
      "identifier": "l6lpr"
    },
    {
      "type": [
        "http://dataspecer.com/resources/local/visual-model"
      ],
      "representedModel": "31c15e62-6f46-4c53-ad4d-cf900421feb6/67cbf031-6974-41ae-aa05-85ae9d2b0aa2/ed109cdb-6d92-422a-8571-2d2a2caea3e3/profile",
      "color": "#e63462",
      "identifier": "imcuf"
    },
    {
      "model": "118ae430-a2fa-403a-a3e6-6657cda471b3",
      "representedRelationship": "jrg20o4uesbm92obhi5",
      "waypoints": [],
      "visualSource": "80tw4",
      "visualTarget": "922dkj",
      "type": [
        "visual-relationship"
      ],
      "identifier": "uibjy"
    },
    {
      "model": "118ae430-a2fa-403a-a3e6-6657cda471b3",
      "representedRelationship": "hqa2hfxab59m92oit11",
      "waypoints": [],
      "visualSource": "406w4",
      "visualTarget": "osrw9",
      "type": [
        "visual-relationship"
      ],
      "identifier": "bo0zbk"
    },
    {
      "model": "118ae430-a2fa-403a-a3e6-6657cda471b3",
      "representedRelationship": "x6z7yd07jfhm92oivax",
      "waypoints": [],
      "visualSource": "cb86el",
      "visualTarget": "osrw9",
      "type": [
        "visual-relationship"
      ],
      "identifier": "h7k56"
    }
  ]
}