{
  "operations": [
    {
      "types": [
        "core-operation",
        "https://ofn.gov.cz/slovník/psm/CreateClass"
      ],
      "iri": "https://ofn.gov.cz/operation/1744613019336-a7ef-f8b6-be60",
      "parent": null,
      "dataPsmNewIri": null,
      "dataPsmInterpretation": "dc5d35ak3a6m7u7iy9v",
      "dataPsmTechnicalLabel": "katalog",
      "dataPsmHumanLabel": null,
      "dataPsmHumanDescription": null,
      "dataPsmExtends": [],
      "dataPsmIsClosed": null
    },
    {
      "types": [
        "core-operation",
        "https://ofn.gov.cz/slovník/psm/SetRoots"
      ],
      "iri": "https://ofn.gov.cz/operation/1744613019373-bc35-7d11-b2a2",
      "parent": "https://ofn.gov.cz/operation/1744613019336-a7ef-f8b6-be60",
      "dataPsmRoots": [
        "https://ofn.gov.cz/class/1744613019335-2bec-08bc-8d6c"
      ]
    },
    {
      "types": [
        "core-operation",
        "https://ofn.gov.cz/slovník/psm/SetHumanLabel"
      ],
      "iri": "https://ofn.gov.cz/operation/1744613019412-2cd0-2cf2-be42",
      "parent": "https://ofn.gov.cz/operation/1744613019373-bc35-7d11-b2a2",
      "dataPsmResource": "ca67d1e6-db71-4268-8685-b9a1ee710a15",
      "dataPsmHumanLabel": {
        "cs": "Katalog",
        "en": "Catalogue"
      }
    },
    {
      "types": [
        "core-operation",
        "https://ofn.gov.cz/slovník/psm/SetHumanDescription"
      ],
      "iri": "https://ofn.gov.cz/operation/1744613019447-87cd-7467-a714",
      "parent": "https://ofn.gov.cz/operation/1744613019412-2cd0-2cf2-be42",
      "dataPsmResource": "ca67d1e6-db71-4268-8685-b9a1ee710a15",
      "dataPsmHumanDescription": {
        "cs": "Datová struktura pro Katalog. Řízená kolekce metadat o datových sadách a datových službách",
        "en": "Data structure for Catalogue. A catalogue or repository that hosts the Datasets or Data Services being described."
      }
    },
    {
      "types": [
        "core-operation",
        "https://ofn.gov.cz/slovník/psm/CreateAttribute"
      ],
      "iri": "https://ofn.gov.cz/operation/1744613109349-7405-347f-a280",
      "parent": "https://ofn.gov.cz/operation/1744613019447-87cd-7467-a714",
      "dataPsmNewIri": null,
      "dataPsmInterpretation": "3b0hbpefnm8m7u8ey53",
      "dataPsmTechnicalLabel": "název",
      "dataPsmHumanLabel": null,
      "dataPsmHumanDescription": null,
      "dataPsmOwner": "https://ofn.gov.cz/class/1744613019335-2bec-08bc-8d6c",
      "dataPsmDatatype": "https://ofn.gov.cz/zdroj/základní-datové-typy/2020-07-01/text"
    },
    {
      "types": [
        "core-operation",
        "https://ofn.gov.cz/slovník/psm/CreateAttribute"
      ],
      "iri": "https://ofn.gov.cz/operation/1744613109386-3408-0ddc-884b",
      "parent": "https://ofn.gov.cz/operation/1744613109349-7405-347f-a280",
      "dataPsmNewIri": null,
      "dataPsmInterpretation": "yd4zs0141ymm7u8ecit",
      "dataPsmTechnicalLabel": "popis",
      "dataPsmHumanLabel": null,
      "dataPsmHumanDescription": null,
      "dataPsmOwner": "https://ofn.gov.cz/class/1744613019335-2bec-08bc-8d6c",
      "dataPsmDatatype": "https://ofn.gov.cz/zdroj/základní-datové-typy/2020-07-01/text"
    },
    {
      "types": [
        "core-operation",
        "https://ofn.gov.cz/slovník/psm/CreateClass"
      ],
      "iri": "https://ofn.gov.cz/operation/1744613109424-1ba1-1920-ba54",
      "parent": "https://ofn.gov.cz/operation/1744613109386-3408-0ddc-884b",
      "dataPsmNewIri": null,
      "dataPsmInterpretation": "gkm4tfmrz0om7u7p4go",
      "dataPsmTechnicalLabel": "kontaktní_bod",
      "dataPsmHumanLabel": null,
      "dataPsmHumanDescription": null,
      "dataPsmExtends": [],
      "dataPsmIsClosed": null
    },
    {
      "types": [
        "core-operation",
        "https://ofn.gov.cz/slovník/psm/CreateAssociationEnd"
      ],
      "iri": "https://ofn.gov.cz/operation/1744613109460-31af-2ffe-93a9",
      "parent": "https://ofn.gov.cz/operation/1744613109424-1ba1-1920-ba54",
      "dataPsmNewIri": null,
      "dataPsmInterpretation": "4ldm5x9k6g2m7u8m8u5",
      "dataPsmTechnicalLabel": "kontaktní_bod",
      "dataPsmHumanLabel": null,
      "dataPsmHumanDescription": null,
      "dataPsmOwner": "https://ofn.gov.cz/class/1744613019335-2bec-08bc-8d6c",
      "dataPsmPart": "https://ofn.gov.cz/class/1744613109424-1aed-838a-a284",
      "dataPsmIsReverse": false,
      "dataPsmIsDematerialize": null
    },
    {
      "types": [
        "core-operation",
        "https://ofn.gov.cz/slovník/psm/CreateClass"
      ],
      "iri": "https://ofn.gov.cz/operation/1744613109498-6077-181d-b170",
      "parent": "https://ofn.gov.cz/operation/1744613109460-31af-2ffe-93a9",
      "dataPsmNewIri": null,
      "dataPsmInterpretation": "fvkrls9k6xem7u8gn3g",
      "dataPsmTechnicalLabel": "poskytovatel",
      "dataPsmHumanLabel": null,
      "dataPsmHumanDescription": null,
      "dataPsmExtends": [],
      "dataPsmIsClosed": null
    },
    {
      "types": [
        "core-operation",
        "https://ofn.gov.cz/slovník/psm/CreateAssociationEnd"
      ],
      "iri": "https://ofn.gov.cz/operation/1744613109531-3798-24cf-89f6",
      "parent": "https://ofn.gov.cz/operation/1744613109498-6077-181d-b170",
      "dataPsmNewIri": null,
      "dataPsmInterpretation": "ttl9ke82fam7u8hvgc",
      "dataPsmTechnicalLabel": "poskytovatel",
      "dataPsmHumanLabel": null,
      "dataPsmHumanDescription": null,
      "dataPsmOwner": "https://ofn.gov.cz/class/1744613019335-2bec-08bc-8d6c",
      "dataPsmPart": "https://ofn.gov.cz/class/1744613109498-95ea-7248-bc58",
      "dataPsmIsReverse": false,
      "dataPsmIsDematerialize": null
    },
    {
      "types": [
        "core-operation",
        "https://ofn.gov.cz/slovník/psm/CreateClass"
      ],
      "iri": "https://ofn.gov.cz/operation/1744613109568-cdff-5abd-b473",
      "parent": "https://ofn.gov.cz/operation/1744613109531-3798-24cf-89f6",
      "dataPsmNewIri": null,
      "dataPsmInterpretation": "me7bw4gezhdm7yne56t",
      "dataPsmTechnicalLabel": "dokument",
      "dataPsmHumanLabel": null,
      "dataPsmHumanDescription": null,
      "dataPsmExtends": [],
      "dataPsmIsClosed": null
    },
    {
      "types": [
        "core-operation",
        "https://ofn.gov.cz/slovník/psm/CreateAssociationEnd"
      ],
      "iri": "https://ofn.gov.cz/operation/1744613109636-4a83-2db0-8115",
      "parent": "https://ofn.gov.cz/operation/1744613109568-cdff-5abd-b473",
      "dataPsmNewIri": null,
      "dataPsmInterpretation": "6ha43royaxym7u8olaj",
      "dataPsmTechnicalLabel": "domovská_stránka",
      "dataPsmHumanLabel": null,
      "dataPsmHumanDescription": null,
      "dataPsmOwner": "https://ofn.gov.cz/class/1744613019335-2bec-08bc-8d6c",
      "dataPsmPart": "https://ofn.gov.cz/class/1744613109568-f44c-1fdd-9172",
      "dataPsmIsReverse": false,
      "dataPsmIsDematerialize": null
    },
    {
      "types": [
        "core-operation",
        "https://ofn.gov.cz/slovník/psm/CreateClass"
      ],
      "iri": "https://ofn.gov.cz/operation/1744613109674-b40f-4e3f-9505",
      "parent": "https://ofn.gov.cz/operation/1744613109636-4a83-2db0-8115",
      "dataPsmNewIri": null,
      "dataPsmInterpretation": "l5uwbja7788m7u7fjmv",
      "dataPsmTechnicalLabel": "datová_sada",
      "dataPsmHumanLabel": null,
      "dataPsmHumanDescription": null,
      "dataPsmExtends": [],
      "dataPsmIsClosed": null
    },
    {
      "types": [
        "core-operation",
        "https://ofn.gov.cz/slovník/psm/CreateAssociationEnd"
      ],
      "iri": "https://ofn.gov.cz/operation/1744613109709-03fc-ed5e-ade2",
      "parent": "https://ofn.gov.cz/operation/1744613109674-b40f-4e3f-9505",
      "dataPsmNewIri": null,
      "dataPsmInterpretation": "4wkaxlb62cqm7u8rrr7",
      "dataPsmTechnicalLabel": "datová_sada",
      "dataPsmHumanLabel": null,
      "dataPsmHumanDescription": null,
      "dataPsmOwner": "https://ofn.gov.cz/class/1744613019335-2bec-08bc-8d6c",
      "dataPsmPart": "https://ofn.gov.cz/class/1744613109674-bf60-9173-9764",
      "dataPsmIsReverse": false,
      "dataPsmIsDematerialize": null
    },
    {
      "types": [
        "core-operation",
        "https://ofn.gov.cz/slovník/psm/SetOrder"
      ],
      "iri": "https://ofn.gov.cz/operation/1744613123923-460d-df1d-8cf9",
      "parent": "https://ofn.gov.cz/operation/1744613109709-03fc-ed5e-ade2",
      "dataPsmOwnerClass": "https://ofn.gov.cz/class/1744613019335-2bec-08bc-8d6c",
      "dataPsmResourceToMove": "https://ofn.gov.cz/association/1744613109531-8073-4f04-8d80",
      "dataPsmMoveAfter": "https://ofn.gov.cz/attribute/1744613109386-4d9d-2e45-b081"
    },
    {
      "types": [
        "core-operation",
        "https://ofn.gov.cz/slovník/psm/CreateAttribute"
      ],
      "iri": "https://ofn.gov.cz/operation/1744613145384-d5f6-9649-8d85",
      "parent": "https://ofn.gov.cz/operation/1744613123923-460d-df1d-8cf9",
      "dataPsmNewIri": null,
      "dataPsmInterpretation": "2r7pg6aiokqm7uoayx9",
      "dataPsmTechnicalLabel": "jméno",
      "dataPsmHumanLabel": null,
      "dataPsmHumanDescription": null,
      "dataPsmOwner": "https://ofn.gov.cz/class/1744613109424-1aed-838a-a284",
      "dataPsmDatatype": "http://www.w3.org/1999/02/22-rdf-syntax-ns#langString"
    },
    {
      "types": [
        "core-operation",
        "https://ofn.gov.cz/slovník/psm/CreateClass"
      ],
      "iri": "https://ofn.gov.cz/operation/1744613145423-a662-1ee7-88ef",
      "parent": "https://ofn.gov.cz/operation/1744613145384-d5f6-9649-8d85",
      "dataPsmNewIri": null,
      "dataPsmInterpretation": "4fuu5nv2y2cm7u8pvfe",
      "dataPsmTechnicalLabel": "zdroj",
      "dataPsmHumanLabel": null,
      "dataPsmHumanDescription": null,
      "dataPsmExtends": [],
      "dataPsmIsClosed": null
    },
    {
      "types": [
        "core-operation",
        "https://ofn.gov.cz/slovník/psm/CreateAssociationEnd"
      ],
      "iri": "https://ofn.gov.cz/operation/1744613145459-c698-f097-9db9",
      "parent": "https://ofn.gov.cz/operation/1744613145423-a662-1ee7-88ef",
      "dataPsmNewIri": null,
      "dataPsmInterpretation": "jcnotqz010lm7uoc79w",
      "dataPsmTechnicalLabel": "email",
      "dataPsmHumanLabel": null,
      "dataPsmHumanDescription": null,
      "dataPsmOwner": "https://ofn.gov.cz/class/1744613109424-1aed-838a-a284",
      "dataPsmPart": "https://ofn.gov.cz/class/1744613145423-0ae3-6b30-8f9d",
      "dataPsmIsReverse": false,
      "dataPsmIsDematerialize": null
    },
    {
      "types": [
        "core-operation",
        "https://ofn.gov.cz/slovník/psm/SetDataType"
      ],
      "iri": "https://ofn.gov.cz/operation/1744613163822-d7ba-4fba-9c99",
      "parent": "https://ofn.gov.cz/operation/1744613145459-c698-f097-9db9",
      "dataPsmAttribute": "https://ofn.gov.cz/attribute/1744613145384-622c-b787-aec3",
      "dataPsmDatatype": "https://ofn.gov.cz/zdroj/základní-datové-typy/2020-07-01/text"
    },
    {
      "types": [
        "core-operation",
        "https://ofn.gov.cz/slovník/psm/SetDataType"
      ],
      "iri": "https://ofn.gov.cz/operation/1744613439625-594f-7df9-9c2e",
      "parent": "https://ofn.gov.cz/operation/1744613163822-d7ba-4fba-9c99",
      "dataPsmAttribute": "https://ofn.gov.cz/attribute/1744613145384-622c-b787-aec3",
      "dataPsmDatatype": "http://www.w3.org/2001/XMLSchema#date"
    },
    {
      "types": [
        "core-operation",
        "https://ofn.gov.cz/slovník/psm/SetDataType"
      ],
      "iri": "https://ofn.gov.cz/operation/1744613785666-398a-d17a-a128",
      "parent": "https://ofn.gov.cz/operation/1744613439625-594f-7df9-9c2e",
      "dataPsmAttribute": "https://ofn.gov.cz/attribute/1744613145384-622c-b787-aec3",
      "dataPsmDatatype": "http://www.w3.org/1999/02/22-rdf-syntax-ns#langString"
    },
    {
      "types": [
        "core-operation",
        "https://ofn.gov.cz/slovník/psm/SetDataType"
      ],
      "iri": "https://ofn.gov.cz/operation/1744614102956-48f2-03e6-86b8",
      "parent": "https://ofn.gov.cz/operation/1744613785666-398a-d17a-a128",
      "dataPsmAttribute": "https://ofn.gov.cz/attribute/1744613145384-622c-b787-aec3",
      "dataPsmDatatype": "https://ofn.gov.cz/zdroj/základní-datové-typy/2020-07-01/text"
    },
    {
      "types": [
        "core-operation",
        "https://ofn.gov.cz/slovník/psm/SetTechnicalLabel"
      ],
      "iri": "https://ofn.gov.cz/operation/1744614517228-6216-9ed0-a793",
      "parent": "https://ofn.gov.cz/operation/1744614102956-48f2-03e6-86b8",
      "dataPsmResource": "https://ofn.gov.cz/association/1744613145459-b4dd-3784-ae41",
      "dataPsmTechnicalLabel": "e-mail"
    },
    {
      "types": [
        "core-operation",
        "https://ofn.gov.cz/slovník/psm/SetJsonLdDefinedPrefixes"
      ],
      "iri": "https://ofn.gov.cz/operation/1744614604911-d2bc-9450-b011",
      "parent": "https://ofn.gov.cz/operation/1744614517228-6216-9ed0-a793",
      "dataPsmEntity": "ca67d1e6-db71-4268-8685-b9a1ee710a15",
      "jsonLdDefinedPrefixes": {
        "dcterms": "http://purl.org/dc/terms/"
      }
    },
    {
      "types": [
        "core-operation",
        "https://ofn.gov.cz/slovník/psm/SetJsonLdDefinedPrefixes"
      ],
      "iri": "https://ofn.gov.cz/operation/1744614615727-64e1-f5c9-b2d4",
      "parent": "https://ofn.gov.cz/operation/1744614604911-d2bc-9450-b011",
      "dataPsmEntity": "ca67d1e6-db71-4268-8685-b9a1ee710a15",
      "jsonLdDefinedPrefixes": {
        "dcterms": "http://purl.org/dc/terms/",
        "dcat": "http://www.w3.org/ns/dcat#"
      }
    },
    {
      "types": [
        "core-operation",
        "https://ofn.gov.cz/slovník/psm/SetJsonLdDefinedPrefixes"
      ],
      "iri": "https://ofn.gov.cz/operation/1744614625334-e014-3aec-9a8b",
      "parent": "https://ofn.gov.cz/operation/1744614615727-64e1-f5c9-b2d4",
      "dataPsmEntity": "ca67d1e6-db71-4268-8685-b9a1ee710a15",
      "jsonLdDefinedPrefixes": {
        "dcterms": "http://purl.org/dc/terms/",
        "dcat": "http://www.w3.org/ns/dcat#",
        "vcard": "http://www.w3.org/2006/vcard/ns#"
      }
    },
    {
      "types": [
        "core-operation",
        "https://ofn.gov.cz/slovník/psm/SetJsonLdDefinedPrefixes"
      ],
      "iri": "https://ofn.gov.cz/operation/1744614643252-15bf-d866-9411",
      "parent": "https://ofn.gov.cz/operation/1744614625334-e014-3aec-9a8b",
      "dataPsmEntity": "ca67d1e6-db71-4268-8685-b9a1ee710a15",
      "jsonLdDefinedPrefixes": {
        "dcterms": "http://purl.org/dc/terms/",
        "dcat": "http://www.w3.org/ns/dcat#",
        "vcard": "http://www.w3.org/2006/vcard/ns#",
        "foaf": "http://xmlns.com/foaf/0.1/"
      }
    },
    {
      "types": [
        "core-operation",
        "https://ofn.gov.cz/slovník/psm/SetInstancesHaveIdentity"
      ],
      "iri": "https://ofn.gov.cz/operation/1744614991730-4498-36d9-8b0b",
      "parent": "https://ofn.gov.cz/operation/1744614643252-15bf-d866-9411",
      "dataPsmClass": "https://ofn.gov.cz/class/1744613109424-1aed-838a-a284",
      "instancesHaveIdentity": "OPTIONAL"
    },
    {
      "types": [
        "core-operation",
        "https://ofn.gov.cz/slovník/psm/WrapWithOr"
      ],
      "iri": "https://ofn.gov.cz/operation/1744626615735-c38e-2394-8062",
      "parent": "https://ofn.gov.cz/operation/1744614991730-4498-36d9-8b0b",
      "dataPsmNewIri": null,
      "dataPsmChild": "https://ofn.gov.cz/class/1744613109424-1aed-838a-a284"
    },
    {
      "types": [
        "core-operation",
        "https://ofn.gov.cz/slovník/psm/CreateClass"
      ],
      "iri": "https://ofn.gov.cz/operation/1744626615788-4588-cd6e-8fbf",
      "parent": "https://ofn.gov.cz/operation/1744626615735-c38e-2394-8062",
      "dataPsmNewIri": null,
      "dataPsmInterpretation": "yx2vouei63m9gx99ix",
      "dataPsmTechnicalLabel": "organizace",
      "dataPsmHumanLabel": null,
      "dataPsmHumanDescription": null,
      "dataPsmExtends": [],
      "dataPsmIsClosed": null
    },
    {
      "types": [
        "core-operation",
        "https://ofn.gov.cz/slovník/psm/SetChoice"
      ],
      "iri": "https://ofn.gov.cz/operation/1744626615840-5775-b771-be17",
      "parent": "https://ofn.gov.cz/operation/1744626615788-4588-cd6e-8fbf",
      "dataPsmOr": "https://ofn.gov.cz/or/1744626615735-33c2-6a39-86b3",
      "dataPsmChoice": "https://ofn.gov.cz/class/1744626615787-0d5d-51d0-8d75"
    },
    {
      "types": [
        "core-operation",
        "https://ofn.gov.cz/slovník/psm/CreateInclude"
      ],
      "iri": "https://ofn.gov.cz/operation/1744626615847-25d2-7c68-a149",
      "parent": "https://ofn.gov.cz/operation/1744626615840-5775-b771-be17",
      "dataPsmNewIri": null,
      "dataPsmOwner": "https://ofn.gov.cz/class/1744626615787-0d5d-51d0-8d75",
      "dataPsmIncludes": "https://ofn.gov.cz/class/1744613109424-1aed-838a-a284"
    },
    {
      "types": [
        "core-operation",
        "https://ofn.gov.cz/slovník/psm/CreateClass"
      ],
      "iri": "https://ofn.gov.cz/operation/1744626619507-190f-0b30-8abb",
      "parent": "https://ofn.gov.cz/operation/1744626615847-25d2-7c68-a149",
      "dataPsmNewIri": null,
      "dataPsmInterpretation": "byzx8xu7sd8m9gx8gs7",
      "dataPsmTechnicalLabel": "jednotlivec",
      "dataPsmHumanLabel": null,
      "dataPsmHumanDescription": null,
      "dataPsmExtends": [],
      "dataPsmIsClosed": null
    },
    {
      "types": [
        "core-operation",
        "https://ofn.gov.cz/slovník/psm/SetChoice"
      ],
      "iri": "https://ofn.gov.cz/operation/1744626619552-2945-258f-a66f",
      "parent": "https://ofn.gov.cz/operation/1744626619507-190f-0b30-8abb",
      "dataPsmOr": "https://ofn.gov.cz/or/1744626615735-33c2-6a39-86b3",
      "dataPsmChoice": "https://ofn.gov.cz/class/1744626619507-d0b0-bb22-a897"
    },
    {
      "types": [
        "core-operation",
        "https://ofn.gov.cz/slovník/psm/CreateInclude"
      ],
      "iri": "https://ofn.gov.cz/operation/1744626619555-40e1-7f33-ab8f",
      "parent": "https://ofn.gov.cz/operation/1744626619552-2945-258f-a66f",
      "dataPsmNewIri": null,
      "dataPsmOwner": "https://ofn.gov.cz/class/1744626619507-d0b0-bb22-a897",
      "dataPsmIncludes": "https://ofn.gov.cz/class/1744613109424-1aed-838a-a284"
    },
    {
      "types": [
        "core-operation",
        "https://ofn.gov.cz/slovník/psm/SetInstancesHaveIdentity"
      ],
      "iri": "https://ofn.gov.cz/operation/1744643129260-eb92-688d-8edb",
      "parent": "https://ofn.gov.cz/operation/1744626619555-40e1-7f33-ab8f",
      "dataPsmClass": "https://ofn.gov.cz/class/1744626615787-0d5d-51d0-8d75",
      "instancesHaveIdentity": "OPTIONAL"
    },
    {
      "types": [
        "core-operation",
        "https://ofn.gov.cz/slovník/psm/SetInstancesHaveIdentity"
      ],
      "iri": "https://ofn.gov.cz/operation/1744643135396-a8bd-6867-b35c",
      "parent": "https://ofn.gov.cz/operation/1744643129260-eb92-688d-8edb",
      "dataPsmClass": "https://ofn.gov.cz/class/1744626619507-d0b0-bb22-a897",
      "instancesHaveIdentity": "OPTIONAL"
    }
  ],
  "resources": {
    "ca67d1e6-db71-4268-8685-b9a1ee710a15": {
      "types": [
        "https://ofn.gov.cz/slovník/psm/Schema"
      ],
      "iri": "ca67d1e6-db71-4268-8685-b9a1ee710a15",
      "dataPsmHumanLabel": {
        "cs": "Katalog",
        "en": "Catalogue"
      },
      "dataPsmHumanDescription": {
        "cs": "Datová struktura pro Katalog. Řízená kolekce metadat o datových sadách a datových službách",
        "en": "Data structure for Catalogue. A catalogue or repository that hosts the Datasets or Data Services being described."
      },
      "dataPsmTechnicalLabel": null,
      "dataPsmRoots": [
        "https://ofn.gov.cz/class/1744613019335-2bec-08bc-8d6c"
      ],
      "dataPsmParts": [
        "https://ofn.gov.cz/class/1744613019335-2bec-08bc-8d6c",
        "https://ofn.gov.cz/attribute/1744613109349-528c-4895-9f4e",
        "https://ofn.gov.cz/attribute/1744613109386-4d9d-2e45-b081",
        "https://ofn.gov.cz/class/1744613109424-1aed-838a-a284",
        "https://ofn.gov.cz/association/1744613109460-d5ea-08eb-bbad",
        "https://ofn.gov.cz/class/1744613109498-95ea-7248-bc58",
        "https://ofn.gov.cz/association/1744613109531-8073-4f04-8d80",
        "https://ofn.gov.cz/class/1744613109568-f44c-1fdd-9172",
        "https://ofn.gov.cz/association/1744613109636-db2a-d042-a626",
        "https://ofn.gov.cz/class/1744613109674-bf60-9173-9764",
        "https://ofn.gov.cz/association/1744613109709-0122-42cb-8322",
        "https://ofn.gov.cz/attribute/1744613145384-622c-b787-aec3",
        "https://ofn.gov.cz/class/1744613145423-0ae3-6b30-8f9d",
        "https://ofn.gov.cz/association/1744613145459-b4dd-3784-ae41",
        "https://ofn.gov.cz/or/1744626615735-33c2-6a39-86b3",
        "https://ofn.gov.cz/class/1744626615787-0d5d-51d0-8d75",
        "https://ofn.gov.cz/include/1744626615847-3c67-ea45-9037",
        "https://ofn.gov.cz/class/1744626619507-d0b0-bb22-a897",
        "https://ofn.gov.cz/include/1744626619555-76eb-573d-a070"
      ],
      "jsonLdDefinedPrefixes": {
        "dcterms": "http://purl.org/dc/terms/",
        "dcat": "http://www.w3.org/ns/dcat#",
        "vcard": "http://www.w3.org/2006/vcard/ns#",
        "foaf": "http://xmlns.com/foaf/0.1/"
      }
    },
    "https://ofn.gov.cz/class/1744613019335-2bec-08bc-8d6c": {
      "types": [
        "https://ofn.gov.cz/slovník/psm/Class"
      ],
      "iri": "https://ofn.gov.cz/class/1744613019335-2bec-08bc-8d6c",
      "dataPsmHumanLabel": null,
      "dataPsmHumanDescription": null,
      "dataPsmTechnicalLabel": "katalog",
      "dataPsmInterpretation": "dc5d35ak3a6m7u7iy9v",
      "dataPsmExtends": [],
      "dataPsmParts": [
        "https://ofn.gov.cz/attribute/1744613109349-528c-4895-9f4e",
        "https://ofn.gov.cz/attribute/1744613109386-4d9d-2e45-b081",
        "https://ofn.gov.cz/association/1744613109531-8073-4f04-8d80",
        "https://ofn.gov.cz/association/1744613109460-d5ea-08eb-bbad",
        "https://ofn.gov.cz/association/1744613109636-db2a-d042-a626",
        "https://ofn.gov.cz/association/1744613109709-0122-42cb-8322"
      ],
      "dataPsmIsClosed": null
    },
    "https://ofn.gov.cz/attribute/1744613109349-528c-4895-9f4e": {
      "types": [
        "https://ofn.gov.cz/slovník/psm/Attribute"
      ],
      "iri": "https://ofn.gov.cz/attribute/1744613109349-528c-4895-9f4e",
      "dataPsmHumanLabel": null,
      "dataPsmHumanDescription": null,
      "dataPsmTechnicalLabel": "název",
      "dataPsmInterpretation": "3b0hbpefnm8m7u8ey53",
      "dataPsmDatatype": "https://ofn.gov.cz/zdroj/základní-datové-typy/2020-07-01/text"
    },
    "https://ofn.gov.cz/attribute/1744613109386-4d9d-2e45-b081": {
      "types": [
        "https://ofn.gov.cz/slovník/psm/Attribute"
      ],
      "iri": "https://ofn.gov.cz/attribute/1744613109386-4d9d-2e45-b081",
      "dataPsmHumanLabel": null,
      "dataPsmHumanDescription": null,
      "dataPsmTechnicalLabel": "popis",
      "dataPsmInterpretation": "yd4zs0141ymm7u8ecit",
      "dataPsmDatatype": "https://ofn.gov.cz/zdroj/základní-datové-typy/2020-07-01/text"
    },
    "https://ofn.gov.cz/class/1744613109424-1aed-838a-a284": {
      "types": [
        "https://ofn.gov.cz/slovník/psm/Class"
      ],
      "iri": "https://ofn.gov.cz/class/1744613109424-1aed-838a-a284",
      "dataPsmHumanLabel": null,
      "dataPsmHumanDescription": null,
      "dataPsmTechnicalLabel": "kontaktní_bod",
      "dataPsmInterpretation": "gkm4tfmrz0om7u7p4go",
      "dataPsmExtends": [],
      "dataPsmParts": [
        "https://ofn.gov.cz/attribute/1744613145384-622c-b787-aec3",
        "https://ofn.gov.cz/association/1744613145459-b4dd-3784-ae41"
      ],
      "dataPsmIsClosed": null,
      "instancesHaveIdentity": "OPTIONAL"
    },
    "https://ofn.gov.cz/association/1744613109460-d5ea-08eb-bbad": {
      "types": [
        "https://ofn.gov.cz/slovník/psm/AssociationEnd"
      ],
      "iri": "https://ofn.gov.cz/association/1744613109460-d5ea-08eb-bbad",
      "dataPsmHumanLabel": null,
      "dataPsmHumanDescription": null,
      "dataPsmTechnicalLabel": "kontaktní_bod",
      "dataPsmInterpretation": "4ldm5x9k6g2m7u8m8u5",
      "dataPsmPart": "https://ofn.gov.cz/or/1744626615735-33c2-6a39-86b3",
      "dataPsmIsReverse": false,
      "dataPsmIsDematerialize": null
    },
    "https://ofn.gov.cz/class/1744613109498-95ea-7248-bc58": {
      "types": [
        "https://ofn.gov.cz/slovník/psm/Class"
      ],
      "iri": "https://ofn.gov.cz/class/1744613109498-95ea-7248-bc58",
      "dataPsmHumanLabel": null,
      "dataPsmHumanDescription": null,
      "dataPsmTechnicalLabel": "poskytovatel",
      "dataPsmInterpretation": "fvkrls9k6xem7u8gn3g",
      "dataPsmExtends": [],
      "dataPsmParts": [],
      "dataPsmIsClosed": null
    },
    "https://ofn.gov.cz/association/1744613109531-8073-4f04-8d80": {
      "types": [
        "https://ofn.gov.cz/slovník/psm/AssociationEnd"
      ],
      "iri": "https://ofn.gov.cz/association/1744613109531-8073-4f04-8d80",
      "dataPsmHumanLabel": null,
      "dataPsmHumanDescription": null,
      "dataPsmTechnicalLabel": "poskytovatel",
      "dataPsmInterpretation": "ttl9ke82fam7u8hvgc",
      "dataPsmPart": "https://ofn.gov.cz/class/1744613109498-95ea-7248-bc58",
      "dataPsmIsReverse": false,
      "dataPsmIsDematerialize": null
    },
    "https://ofn.gov.cz/class/1744613109568-f44c-1fdd-9172": {
      "types": [
        "https://ofn.gov.cz/slovník/psm/Class"
      ],
      "iri": "https://ofn.gov.cz/class/1744613109568-f44c-1fdd-9172",
      "dataPsmHumanLabel": null,
      "dataPsmHumanDescription": null,
      "dataPsmTechnicalLabel": "dokument",
      "dataPsmInterpretation": "me7bw4gezhdm7yne56t",
      "dataPsmExtends": [],
      "dataPsmParts": [],
      "dataPsmIsClosed": null
    },
    "https://ofn.gov.cz/association/1744613109636-db2a-d042-a626": {
      "types": [
        "https://ofn.gov.cz/slovník/psm/AssociationEnd"
      ],
      "iri": "https://ofn.gov.cz/association/1744613109636-db2a-d042-a626",
      "dataPsmHumanLabel": null,
      "dataPsmHumanDescription": null,
      "dataPsmTechnicalLabel": "domovská_stránka",
      "dataPsmInterpretation": "6ha43royaxym7u8olaj",
      "dataPsmPart": "https://ofn.gov.cz/class/1744613109568-f44c-1fdd-9172",
      "dataPsmIsReverse": false,
      "dataPsmIsDematerialize": null
    },
    "https://ofn.gov.cz/class/1744613109674-bf60-9173-9764": {
      "types": [
        "https://ofn.gov.cz/slovník/psm/Class"
      ],
      "iri": "https://ofn.gov.cz/class/1744613109674-bf60-9173-9764",
      "dataPsmHumanLabel": null,
      "dataPsmHumanDescription": null,
      "dataPsmTechnicalLabel": "datová_sada",
      "dataPsmInterpretation": "l5uwbja7788m7u7fjmv",
      "dataPsmExtends": [],
      "dataPsmParts": [],
      "dataPsmIsClosed": null
    },
    "https://ofn.gov.cz/association/1744613109709-0122-42cb-8322": {
      "types": [
        "https://ofn.gov.cz/slovník/psm/AssociationEnd"
      ],
      "iri": "https://ofn.gov.cz/association/1744613109709-0122-42cb-8322",
      "dataPsmHumanLabel": null,
      "dataPsmHumanDescription": null,
      "dataPsmTechnicalLabel": "datová_sada",
      "dataPsmInterpretation": "4wkaxlb62cqm7u8rrr7",
      "dataPsmPart": "https://ofn.gov.cz/class/1744613109674-bf60-9173-9764",
      "dataPsmIsReverse": false,
      "dataPsmIsDematerialize": null
    },
    "https://ofn.gov.cz/attribute/1744613145384-622c-b787-aec3": {
      "types": [
        "https://ofn.gov.cz/slovník/psm/Attribute"
      ],
      "iri": "https://ofn.gov.cz/attribute/1744613145384-622c-b787-aec3",
      "dataPsmHumanLabel": null,
      "dataPsmHumanDescription": null,
      "dataPsmTechnicalLabel": "jméno",
      "dataPsmInterpretation": "2r7pg6aiokqm7uoayx9",
      "dataPsmDatatype": "https://ofn.gov.cz/zdroj/základní-datové-typy/2020-07-01/text"
    },
    "https://ofn.gov.cz/class/1744613145423-0ae3-6b30-8f9d": {
      "types": [
        "https://ofn.gov.cz/slovník/psm/Class"
      ],
      "iri": "https://ofn.gov.cz/class/1744613145423-0ae3-6b30-8f9d",
      "dataPsmHumanLabel": null,
      "dataPsmHumanDescription": null,
      "dataPsmTechnicalLabel": "zdroj",
      "dataPsmInterpretation": "4fuu5nv2y2cm7u8pvfe",
      "dataPsmExtends": [],
      "dataPsmParts": [],
      "dataPsmIsClosed": null
    },
    "https://ofn.gov.cz/association/1744613145459-b4dd-3784-ae41": {
      "types": [
        "https://ofn.gov.cz/slovník/psm/AssociationEnd"
      ],
      "iri": "https://ofn.gov.cz/association/1744613145459-b4dd-3784-ae41",
      "dataPsmHumanLabel": null,
      "dataPsmHumanDescription": null,
      "dataPsmTechnicalLabel": "e-mail",
      "dataPsmInterpretation": "jcnotqz010lm7uoc79w",
      "dataPsmPart": "https://ofn.gov.cz/class/1744613145423-0ae3-6b30-8f9d",
      "dataPsmIsReverse": false,
      "dataPsmIsDematerialize": null
    },
    "https://ofn.gov.cz/or/1744626615735-33c2-6a39-86b3": {
      "types": [
        "https://ofn.gov.cz/slovník/psm/Or"
      ],
      "iri": "https://ofn.gov.cz/or/1744626615735-33c2-6a39-86b3",
      "dataPsmHumanLabel": null,
      "dataPsmHumanDescription": null,
      "dataPsmTechnicalLabel": null,
      "dataPsmInterpretation": null,
      "dataPsmChoices": [
        "https://ofn.gov.cz/class/1744613109424-1aed-838a-a284",
        "https://ofn.gov.cz/class/1744626615787-0d5d-51d0-8d75",
        "https://ofn.gov.cz/class/1744626619507-d0b0-bb22-a897"
      ]
    },
    "https://ofn.gov.cz/class/1744626615787-0d5d-51d0-8d75": {
      "types": [
        "https://ofn.gov.cz/slovník/psm/Class"
      ],
      "iri": "https://ofn.gov.cz/class/1744626615787-0d5d-51d0-8d75",
      "dataPsmHumanLabel": null,
      "dataPsmHumanDescription": null,
      "dataPsmTechnicalLabel": "organizace",
      "dataPsmInterpretation": "yx2vouei63m9gx99ix",
      "dataPsmExtends": [],
      "dataPsmParts": [
        "https://ofn.gov.cz/include/1744626615847-3c67-ea45-9037"
      ],
      "dataPsmIsClosed": null,
      "instancesHaveIdentity": "OPTIONAL"
    },
    "https://ofn.gov.cz/include/1744626615847-3c67-ea45-9037": {
      "types": [
        "https://ofn.gov.cz/slovník/psm/Include"
      ],
      "iri": "https://ofn.gov.cz/include/1744626615847-3c67-ea45-9037",
      "dataPsmIncludes": "https://ofn.gov.cz/class/1744613109424-1aed-838a-a284"
    },
    "https://ofn.gov.cz/class/1744626619507-d0b0-bb22-a897": {
      "types": [
        "https://ofn.gov.cz/slovník/psm/Class"
      ],
      "iri": "https://ofn.gov.cz/class/1744626619507-d0b0-bb22-a897",
      "dataPsmHumanLabel": null,
      "dataPsmHumanDescription": null,
      "dataPsmTechnicalLabel": "jednotlivec",
      "dataPsmInterpretation": "byzx8xu7sd8m9gx8gs7",
      "dataPsmExtends": [],
      "dataPsmParts": [
        "https://ofn.gov.cz/include/1744626619555-76eb-573d-a070"
      ],
      "dataPsmIsClosed": null,
      "instancesHaveIdentity": "OPTIONAL"
    },
    "https://ofn.gov.cz/include/1744626619555-76eb-573d-a070": {
      "types": [
        "https://ofn.gov.cz/slovník/psm/Include"
      ],
      "iri": "https://ofn.gov.cz/include/1744626619555-76eb-573d-a070",
      "dataPsmIncludes": "https://ofn.gov.cz/class/1744613109424-1aed-838a-a284"
    }
  }
}