{
  "iri": "31c15e62-6f46-4c53-ad4d-cf900421feb6/67cbf031-6974-41ae-aa05-85ae9d2b0aa2/ed109cdb-6d92-422a-8571-2d2a2caea3e3/8a40317c-bf60-48fe-bf60-268dc8959090",
  "types": [
    "https://dataspecer.com/core/model-descriptor/pim-store-wrapper"
  ],
  "userMetadata": {
    "documentBaseUrl": "https://datagov-cz.github.io/cache-slovniku/spdx-ontology.2.3.1.ttl",
    "label": {
      "en": "spdx-ontology"
    }
  },
  "metadata": {
    "creationDate": "2025-04-04T10:55:35.962Z",
    "modificationDate": "2025-04-04T11:06:17.940Z"
  },
  "_version": 1,
  "_exportVersion": 1,
  "_exportedAt": "2025-04-04T11:08:50.554Z",
  "_exportedBy": "http://localhost:3100"
}