{
  "iri": "31c15e62-6f46-4c53-ad4d-cf900421feb6/67cbf031-6974-41ae-aa05-85ae9d2b0aa2/ed109cdb-6d92-422a-8571-2d2a2caea3e3/bfe9ab50-4291-4380-b57b-7557c94ca3e9",
  "types": [
    "https://dataspecer.com/core/model-descriptor/pim-store-wrapper"
  ],
  "userMetadata": {
    "documentBaseUrl": "https://datagov-cz.github.io/cache-slovniku/rdfs.ttl",
    "label": {
      "en": "rdfs"
    }
  },
  "metadata": {
    "creationDate": "2025-04-04T10:55:35.569Z",
    "modificationDate": "2025-04-04T11:06:17.735Z"
  },
  "_version": 1,
  "_exportVersion": 1,
  "_exportedAt": "2025-04-04T11:08:50.548Z",
  "_exportedBy": "http://localhost:3100"
}