{
  "iri": "31c15e62-6f46-4c53-ad4d-cf900421feb6/67cbf031-6974-41ae-aa05-85ae9d2b0aa2/ed109cdb-6d92-422a-8571-2d2a2caea3e3/e3ae5440-743c-462b-b071-448259a5bd97",
  "types": [
    "https://dataspecer.com/core/model-descriptor/pim-store-wrapper"
  ],
  "userMetadata": {
    "documentBaseUrl": "https://www.w3.org/2006/vcard/ns",
    "label": {
      "en": "ns"
    }
  },
  "metadata": {
    "creationDate": "2025-04-04T10:55:37.695Z",
    "modificationDate": "2025-04-04T11:06:18.315Z"
  },
  "_version": 1,
  "_exportVersion": 1,
  "_exportedAt": "2025-04-04T11:08:50.562Z",
  "_exportedBy": "http://localhost:3100"
}