{
  "iri": "31c15e62-6f46-4c53-ad4d-cf900421feb6/67cbf031-6974-41ae-aa05-85ae9d2b0aa2/ed109cdb-6d92-422a-8571-2d2a2caea3e3/profile",
  "types": [
    "http://dataspecer.com/resources/local/semantic-model"
  ],
  "userMetadata": {
    "label": {
      "en": "DCAT Default Application Profile"
    },
    "documentBaseUrl": "https://mff-uk.github.io/specifications/dcat-dap/"
  },
  "metadata": {
    "creationDate": "2025-04-04T10:55:40.156Z",
    "modificationDate": "2025-04-04T11:06:18.865Z"
  },
  "_version": 1,
  "_exportVersion": 1,
  "_exportedAt": "2025-04-04T11:08:50.576Z",
  "_exportedBy": "http://localhost:3100"
}