{
  "iri": "3813e836-5920-46ea-9c45-aac319954dd9",
  "types": [
    "http://dataspecer.com/resources/local/package"
  ],
  "userMetadata": {
    "label": {
      "en": "DCAT Default Application Profile",
      "cs": "Výchozí aplikační profil DCAT"
    },
    "description": {}
  },
  "metadata": {
    "creationDate": "2025-02-21T11:39:48.390Z",
    "modificationDate": "2025-04-03T14:55:37.470Z"
  },
  "_version": 1,
  "_exportVersion": 1,
  "_exportedAt": "2025-04-03T14:56:07.605Z",
  "_exportedBy": "http://localhost:3100"
}