{
  "iri": "3813e836-5920-46ea-9c45-aac319954dd9",
  "types": [
    "http://dataspecer.com/resources/local/package"
  ],
  "userMetadata": {
    "label": {
      "en": "DCAT 3 Default Application Profile",
      "cs": "Výchozí aplikační profil DCAT 3"
    },
    "description": {}
  },
  "metadata": {
    "creationDate": "2025-02-21T11:39:48.390Z",
    "modificationDate": "2025-05-13T10:56:11.042Z"
  },
  "_version": 1,
  "_exportVersion": 1,
  "_exportedAt": "2025-05-13T10:56:32.812Z",
  "_exportedBy": "http://localhost:3100"
}