{
  "iri": "3813e836-5920-46ea-9c45-aac319954dd9",
  "types": [
    "http://dataspecer.com/resources/local/package"
  ],
  "userMetadata": {
    "label": {
      "en": "DCAT 3 Default Application Profile",
      "cs": "Výchozí aplikační profil DCAT 3"
    },
    "description": {}
  },
  "metadata": {
    "creationDate": "2025-07-15T07:30:13.921Z",
    "modificationDate": "2025-07-17T08:28:55.532Z"
  },
  "_version": 1,
  "_exportVersion": 1,
  "_exportedAt": "2025-07-17T08:29:26.503Z",
  "_exportedBy": "http://localhost:3100"
}