{
  "operations": [
    {
      "types": [
        "core-operation",
        "https://ofn.gov.cz/slovník/psm/CreateClass"
      ],
      "iri": "https://ofn.gov.cz/operation/1740651287886-5718-4b81-bf86",
      "parent": null,
      "dataPsmNewIri": null,
      "dataPsmInterpretation": "mf8fkllsrlcm7erbfp6",
      "dataPsmTechnicalLabel": "datová_sada",
      "dataPsmHumanLabel": null,
      "dataPsmHumanDescription": null,
      "dataPsmExtends": [],
      "dataPsmIsClosed": null
    },
    {
      "types": [
        "core-operation",
        "https://ofn.gov.cz/slovník/psm/SetRoots"
      ],
      "iri": "https://ofn.gov.cz/operation/1740651287939-e862-ca02-b857",
      "parent": "https://ofn.gov.cz/operation/1740651287886-5718-4b81-bf86",
      "dataPsmRoots": [
        "https://ofn.gov.cz/class/1740651287886-1c6b-2c80-ba83"
      ]
    },
    {
      "types": [
        "core-operation",
        "https://ofn.gov.cz/slovník/psm/SetHumanLabel"
      ],
      "iri": "https://ofn.gov.cz/operation/1740651287992-956f-bfd0-be9d",
      "parent": "https://ofn.gov.cz/operation/1740651287939-e862-ca02-b857",
      "dataPsmResource": "383e124b-b667-4de3-99ac-93e398350347",
      "dataPsmHumanLabel": {
        "cs": "Datová sada",
        "en": "Dataset"
      }
    },
    {
      "types": [
        "core-operation",
        "https://ofn.gov.cz/slovník/psm/SetHumanDescription"
      ],
      "iri": "https://ofn.gov.cz/operation/1740651288046-e689-fbe6-a4ae",
      "parent": "https://ofn.gov.cz/operation/1740651287992-956f-bfd0-be9d",
      "dataPsmResource": "383e124b-b667-4de3-99ac-93e398350347",
      "dataPsmHumanDescription": {
        "cs": "Datová struktura pro Datová sada. Kolekce dat poskytovaná či řízená jedním zdrojem, která je k dispozici pro přístup či stažení v jednom či více formátech.",
        "en": "Data structure for Dataset. A collection of data, published or curated by a single source, and available for access or download in one or more representations."
      }
    },
    {
      "types": [
        "core-operation",
        "https://ofn.gov.cz/slovník/psm/CreateClass"
      ],
      "iri": "https://ofn.gov.cz/operation/1740656914271-1369-8b77-9853",
      "parent": "https://ofn.gov.cz/operation/1740651288046-e689-fbe6-a4ae",
      "dataPsmNewIri": null,
      "dataPsmInterpretation": "243cwg4pbham7era7fa",
      "dataPsmTechnicalLabel": "katalog",
      "dataPsmHumanLabel": null,
      "dataPsmHumanDescription": null,
      "dataPsmExtends": [],
      "dataPsmIsClosed": null
    },
    {
      "types": [
        "core-operation",
        "https://ofn.gov.cz/slovník/psm/SetRoots"
      ],
      "iri": "https://ofn.gov.cz/operation/1740656914312-783a-d925-b59c",
      "parent": "https://ofn.gov.cz/operation/1740656914271-1369-8b77-9853",
      "dataPsmRoots": [
        "https://ofn.gov.cz/class/1740656914270-e83e-0f22-9e0d"
      ]
    },
    {
      "types": [
        "core-operation",
        "https://ofn.gov.cz/slovník/psm/SetHumanLabel"
      ],
      "iri": "https://ofn.gov.cz/operation/1740656914356-b06b-fb22-a983",
      "parent": "https://ofn.gov.cz/operation/1740656914312-783a-d925-b59c",
      "dataPsmResource": "383e124b-b667-4de3-99ac-93e398350347",
      "dataPsmHumanLabel": {
        "cs": "Katalog",
        "en": "Catalog"
      }
    },
    {
      "types": [
        "core-operation",
        "https://ofn.gov.cz/slovník/psm/SetHumanDescription"
      ],
      "iri": "https://ofn.gov.cz/operation/1740656914414-f014-b850-b43c",
      "parent": "https://ofn.gov.cz/operation/1740656914356-b06b-fb22-a983",
      "dataPsmResource": "383e124b-b667-4de3-99ac-93e398350347",
      "dataPsmHumanDescription": {
        "cs": "Datová struktura pro Katalog. Řízená kolekce metadat o datových sadách a datových službách",
        "en": "Data structure for Catalog. A curated collection of metadata about resources."
      }
    },
    {
      "types": [
        "core-operation",
        "https://ofn.gov.cz/slovník/psm/CreateClass"
      ],
      "iri": "https://ofn.gov.cz/operation/1740656924214-65e0-7361-975b",
      "parent": "https://ofn.gov.cz/operation/1740656914414-f014-b850-b43c",
      "dataPsmNewIri": null,
      "dataPsmInterpretation": "pbdfdcxcsdm7erbcvj",
      "dataPsmTechnicalLabel": "katalogizační_záznam",
      "dataPsmHumanLabel": null,
      "dataPsmHumanDescription": null,
      "dataPsmExtends": [],
      "dataPsmIsClosed": null
    },
    {
      "types": [
        "core-operation",
        "https://ofn.gov.cz/slovník/psm/CreateAssociationEnd"
      ],
      "iri": "https://ofn.gov.cz/operation/1740656924252-93c0-5c6f-b766",
      "parent": "https://ofn.gov.cz/operation/1740656924214-65e0-7361-975b",
      "dataPsmNewIri": null,
      "dataPsmInterpretation": "x6b1lx74xom7erphow",
      "dataPsmTechnicalLabel": "záznam",
      "dataPsmHumanLabel": null,
      "dataPsmHumanDescription": null,
      "dataPsmOwner": "https://ofn.gov.cz/class/1740656914270-e83e-0f22-9e0d",
      "dataPsmPart": "https://ofn.gov.cz/class/1740656924214-9dc5-569f-9a67",
      "dataPsmIsReverse": false,
      "dataPsmIsDematerialize": null
    },
    {
      "types": [
        "core-operation",
        "https://ofn.gov.cz/slovník/psm/CreateClass"
      ],
      "iri": "https://ofn.gov.cz/operation/1740656924291-e53c-9787-af24",
      "parent": "https://ofn.gov.cz/operation/1740656924252-93c0-5c6f-b766",
      "dataPsmNewIri": null,
      "dataPsmInterpretation": "mf8fkllsrlcm7erbfp6",
      "dataPsmTechnicalLabel": "datová_sada",
      "dataPsmHumanLabel": null,
      "dataPsmHumanDescription": null,
      "dataPsmExtends": [],
      "dataPsmIsClosed": null
    },
    {
      "types": [
        "core-operation",
        "https://ofn.gov.cz/slovník/psm/CreateAssociationEnd"
      ],
      "iri": "https://ofn.gov.cz/operation/1740656924328-cd5f-cb5d-97f0",
      "parent": "https://ofn.gov.cz/operation/1740656924291-e53c-9787-af24",
      "dataPsmNewIri": null,
      "dataPsmInterpretation": "97y8dwlfyzm7ernblm",
      "dataPsmTechnicalLabel": "datová_sada",
      "dataPsmHumanLabel": null,
      "dataPsmHumanDescription": null,
      "dataPsmOwner": "https://ofn.gov.cz/class/1740656914270-e83e-0f22-9e0d",
      "dataPsmPart": "https://ofn.gov.cz/class/1740656924291-7205-c4af-8691",
      "dataPsmIsReverse": false,
      "dataPsmIsDematerialize": null
    },
    {
      "types": [
        "core-operation",
        "https://ofn.gov.cz/slovník/psm/CreateClass"
      ],
      "iri": "https://ofn.gov.cz/operation/1740656924368-72cc-1024-bb0d",
      "parent": "https://ofn.gov.cz/operation/1740656924328-cd5f-cb5d-97f0",
      "dataPsmNewIri": null,
      "dataPsmInterpretation": "8czcqvchnrjm7erdpbr",
      "dataPsmTechnicalLabel": "document",
      "dataPsmHumanLabel": null,
      "dataPsmHumanDescription": null,
      "dataPsmExtends": [],
      "dataPsmIsClosed": null
    },
    {
      "types": [
        "core-operation",
        "https://ofn.gov.cz/slovník/psm/CreateAssociationEnd"
      ],
      "iri": "https://ofn.gov.cz/operation/1740656924404-e7f6-03f6-a54f",
      "parent": "https://ofn.gov.cz/operation/1740656924368-72cc-1024-bb0d",
      "dataPsmNewIri": null,
      "dataPsmInterpretation": "7d0bkau0ogem7erf118",
      "dataPsmTechnicalLabel": "homepage",
      "dataPsmHumanLabel": null,
      "dataPsmHumanDescription": null,
      "dataPsmOwner": "https://ofn.gov.cz/class/1740656914270-e83e-0f22-9e0d",
      "dataPsmPart": "https://ofn.gov.cz/class/1740656924368-53a1-0005-87f5",
      "dataPsmIsReverse": false,
      "dataPsmIsDematerialize": null
    },
    {
      "types": [
        "core-operation",
        "https://ofn.gov.cz/slovník/psm/CreateClass"
      ],
      "iri": "https://ofn.gov.cz/operation/1740656997280-5323-76b3-b005",
      "parent": "https://ofn.gov.cz/operation/1740656924404-e7f6-03f6-a54f",
      "dataPsmNewIri": null,
      "dataPsmInterpretation": "0sh45hhgelobm7erbi8o",
      "dataPsmTechnicalLabel": "katalogizovaný_zdroj",
      "dataPsmHumanLabel": null,
      "dataPsmHumanDescription": null,
      "dataPsmExtends": [],
      "dataPsmIsClosed": null
    },
    {
      "types": [
        "core-operation",
        "https://ofn.gov.cz/slovník/psm/CreateAssociationEnd"
      ],
      "iri": "https://ofn.gov.cz/operation/1740656997327-d00f-8366-8248",
      "parent": "https://ofn.gov.cz/operation/1740656997280-5323-76b3-b005",
      "dataPsmNewIri": null,
      "dataPsmInterpretation": "e6mnis4tz7m7ermq8i",
      "dataPsmTechnicalLabel": "resource",
      "dataPsmHumanLabel": null,
      "dataPsmHumanDescription": null,
      "dataPsmOwner": "https://ofn.gov.cz/class/1740656914270-e83e-0f22-9e0d",
      "dataPsmPart": "https://ofn.gov.cz/class/1740656997279-b651-8c38-8c4e",
      "dataPsmIsReverse": false,
      "dataPsmIsDematerialize": null
    },
    {
      "types": [
        "core-operation",
        "https://ofn.gov.cz/slovník/psm/CreateAttribute"
      ],
      "iri": "https://ofn.gov.cz/operation/1740657009035-b6c1-f4b9-a6dc",
      "parent": "https://ofn.gov.cz/operation/1740656997327-d00f-8366-8248",
      "dataPsmNewIri": null,
      "dataPsmInterpretation": "gzj5ggcszdsm7ew7srk",
      "dataPsmTechnicalLabel": "version_notes",
      "dataPsmHumanLabel": null,
      "dataPsmHumanDescription": null,
      "dataPsmOwner": "https://ofn.gov.cz/class/1740656997279-b651-8c38-8c4e",
      "dataPsmDatatype": "http://www.w3.org/2000/01/rdf-schema#Literal"
    },
    {
      "types": [
        "core-operation",
        "https://ofn.gov.cz/slovník/psm/CreateAttribute"
      ],
      "iri": "https://ofn.gov.cz/operation/1740657009083-7ec8-e89c-8339",
      "parent": "https://ofn.gov.cz/operation/1740657009035-b6c1-f4b9-a6dc",
      "dataPsmNewIri": null,
      "dataPsmInterpretation": "y12wum0hutsm7ew5qqz",
      "dataPsmTechnicalLabel": "version",
      "dataPsmHumanLabel": null,
      "dataPsmHumanDescription": null,
      "dataPsmOwner": "https://ofn.gov.cz/class/1740656997279-b651-8c38-8c4e",
      "dataPsmDatatype": "http://www.w3.org/2000/01/rdf-schema#Literal"
    },
    {
      "types": [
        "core-operation",
        "https://ofn.gov.cz/slovník/psm/CreateAttribute"
      ],
      "iri": "https://ofn.gov.cz/operation/1740657009131-aa68-590e-8111",
      "parent": "https://ofn.gov.cz/operation/1740657009083-7ec8-e89c-8339",
      "dataPsmNewIri": null,
      "dataPsmInterpretation": "rakkv08fu68m7evq39f",
      "dataPsmTechnicalLabel": "klíčové_slovo",
      "dataPsmHumanLabel": null,
      "dataPsmHumanDescription": null,
      "dataPsmOwner": "https://ofn.gov.cz/class/1740656997279-b651-8c38-8c4e",
      "dataPsmDatatype": "http://www.w3.org/2000/01/rdf-schema#Literal"
    },
    {
      "types": [
        "core-operation",
        "https://ofn.gov.cz/slovník/psm/CreateAttribute"
      ],
      "iri": "https://ofn.gov.cz/operation/1740657009176-b0d7-ff18-a339",
      "parent": "https://ofn.gov.cz/operation/1740657009131-aa68-590e-8111",
      "dataPsmNewIri": null,
      "dataPsmInterpretation": "z00v4k2c61m7ev9toj",
      "dataPsmTechnicalLabel": "identifier",
      "dataPsmHumanLabel": null,
      "dataPsmHumanDescription": null,
      "dataPsmOwner": "https://ofn.gov.cz/class/1740656997279-b651-8c38-8c4e",
      "dataPsmDatatype": "http://www.w3.org/2000/01/rdf-schema#Literal"
    },
    {
      "types": [
        "core-operation",
        "https://ofn.gov.cz/slovník/psm/CreateAttribute"
      ],
      "iri": "https://ofn.gov.cz/operation/1740657009225-c223-ce31-b450",
      "parent": "https://ofn.gov.cz/operation/1740657009176-b0d7-ff18-a339",
      "dataPsmNewIri": null,
      "dataPsmInterpretation": "mz98ny7qvzem7ev38xf",
      "dataPsmTechnicalLabel": "release_date",
      "dataPsmHumanLabel": null,
      "dataPsmHumanDescription": null,
      "dataPsmOwner": "https://ofn.gov.cz/class/1740656997279-b651-8c38-8c4e",
      "dataPsmDatatype": "http://www.w3.org/2000/01/rdf-schema#Literal"
    },
    {
      "types": [
        "core-operation",
        "https://ofn.gov.cz/slovník/psm/CreateAttribute"
      ],
      "iri": "https://ofn.gov.cz/operation/1740657009284-624f-9c8c-b3a7",
      "parent": "https://ofn.gov.cz/operation/1740657009225-c223-ce31-b450",
      "dataPsmNewIri": null,
      "dataPsmInterpretation": "rbr29a1ryjmm7ev439c",
      "dataPsmTechnicalLabel": "update/modification_date",
      "dataPsmHumanLabel": null,
      "dataPsmHumanDescription": null,
      "dataPsmOwner": "https://ofn.gov.cz/class/1740656997279-b651-8c38-8c4e",
      "dataPsmDatatype": "http://www.w3.org/2000/01/rdf-schema#Literal"
    },
    {
      "types": [
        "core-operation",
        "https://ofn.gov.cz/slovník/psm/CreateAttribute"
      ],
      "iri": "https://ofn.gov.cz/operation/1740657009332-f864-eb21-9287",
      "parent": "https://ofn.gov.cz/operation/1740657009284-624f-9c8c-b3a7",
      "dataPsmNewIri": null,
      "dataPsmInterpretation": "11yvaqzdn2hm7ev2b3i",
      "dataPsmTechnicalLabel": "title",
      "dataPsmHumanLabel": null,
      "dataPsmHumanDescription": null,
      "dataPsmOwner": "https://ofn.gov.cz/class/1740656997279-b651-8c38-8c4e",
      "dataPsmDatatype": "http://www.w3.org/2000/01/rdf-schema#Literal"
    },
    {
      "types": [
        "core-operation",
        "https://ofn.gov.cz/slovník/psm/CreateAttribute"
      ],
      "iri": "https://ofn.gov.cz/operation/1740657009376-22b6-c1f1-a0be",
      "parent": "https://ofn.gov.cz/operation/1740657009332-f864-eb21-9287",
      "dataPsmNewIri": null,
      "dataPsmInterpretation": "k9a0w19hhcfm7ev1ylq",
      "dataPsmTechnicalLabel": "description",
      "dataPsmHumanLabel": null,
      "dataPsmHumanDescription": null,
      "dataPsmOwner": "https://ofn.gov.cz/class/1740656997279-b651-8c38-8c4e",
      "dataPsmDatatype": "http://www.w3.org/2000/01/rdf-schema#Literal"
    },
    {
      "types": [
        "core-operation",
        "https://ofn.gov.cz/slovník/psm/CreateAttribute"
      ],
      "iri": "https://ofn.gov.cz/operation/1740657016048-c4a9-9519-b178",
      "parent": "https://ofn.gov.cz/operation/1740657009376-22b6-c1f1-a0be",
      "dataPsmNewIri": null,
      "dataPsmInterpretation": "59gxoq9dal3m7ewuvyn",
      "dataPsmTechnicalLabel": "časové_rozlišení",
      "dataPsmHumanLabel": null,
      "dataPsmHumanDescription": null,
      "dataPsmOwner": "https://ofn.gov.cz/class/1740656924291-7205-c4af-8691",
      "dataPsmDatatype": "http://www.w3.org/2001/XMLSchema#duration"
    },
    {
      "types": [
        "core-operation",
        "https://ofn.gov.cz/slovník/psm/CreateAttribute"
      ],
      "iri": "https://ofn.gov.cz/operation/1740657016103-e80b-ddea-9b33",
      "parent": "https://ofn.gov.cz/operation/1740657016048-c4a9-9519-b178",
      "dataPsmNewIri": null,
      "dataPsmInterpretation": "ita69p20yyrm7ewryoe",
      "dataPsmTechnicalLabel": "prostorové_rozlišení_(metry)",
      "dataPsmHumanLabel": null,
      "dataPsmHumanDescription": null,
      "dataPsmOwner": "https://ofn.gov.cz/class/1740656924291-7205-c4af-8691",
      "dataPsmDatatype": "http://www.w3.org/2001/XMLSchema#decimal"
    },
    {
      "types": [
        "core-operation",
        "https://ofn.gov.cz/slovník/psm/CreateAttribute"
      ],
      "iri": "https://ofn.gov.cz/operation/1740657020336-4e01-97d7-bd12",
      "parent": "https://ofn.gov.cz/operation/1740657016103-e80b-ddea-9b33",
      "dataPsmNewIri": null,
      "dataPsmInterpretation": "9ve23aazcgam7ewdy56",
      "dataPsmTechnicalLabel": "description",
      "dataPsmHumanLabel": null,
      "dataPsmHumanDescription": null,
      "dataPsmOwner": "https://ofn.gov.cz/class/1740656924214-9dc5-569f-9a67",
      "dataPsmDatatype": "http://www.w3.org/2000/01/rdf-schema#Literal"
    },
    {
      "types": [
        "core-operation",
        "https://ofn.gov.cz/slovník/psm/CreateAttribute"
      ],
      "iri": "https://ofn.gov.cz/operation/1740657020387-36c3-e160-915b",
      "parent": "https://ofn.gov.cz/operation/1740657020336-4e01-97d7-bd12",
      "dataPsmNewIri": null,
      "dataPsmInterpretation": "ogf51dd6cmsm7ewddv6",
      "dataPsmTechnicalLabel": "title",
      "dataPsmHumanLabel": null,
      "dataPsmHumanDescription": null,
      "dataPsmOwner": "https://ofn.gov.cz/class/1740656924214-9dc5-569f-9a67",
      "dataPsmDatatype": "http://www.w3.org/2000/01/rdf-schema#Literal"
    },
    {
      "types": [
        "core-operation",
        "https://ofn.gov.cz/slovník/psm/SetTechnicalLabel"
      ],
      "iri": "https://ofn.gov.cz/operation/1740657239287-11bc-3876-be75",
      "parent": "https://ofn.gov.cz/operation/1740657020387-36c3-e160-915b",
      "dataPsmResource": "https://ofn.gov.cz/attribute/1740657016103-0e42-4528-9a12",
      "dataPsmTechnicalLabel": "prostorové_rozlišení_metry"
    },
    {
      "types": [
        "core-operation",
        "https://ofn.gov.cz/slovník/psm/SetTechnicalLabel"
      ],
      "iri": "https://ofn.gov.cz/operation/1740657262687-8456-d708-b2d0",
      "parent": "https://ofn.gov.cz/operation/1740657239287-11bc-3876-be75",
      "dataPsmResource": "https://ofn.gov.cz/attribute/1740657009284-fdcc-16a1-8202",
      "dataPsmTechnicalLabel": "update_modification_date"
    },
    {
      "types": [
        "core-operation",
        "https://ofn.gov.cz/slovník/psm/CreateClass"
      ],
      "iri": "https://ofn.gov.cz/operation/1742385447901-71db-33bb-86a3",
      "parent": "https://ofn.gov.cz/operation/1740657262687-8456-d708-b2d0",
      "dataPsmNewIri": null,
      "dataPsmInterpretation": "243cwg4pbham7era7fa",
      "dataPsmTechnicalLabel": "katalog",
      "dataPsmHumanLabel": null,
      "dataPsmHumanDescription": null,
      "dataPsmExtends": [],
      "dataPsmIsClosed": null
    },
    {
      "types": [
        "core-operation",
        "https://ofn.gov.cz/slovník/psm/SetRoots"
      ],
      "iri": "https://ofn.gov.cz/operation/1742385447967-6561-4a6b-b865",
      "parent": "https://ofn.gov.cz/operation/1742385447901-71db-33bb-86a3",
      "dataPsmRoots": [
        "https://ofn.gov.cz/class/1742385447901-f8d5-831d-b59e"
      ]
    },
    {
      "types": [
        "core-operation",
        "https://ofn.gov.cz/slovník/psm/SetHumanLabel"
      ],
      "iri": "https://ofn.gov.cz/operation/1742385448026-5785-42da-8862",
      "parent": "https://ofn.gov.cz/operation/1742385447967-6561-4a6b-b865",
      "dataPsmResource": "383e124b-b667-4de3-99ac-93e398350347",
      "dataPsmHumanLabel": {
        "cs": "Katalog",
        "en": "Catalog"
      }
    },
    {
      "types": [
        "core-operation",
        "https://ofn.gov.cz/slovník/psm/SetHumanDescription"
      ],
      "iri": "https://ofn.gov.cz/operation/1742385448063-69c1-a3df-9ae6",
      "parent": "https://ofn.gov.cz/operation/1742385448026-5785-42da-8862",
      "dataPsmResource": "383e124b-b667-4de3-99ac-93e398350347",
      "dataPsmHumanDescription": {
        "cs": "Datová struktura pro Katalog. Řízená kolekce metadat o datových sadách a datových službách",
        "en": "Data structure for Catalog. A curated collection of metadata about resources."
      }
    },
    {
      "types": [
        "core-operation",
        "https://ofn.gov.cz/slovník/psm/CreateClass"
      ],
      "iri": "https://ofn.gov.cz/operation/1742385454950-48fc-8d46-8dd8",
      "parent": "https://ofn.gov.cz/operation/1742385448063-69c1-a3df-9ae6",
      "dataPsmNewIri": null,
      "dataPsmInterpretation": "mf8fkllsrlcm7erbfp6",
      "dataPsmTechnicalLabel": "datová_sada",
      "dataPsmHumanLabel": null,
      "dataPsmHumanDescription": null,
      "dataPsmExtends": [],
      "dataPsmIsClosed": null
    },
    {
      "types": [
        "core-operation",
        "https://ofn.gov.cz/slovník/psm/CreateAssociationEnd"
      ],
      "iri": "https://ofn.gov.cz/operation/1742385454981-c243-a7cf-9bed",
      "parent": "https://ofn.gov.cz/operation/1742385454950-48fc-8d46-8dd8",
      "dataPsmNewIri": null,
      "dataPsmInterpretation": "97y8dwlfyzm7ernblm",
      "dataPsmTechnicalLabel": "datová_sada",
      "dataPsmHumanLabel": null,
      "dataPsmHumanDescription": null,
      "dataPsmOwner": "https://ofn.gov.cz/class/1742385447901-f8d5-831d-b59e",
      "dataPsmPart": "https://ofn.gov.cz/class/1742385454950-1b47-9714-ac50",
      "dataPsmIsReverse": false,
      "dataPsmIsDematerialize": null
    },
    {
      "types": [
        "core-operation",
        "https://ofn.gov.cz/slovník/psm/CreateClass"
      ],
      "iri": "https://ofn.gov.cz/operation/1742385455017-70bf-c4e1-b92d",
      "parent": "https://ofn.gov.cz/operation/1742385454981-c243-a7cf-9bed",
      "dataPsmNewIri": null,
      "dataPsmInterpretation": "pbdfdcxcsdm7erbcvj",
      "dataPsmTechnicalLabel": "katalogizační_záznam",
      "dataPsmHumanLabel": null,
      "dataPsmHumanDescription": null,
      "dataPsmExtends": [],
      "dataPsmIsClosed": null
    },
    {
      "types": [
        "core-operation",
        "https://ofn.gov.cz/slovník/psm/CreateAssociationEnd"
      ],
      "iri": "https://ofn.gov.cz/operation/1742385455047-2c35-df72-821d",
      "parent": "https://ofn.gov.cz/operation/1742385455017-70bf-c4e1-b92d",
      "dataPsmNewIri": null,
      "dataPsmInterpretation": "x6b1lx74xom7erphow",
      "dataPsmTechnicalLabel": "záznam",
      "dataPsmHumanLabel": null,
      "dataPsmHumanDescription": null,
      "dataPsmOwner": "https://ofn.gov.cz/class/1742385447901-f8d5-831d-b59e",
      "dataPsmPart": "https://ofn.gov.cz/class/1742385455017-241e-6171-93e1",
      "dataPsmIsReverse": false,
      "dataPsmIsDematerialize": null
    },
    {
      "types": [
        "core-operation",
        "https://ofn.gov.cz/slovník/psm/CreateClass"
      ],
      "iri": "https://ofn.gov.cz/operation/1742385455083-6eb1-a23f-b8a0",
      "parent": "https://ofn.gov.cz/operation/1742385455047-2c35-df72-821d",
      "dataPsmNewIri": null,
      "dataPsmInterpretation": "bdsygccukp8m7ero9sa",
      "dataPsmTechnicalLabel": "data_service",
      "dataPsmHumanLabel": null,
      "dataPsmHumanDescription": null,
      "dataPsmExtends": [],
      "dataPsmIsClosed": null
    },
    {
      "types": [
        "core-operation",
        "https://ofn.gov.cz/slovník/psm/CreateAssociationEnd"
      ],
      "iri": "https://ofn.gov.cz/operation/1742385455119-d647-f9fd-8083",
      "parent": "https://ofn.gov.cz/operation/1742385455083-6eb1-a23f-b8a0",
      "dataPsmNewIri": null,
      "dataPsmInterpretation": "sudda2dvvbm7erou20",
      "dataPsmTechnicalLabel": "služba",
      "dataPsmHumanLabel": null,
      "dataPsmHumanDescription": null,
      "dataPsmOwner": "https://ofn.gov.cz/class/1742385447901-f8d5-831d-b59e",
      "dataPsmPart": "https://ofn.gov.cz/class/1742385455083-bd0f-315d-8a3d",
      "dataPsmIsReverse": false,
      "dataPsmIsDematerialize": null
    },
    {
      "types": [
        "core-operation",
        "https://ofn.gov.cz/slovník/psm/CreateClass"
      ],
      "iri": "https://ofn.gov.cz/operation/1742385485221-76dd-561a-af0a",
      "parent": "https://ofn.gov.cz/operation/1742385455119-d647-f9fd-8083",
      "dataPsmNewIri": null,
      "dataPsmInterpretation": "243cwg4pbham7era7fa",
      "dataPsmTechnicalLabel": "catalog",
      "dataPsmHumanLabel": null,
      "dataPsmHumanDescription": null,
      "dataPsmExtends": [],
      "dataPsmIsClosed": null
    },
    {
      "types": [
        "core-operation",
        "https://ofn.gov.cz/slovník/psm/SetRoots"
      ],
      "iri": "https://ofn.gov.cz/operation/1742385485263-b258-9d35-89f1",
      "parent": "https://ofn.gov.cz/operation/1742385485221-76dd-561a-af0a",
      "dataPsmRoots": [
        "https://ofn.gov.cz/class/1742385485221-5a5f-c751-824a"
      ]
    },
    {
      "types": [
        "core-operation",
        "https://ofn.gov.cz/slovník/psm/SetHumanLabel"
      ],
      "iri": "https://ofn.gov.cz/operation/1742385485307-9291-89d4-9dd4",
      "parent": "https://ofn.gov.cz/operation/1742385485263-b258-9d35-89f1",
      "dataPsmResource": "383e124b-b667-4de3-99ac-93e398350347",
      "dataPsmHumanLabel": {
        "cs": "Katalog",
        "en": "Catalog"
      }
    },
    {
      "types": [
        "core-operation",
        "https://ofn.gov.cz/slovník/psm/SetHumanDescription"
      ],
      "iri": "https://ofn.gov.cz/operation/1742385485339-d6ee-77bf-ba28",
      "parent": "https://ofn.gov.cz/operation/1742385485307-9291-89d4-9dd4",
      "dataPsmResource": "383e124b-b667-4de3-99ac-93e398350347",
      "dataPsmHumanDescription": {
        "cs": "Datová struktura pro Katalog. Řízená kolekce metadat o datových sadách a datových službách",
        "en": "Data structure for Catalog. A curated collection of metadata about resources."
      }
    },
    {
      "types": [
        "core-operation",
        "https://ofn.gov.cz/slovník/psm/CreateClass"
      ],
      "iri": "https://ofn.gov.cz/operation/1742385490402-a5f9-5374-8138",
      "parent": "https://ofn.gov.cz/operation/1742385485339-d6ee-77bf-ba28",
      "dataPsmNewIri": null,
      "dataPsmInterpretation": "mf8fkllsrlcm7erbfp6",
      "dataPsmTechnicalLabel": "dataset",
      "dataPsmHumanLabel": null,
      "dataPsmHumanDescription": null,
      "dataPsmExtends": [],
      "dataPsmIsClosed": null
    },
    {
      "types": [
        "core-operation",
        "https://ofn.gov.cz/slovník/psm/CreateAssociationEnd"
      ],
      "iri": "https://ofn.gov.cz/operation/1742385490434-4bd6-6525-aad6",
      "parent": "https://ofn.gov.cz/operation/1742385490402-a5f9-5374-8138",
      "dataPsmNewIri": null,
      "dataPsmInterpretation": "97y8dwlfyzm7ernblm",
      "dataPsmTechnicalLabel": "dataset",
      "dataPsmHumanLabel": null,
      "dataPsmHumanDescription": null,
      "dataPsmOwner": "https://ofn.gov.cz/class/1742385485221-5a5f-c751-824a",
      "dataPsmPart": "https://ofn.gov.cz/class/1742385490402-39d1-958a-ad2d",
      "dataPsmIsReverse": false,
      "dataPsmIsDematerialize": null
    },
    {
      "types": [
        "core-operation",
        "https://ofn.gov.cz/slovník/psm/CreateClass"
      ],
      "iri": "https://ofn.gov.cz/operation/1742385490466-8dc6-8bb8-8d39",
      "parent": "https://ofn.gov.cz/operation/1742385490434-4bd6-6525-aad6",
      "dataPsmNewIri": null,
      "dataPsmInterpretation": "0sh45hhgelobm7erbi8o",
      "dataPsmTechnicalLabel": "catalogued_resource",
      "dataPsmHumanLabel": null,
      "dataPsmHumanDescription": null,
      "dataPsmExtends": [],
      "dataPsmIsClosed": null
    },
    {
      "types": [
        "core-operation",
        "https://ofn.gov.cz/slovník/psm/CreateAssociationEnd"
      ],
      "iri": "https://ofn.gov.cz/operation/1742385490498-a594-e158-b165",
      "parent": "https://ofn.gov.cz/operation/1742385490466-8dc6-8bb8-8d39",
      "dataPsmNewIri": null,
      "dataPsmInterpretation": "e6mnis4tz7m7ermq8i",
      "dataPsmTechnicalLabel": "resource",
      "dataPsmHumanLabel": null,
      "dataPsmHumanDescription": null,
      "dataPsmOwner": "https://ofn.gov.cz/class/1742385485221-5a5f-c751-824a",
      "dataPsmPart": "https://ofn.gov.cz/class/1742385490466-3095-7c27-a2ea",
      "dataPsmIsReverse": false,
      "dataPsmIsDematerialize": null
    },
    {
      "types": [
        "core-operation",
        "https://ofn.gov.cz/slovník/psm/CreateAttribute"
      ],
      "iri": "https://ofn.gov.cz/operation/1742385495690-3320-3383-8e36",
      "parent": "https://ofn.gov.cz/operation/1742385490498-a594-e158-b165",
      "dataPsmNewIri": null,
      "dataPsmInterpretation": "59gxoq9dal3m7ewuvyn",
      "dataPsmTechnicalLabel": "temporal_resolution",
      "dataPsmHumanLabel": null,
      "dataPsmHumanDescription": null,
      "dataPsmOwner": "https://ofn.gov.cz/class/1742385490402-39d1-958a-ad2d",
      "dataPsmDatatype": "http://www.w3.org/2001/XMLSchema#duration"
    },
    {
      "types": [
        "core-operation",
        "https://ofn.gov.cz/slovník/psm/CreateAttribute"
      ],
      "iri": "https://ofn.gov.cz/operation/1742385495727-b5e5-9903-8f25",
      "parent": "https://ofn.gov.cz/operation/1742385495690-3320-3383-8e36",
      "dataPsmNewIri": null,
      "dataPsmInterpretation": "ita69p20yyrm7ewryoe",
      "dataPsmTechnicalLabel": "spatial_resolution",
      "dataPsmHumanLabel": null,
      "dataPsmHumanDescription": null,
      "dataPsmOwner": "https://ofn.gov.cz/class/1742385490402-39d1-958a-ad2d",
      "dataPsmDatatype": "http://www.w3.org/2001/XMLSchema#decimal"
    },
    {
      "types": [
        "core-operation",
        "https://ofn.gov.cz/slovník/psm/CreateClass"
      ],
      "iri": "https://ofn.gov.cz/operation/1742385495769-e21d-55ac-8c4d",
      "parent": "https://ofn.gov.cz/operation/1742385495727-b5e5-9903-8f25",
      "dataPsmNewIri": null,
      "dataPsmInterpretation": "cajwnrhcjlwm7ewo382",
      "dataPsmTechnicalLabel": "location",
      "dataPsmHumanLabel": null,
      "dataPsmHumanDescription": null,
      "dataPsmExtends": [],
      "dataPsmIsClosed": null
    },
    {
      "types": [
        "core-operation",
        "https://ofn.gov.cz/slovník/psm/CreateAssociationEnd"
      ],
      "iri": "https://ofn.gov.cz/operation/1742385495804-e37b-b619-95a7",
      "parent": "https://ofn.gov.cz/operation/1742385495769-e21d-55ac-8c4d",
      "dataPsmNewIri": null,
      "dataPsmInterpretation": "fqu1ocr561mm7ewoudr",
      "dataPsmTechnicalLabel": "spatial/geographical_coverage",
      "dataPsmHumanLabel": null,
      "dataPsmHumanDescription": null,
      "dataPsmOwner": "https://ofn.gov.cz/class/1742385490402-39d1-958a-ad2d",
      "dataPsmPart": "https://ofn.gov.cz/class/1742385495769-707b-13cf-8abc",
      "dataPsmIsReverse": false,
      "dataPsmIsDematerialize": null
    },
    {
      "types": [
        "core-operation",
        "https://ofn.gov.cz/slovník/psm/CreateClass"
      ],
      "iri": "https://ofn.gov.cz/operation/1742385495845-95ac-e2f1-b4b6",
      "parent": "https://ofn.gov.cz/operation/1742385495804-e37b-b619-95a7",
      "dataPsmNewIri": null,
      "dataPsmInterpretation": "3u7jq3lazc1m7ewkyz7",
      "dataPsmTechnicalLabel": "frequency",
      "dataPsmHumanLabel": null,
      "dataPsmHumanDescription": null,
      "dataPsmExtends": [],
      "dataPsmIsClosed": null
    },
    {
      "types": [
        "core-operation",
        "https://ofn.gov.cz/slovník/psm/CreateAssociationEnd"
      ],
      "iri": "https://ofn.gov.cz/operation/1742385495878-32ce-1bfa-b55c",
      "parent": "https://ofn.gov.cz/operation/1742385495845-95ac-e2f1-b4b6",
      "dataPsmNewIri": null,
      "dataPsmInterpretation": "dllmnpajj8sm7ewlhal",
      "dataPsmTechnicalLabel": "frequency",
      "dataPsmHumanLabel": null,
      "dataPsmHumanDescription": null,
      "dataPsmOwner": "https://ofn.gov.cz/class/1742385490402-39d1-958a-ad2d",
      "dataPsmPart": "https://ofn.gov.cz/class/1742385495845-d97d-4c4f-a75a",
      "dataPsmIsReverse": false,
      "dataPsmIsDematerialize": null
    }
  ],
  "resources": {
    "383e124b-b667-4de3-99ac-93e398350347": {
      "types": [
        "https://ofn.gov.cz/slovník/psm/Schema"
      ],
      "iri": "383e124b-b667-4de3-99ac-93e398350347",
      "dataPsmHumanLabel": {
        "cs": "Katalog",
        "en": "Catalog"
      },
      "dataPsmHumanDescription": {
        "cs": "Datová struktura pro Katalog. Řízená kolekce metadat o datových sadách a datových službách",
        "en": "Data structure for Catalog. A curated collection of metadata about resources."
      },
      "dataPsmTechnicalLabel": null,
      "dataPsmRoots": [
        "https://ofn.gov.cz/class/1742385485221-5a5f-c751-824a"
      ],
      "dataPsmParts": [
        "https://ofn.gov.cz/class/1740651287886-1c6b-2c80-ba83",
        "https://ofn.gov.cz/class/1740656914270-e83e-0f22-9e0d",
        "https://ofn.gov.cz/class/1740656924214-9dc5-569f-9a67",
        "https://ofn.gov.cz/association/1740656924252-e7b8-8eba-ae59",
        "https://ofn.gov.cz/class/1740656924291-7205-c4af-8691",
        "https://ofn.gov.cz/association/1740656924328-389e-8e09-8726",
        "https://ofn.gov.cz/class/1740656924368-53a1-0005-87f5",
        "https://ofn.gov.cz/association/1740656924404-2833-c723-92d2",
        "https://ofn.gov.cz/class/1740656997279-b651-8c38-8c4e",
        "https://ofn.gov.cz/association/1740656997326-ed18-e19f-9f56",
        "https://ofn.gov.cz/attribute/1740657009035-545b-73fb-8bee",
        "https://ofn.gov.cz/attribute/1740657009083-5bbd-00bb-84c3",
        "https://ofn.gov.cz/attribute/1740657009131-43a9-4be2-a63a",
        "https://ofn.gov.cz/attribute/1740657009176-015c-9120-93d7",
        "https://ofn.gov.cz/attribute/1740657009225-ecea-4cad-8cd3",
        "https://ofn.gov.cz/attribute/1740657009284-fdcc-16a1-8202",
        "https://ofn.gov.cz/attribute/1740657009332-14fd-f407-a0f1",
        "https://ofn.gov.cz/attribute/1740657009376-daba-037f-a25c",
        "https://ofn.gov.cz/attribute/1740657016048-6b64-0d63-a8c3",
        "https://ofn.gov.cz/attribute/1740657016103-0e42-4528-9a12",
        "https://ofn.gov.cz/attribute/1740657020336-5f24-8455-b55b",
        "https://ofn.gov.cz/attribute/1740657020387-faa6-25a0-9542",
        "https://ofn.gov.cz/class/1742385447901-f8d5-831d-b59e",
        "https://ofn.gov.cz/class/1742385454950-1b47-9714-ac50",
        "https://ofn.gov.cz/association/1742385454981-1ff6-96b6-a721",
        "https://ofn.gov.cz/class/1742385455017-241e-6171-93e1",
        "https://ofn.gov.cz/association/1742385455047-151a-a685-b5f6",
        "https://ofn.gov.cz/class/1742385455083-bd0f-315d-8a3d",
        "https://ofn.gov.cz/association/1742385455118-e455-483f-ab2d",
        "https://ofn.gov.cz/class/1742385485221-5a5f-c751-824a",
        "https://ofn.gov.cz/class/1742385490402-39d1-958a-ad2d",
        "https://ofn.gov.cz/association/1742385490434-3946-6937-ac3e",
        "https://ofn.gov.cz/class/1742385490466-3095-7c27-a2ea",
        "https://ofn.gov.cz/association/1742385490498-02c5-4e66-8e9b",
        "https://ofn.gov.cz/attribute/1742385495690-f5ea-07f2-b6e3",
        "https://ofn.gov.cz/attribute/1742385495727-8b28-5fad-87f5",
        "https://ofn.gov.cz/class/1742385495769-707b-13cf-8abc",
        "https://ofn.gov.cz/association/1742385495804-7dfc-c8b4-9b79",
        "https://ofn.gov.cz/class/1742385495845-d97d-4c4f-a75a",
        "https://ofn.gov.cz/association/1742385495878-96ff-7ea0-bc96"
      ]
    },
    "https://ofn.gov.cz/class/1740651287886-1c6b-2c80-ba83": {
      "types": [
        "https://ofn.gov.cz/slovník/psm/Class"
      ],
      "iri": "https://ofn.gov.cz/class/1740651287886-1c6b-2c80-ba83",
      "dataPsmHumanLabel": null,
      "dataPsmHumanDescription": null,
      "dataPsmTechnicalLabel": "datová_sada",
      "dataPsmInterpretation": "mf8fkllsrlcm7erbfp6",
      "dataPsmExtends": [],
      "dataPsmParts": [],
      "dataPsmIsClosed": null
    },
    "https://ofn.gov.cz/class/1740656914270-e83e-0f22-9e0d": {
      "types": [
        "https://ofn.gov.cz/slovník/psm/Class"
      ],
      "iri": "https://ofn.gov.cz/class/1740656914270-e83e-0f22-9e0d",
      "dataPsmHumanLabel": null,
      "dataPsmHumanDescription": null,
      "dataPsmTechnicalLabel": "katalog",
      "dataPsmInterpretation": "243cwg4pbham7era7fa",
      "dataPsmExtends": [],
      "dataPsmParts": [
        "https://ofn.gov.cz/association/1740656924252-e7b8-8eba-ae59",
        "https://ofn.gov.cz/association/1740656924328-389e-8e09-8726",
        "https://ofn.gov.cz/association/1740656924404-2833-c723-92d2",
        "https://ofn.gov.cz/association/1740656997326-ed18-e19f-9f56"
      ],
      "dataPsmIsClosed": null
    },
    "https://ofn.gov.cz/class/1740656924214-9dc5-569f-9a67": {
      "types": [
        "https://ofn.gov.cz/slovník/psm/Class"
      ],
      "iri": "https://ofn.gov.cz/class/1740656924214-9dc5-569f-9a67",
      "dataPsmHumanLabel": null,
      "dataPsmHumanDescription": null,
      "dataPsmTechnicalLabel": "katalogizační_záznam",
      "dataPsmInterpretation": "pbdfdcxcsdm7erbcvj",
      "dataPsmExtends": [],
      "dataPsmParts": [
        "https://ofn.gov.cz/attribute/1740657020336-5f24-8455-b55b",
        "https://ofn.gov.cz/attribute/1740657020387-faa6-25a0-9542"
      ],
      "dataPsmIsClosed": null
    },
    "https://ofn.gov.cz/association/1740656924252-e7b8-8eba-ae59": {
      "types": [
        "https://ofn.gov.cz/slovník/psm/AssociationEnd"
      ],
      "iri": "https://ofn.gov.cz/association/1740656924252-e7b8-8eba-ae59",
      "dataPsmHumanLabel": null,
      "dataPsmHumanDescription": null,
      "dataPsmTechnicalLabel": "záznam",
      "dataPsmInterpretation": "x6b1lx74xom7erphow",
      "dataPsmPart": "https://ofn.gov.cz/class/1740656924214-9dc5-569f-9a67",
      "dataPsmIsReverse": false,
      "dataPsmIsDematerialize": null
    },
    "https://ofn.gov.cz/class/1740656924291-7205-c4af-8691": {
      "types": [
        "https://ofn.gov.cz/slovník/psm/Class"
      ],
      "iri": "https://ofn.gov.cz/class/1740656924291-7205-c4af-8691",
      "dataPsmHumanLabel": null,
      "dataPsmHumanDescription": null,
      "dataPsmTechnicalLabel": "datová_sada",
      "dataPsmInterpretation": "mf8fkllsrlcm7erbfp6",
      "dataPsmExtends": [],
      "dataPsmParts": [
        "https://ofn.gov.cz/attribute/1740657016048-6b64-0d63-a8c3",
        "https://ofn.gov.cz/attribute/1740657016103-0e42-4528-9a12"
      ],
      "dataPsmIsClosed": null
    },
    "https://ofn.gov.cz/association/1740656924328-389e-8e09-8726": {
      "types": [
        "https://ofn.gov.cz/slovník/psm/AssociationEnd"
      ],
      "iri": "https://ofn.gov.cz/association/1740656924328-389e-8e09-8726",
      "dataPsmHumanLabel": null,
      "dataPsmHumanDescription": null,
      "dataPsmTechnicalLabel": "datová_sada",
      "dataPsmInterpretation": "97y8dwlfyzm7ernblm",
      "dataPsmPart": "https://ofn.gov.cz/class/1740656924291-7205-c4af-8691",
      "dataPsmIsReverse": false,
      "dataPsmIsDematerialize": null
    },
    "https://ofn.gov.cz/class/1740656924368-53a1-0005-87f5": {
      "types": [
        "https://ofn.gov.cz/slovník/psm/Class"
      ],
      "iri": "https://ofn.gov.cz/class/1740656924368-53a1-0005-87f5",
      "dataPsmHumanLabel": null,
      "dataPsmHumanDescription": null,
      "dataPsmTechnicalLabel": "document",
      "dataPsmInterpretation": "8czcqvchnrjm7erdpbr",
      "dataPsmExtends": [],
      "dataPsmParts": [],
      "dataPsmIsClosed": null
    },
    "https://ofn.gov.cz/association/1740656924404-2833-c723-92d2": {
      "types": [
        "https://ofn.gov.cz/slovník/psm/AssociationEnd"
      ],
      "iri": "https://ofn.gov.cz/association/1740656924404-2833-c723-92d2",
      "dataPsmHumanLabel": null,
      "dataPsmHumanDescription": null,
      "dataPsmTechnicalLabel": "homepage",
      "dataPsmInterpretation": "7d0bkau0ogem7erf118",
      "dataPsmPart": "https://ofn.gov.cz/class/1740656924368-53a1-0005-87f5",
      "dataPsmIsReverse": false,
      "dataPsmIsDematerialize": null
    },
    "https://ofn.gov.cz/class/1740656997279-b651-8c38-8c4e": {
      "types": [
        "https://ofn.gov.cz/slovník/psm/Class"
      ],
      "iri": "https://ofn.gov.cz/class/1740656997279-b651-8c38-8c4e",
      "dataPsmHumanLabel": null,
      "dataPsmHumanDescription": null,
      "dataPsmTechnicalLabel": "katalogizovaný_zdroj",
      "dataPsmInterpretation": "0sh45hhgelobm7erbi8o",
      "dataPsmExtends": [],
      "dataPsmParts": [
        "https://ofn.gov.cz/attribute/1740657009035-545b-73fb-8bee",
        "https://ofn.gov.cz/attribute/1740657009083-5bbd-00bb-84c3",
        "https://ofn.gov.cz/attribute/1740657009131-43a9-4be2-a63a",
        "https://ofn.gov.cz/attribute/1740657009176-015c-9120-93d7",
        "https://ofn.gov.cz/attribute/1740657009225-ecea-4cad-8cd3",
        "https://ofn.gov.cz/attribute/1740657009284-fdcc-16a1-8202",
        "https://ofn.gov.cz/attribute/1740657009332-14fd-f407-a0f1",
        "https://ofn.gov.cz/attribute/1740657009376-daba-037f-a25c"
      ],
      "dataPsmIsClosed": null
    },
    "https://ofn.gov.cz/association/1740656997326-ed18-e19f-9f56": {
      "types": [
        "https://ofn.gov.cz/slovník/psm/AssociationEnd"
      ],
      "iri": "https://ofn.gov.cz/association/1740656997326-ed18-e19f-9f56",
      "dataPsmHumanLabel": null,
      "dataPsmHumanDescription": null,
      "dataPsmTechnicalLabel": "resource",
      "dataPsmInterpretation": "e6mnis4tz7m7ermq8i",
      "dataPsmPart": "https://ofn.gov.cz/class/1740656997279-b651-8c38-8c4e",
      "dataPsmIsReverse": false,
      "dataPsmIsDematerialize": null
    },
    "https://ofn.gov.cz/attribute/1740657009035-545b-73fb-8bee": {
      "types": [
        "https://ofn.gov.cz/slovník/psm/Attribute"
      ],
      "iri": "https://ofn.gov.cz/attribute/1740657009035-545b-73fb-8bee",
      "dataPsmHumanLabel": null,
      "dataPsmHumanDescription": null,
      "dataPsmTechnicalLabel": "version_notes",
      "dataPsmInterpretation": "gzj5ggcszdsm7ew7srk",
      "dataPsmDatatype": "http://www.w3.org/2000/01/rdf-schema#Literal"
    },
    "https://ofn.gov.cz/attribute/1740657009083-5bbd-00bb-84c3": {
      "types": [
        "https://ofn.gov.cz/slovník/psm/Attribute"
      ],
      "iri": "https://ofn.gov.cz/attribute/1740657009083-5bbd-00bb-84c3",
      "dataPsmHumanLabel": null,
      "dataPsmHumanDescription": null,
      "dataPsmTechnicalLabel": "version",
      "dataPsmInterpretation": "y12wum0hutsm7ew5qqz",
      "dataPsmDatatype": "http://www.w3.org/2000/01/rdf-schema#Literal"
    },
    "https://ofn.gov.cz/attribute/1740657009131-43a9-4be2-a63a": {
      "types": [
        "https://ofn.gov.cz/slovník/psm/Attribute"
      ],
      "iri": "https://ofn.gov.cz/attribute/1740657009131-43a9-4be2-a63a",
      "dataPsmHumanLabel": null,
      "dataPsmHumanDescription": null,
      "dataPsmTechnicalLabel": "klíčové_slovo",
      "dataPsmInterpretation": "rakkv08fu68m7evq39f",
      "dataPsmDatatype": "http://www.w3.org/2000/01/rdf-schema#Literal"
    },
    "https://ofn.gov.cz/attribute/1740657009176-015c-9120-93d7": {
      "types": [
        "https://ofn.gov.cz/slovník/psm/Attribute"
      ],
      "iri": "https://ofn.gov.cz/attribute/1740657009176-015c-9120-93d7",
      "dataPsmHumanLabel": null,
      "dataPsmHumanDescription": null,
      "dataPsmTechnicalLabel": "identifier",
      "dataPsmInterpretation": "z00v4k2c61m7ev9toj",
      "dataPsmDatatype": "http://www.w3.org/2000/01/rdf-schema#Literal"
    },
    "https://ofn.gov.cz/attribute/1740657009225-ecea-4cad-8cd3": {
      "types": [
        "https://ofn.gov.cz/slovník/psm/Attribute"
      ],
      "iri": "https://ofn.gov.cz/attribute/1740657009225-ecea-4cad-8cd3",
      "dataPsmHumanLabel": null,
      "dataPsmHumanDescription": null,
      "dataPsmTechnicalLabel": "release_date",
      "dataPsmInterpretation": "mz98ny7qvzem7ev38xf",
      "dataPsmDatatype": "http://www.w3.org/2000/01/rdf-schema#Literal"
    },
    "https://ofn.gov.cz/attribute/1740657009284-fdcc-16a1-8202": {
      "types": [
        "https://ofn.gov.cz/slovník/psm/Attribute"
      ],
      "iri": "https://ofn.gov.cz/attribute/1740657009284-fdcc-16a1-8202",
      "dataPsmHumanLabel": null,
      "dataPsmHumanDescription": null,
      "dataPsmTechnicalLabel": "update_modification_date",
      "dataPsmInterpretation": "rbr29a1ryjmm7ev439c",
      "dataPsmDatatype": "http://www.w3.org/2000/01/rdf-schema#Literal"
    },
    "https://ofn.gov.cz/attribute/1740657009332-14fd-f407-a0f1": {
      "types": [
        "https://ofn.gov.cz/slovník/psm/Attribute"
      ],
      "iri": "https://ofn.gov.cz/attribute/1740657009332-14fd-f407-a0f1",
      "dataPsmHumanLabel": null,
      "dataPsmHumanDescription": null,
      "dataPsmTechnicalLabel": "title",
      "dataPsmInterpretation": "11yvaqzdn2hm7ev2b3i",
      "dataPsmDatatype": "http://www.w3.org/2000/01/rdf-schema#Literal"
    },
    "https://ofn.gov.cz/attribute/1740657009376-daba-037f-a25c": {
      "types": [
        "https://ofn.gov.cz/slovník/psm/Attribute"
      ],
      "iri": "https://ofn.gov.cz/attribute/1740657009376-daba-037f-a25c",
      "dataPsmHumanLabel": null,
      "dataPsmHumanDescription": null,
      "dataPsmTechnicalLabel": "description",
      "dataPsmInterpretation": "k9a0w19hhcfm7ev1ylq",
      "dataPsmDatatype": "http://www.w3.org/2000/01/rdf-schema#Literal"
    },
    "https://ofn.gov.cz/attribute/1740657016048-6b64-0d63-a8c3": {
      "types": [
        "https://ofn.gov.cz/slovník/psm/Attribute"
      ],
      "iri": "https://ofn.gov.cz/attribute/1740657016048-6b64-0d63-a8c3",
      "dataPsmHumanLabel": null,
      "dataPsmHumanDescription": null,
      "dataPsmTechnicalLabel": "časové_rozlišení",
      "dataPsmInterpretation": "59gxoq9dal3m7ewuvyn",
      "dataPsmDatatype": "http://www.w3.org/2001/XMLSchema#duration"
    },
    "https://ofn.gov.cz/attribute/1740657016103-0e42-4528-9a12": {
      "types": [
        "https://ofn.gov.cz/slovník/psm/Attribute"
      ],
      "iri": "https://ofn.gov.cz/attribute/1740657016103-0e42-4528-9a12",
      "dataPsmHumanLabel": null,
      "dataPsmHumanDescription": null,
      "dataPsmTechnicalLabel": "prostorové_rozlišení_metry",
      "dataPsmInterpretation": "ita69p20yyrm7ewryoe",
      "dataPsmDatatype": "http://www.w3.org/2001/XMLSchema#decimal"
    },
    "https://ofn.gov.cz/attribute/1740657020336-5f24-8455-b55b": {
      "types": [
        "https://ofn.gov.cz/slovník/psm/Attribute"
      ],
      "iri": "https://ofn.gov.cz/attribute/1740657020336-5f24-8455-b55b",
      "dataPsmHumanLabel": null,
      "dataPsmHumanDescription": null,
      "dataPsmTechnicalLabel": "description",
      "dataPsmInterpretation": "9ve23aazcgam7ewdy56",
      "dataPsmDatatype": "http://www.w3.org/2000/01/rdf-schema#Literal"
    },
    "https://ofn.gov.cz/attribute/1740657020387-faa6-25a0-9542": {
      "types": [
        "https://ofn.gov.cz/slovník/psm/Attribute"
      ],
      "iri": "https://ofn.gov.cz/attribute/1740657020387-faa6-25a0-9542",
      "dataPsmHumanLabel": null,
      "dataPsmHumanDescription": null,
      "dataPsmTechnicalLabel": "title",
      "dataPsmInterpretation": "ogf51dd6cmsm7ewddv6",
      "dataPsmDatatype": "http://www.w3.org/2000/01/rdf-schema#Literal"
    },
    "https://ofn.gov.cz/class/1742385447901-f8d5-831d-b59e": {
      "types": [
        "https://ofn.gov.cz/slovník/psm/Class"
      ],
      "iri": "https://ofn.gov.cz/class/1742385447901-f8d5-831d-b59e",
      "dataPsmHumanLabel": null,
      "dataPsmHumanDescription": null,
      "dataPsmTechnicalLabel": "katalog",
      "dataPsmInterpretation": "243cwg4pbham7era7fa",
      "dataPsmExtends": [],
      "dataPsmParts": [
        "https://ofn.gov.cz/association/1742385454981-1ff6-96b6-a721",
        "https://ofn.gov.cz/association/1742385455047-151a-a685-b5f6",
        "https://ofn.gov.cz/association/1742385455118-e455-483f-ab2d"
      ],
      "dataPsmIsClosed": null
    },
    "https://ofn.gov.cz/class/1742385454950-1b47-9714-ac50": {
      "types": [
        "https://ofn.gov.cz/slovník/psm/Class"
      ],
      "iri": "https://ofn.gov.cz/class/1742385454950-1b47-9714-ac50",
      "dataPsmHumanLabel": null,
      "dataPsmHumanDescription": null,
      "dataPsmTechnicalLabel": "datová_sada",
      "dataPsmInterpretation": "mf8fkllsrlcm7erbfp6",
      "dataPsmExtends": [],
      "dataPsmParts": [],
      "dataPsmIsClosed": null
    },
    "https://ofn.gov.cz/association/1742385454981-1ff6-96b6-a721": {
      "types": [
        "https://ofn.gov.cz/slovník/psm/AssociationEnd"
      ],
      "iri": "https://ofn.gov.cz/association/1742385454981-1ff6-96b6-a721",
      "dataPsmHumanLabel": null,
      "dataPsmHumanDescription": null,
      "dataPsmTechnicalLabel": "datová_sada",
      "dataPsmInterpretation": "97y8dwlfyzm7ernblm",
      "dataPsmPart": "https://ofn.gov.cz/class/1742385454950-1b47-9714-ac50",
      "dataPsmIsReverse": false,
      "dataPsmIsDematerialize": null
    },
    "https://ofn.gov.cz/class/1742385455017-241e-6171-93e1": {
      "types": [
        "https://ofn.gov.cz/slovník/psm/Class"
      ],
      "iri": "https://ofn.gov.cz/class/1742385455017-241e-6171-93e1",
      "dataPsmHumanLabel": null,
      "dataPsmHumanDescription": null,
      "dataPsmTechnicalLabel": "katalogizační_záznam",
      "dataPsmInterpretation": "pbdfdcxcsdm7erbcvj",
      "dataPsmExtends": [],
      "dataPsmParts": [],
      "dataPsmIsClosed": null
    },
    "https://ofn.gov.cz/association/1742385455047-151a-a685-b5f6": {
      "types": [
        "https://ofn.gov.cz/slovník/psm/AssociationEnd"
      ],
      "iri": "https://ofn.gov.cz/association/1742385455047-151a-a685-b5f6",
      "dataPsmHumanLabel": null,
      "dataPsmHumanDescription": null,
      "dataPsmTechnicalLabel": "záznam",
      "dataPsmInterpretation": "x6b1lx74xom7erphow",
      "dataPsmPart": "https://ofn.gov.cz/class/1742385455017-241e-6171-93e1",
      "dataPsmIsReverse": false,
      "dataPsmIsDematerialize": null
    },
    "https://ofn.gov.cz/class/1742385455083-bd0f-315d-8a3d": {
      "types": [
        "https://ofn.gov.cz/slovník/psm/Class"
      ],
      "iri": "https://ofn.gov.cz/class/1742385455083-bd0f-315d-8a3d",
      "dataPsmHumanLabel": null,
      "dataPsmHumanDescription": null,
      "dataPsmTechnicalLabel": "data_service",
      "dataPsmInterpretation": "bdsygccukp8m7ero9sa",
      "dataPsmExtends": [],
      "dataPsmParts": [],
      "dataPsmIsClosed": null
    },
    "https://ofn.gov.cz/association/1742385455118-e455-483f-ab2d": {
      "types": [
        "https://ofn.gov.cz/slovník/psm/AssociationEnd"
      ],
      "iri": "https://ofn.gov.cz/association/1742385455118-e455-483f-ab2d",
      "dataPsmHumanLabel": null,
      "dataPsmHumanDescription": null,
      "dataPsmTechnicalLabel": "služba",
      "dataPsmInterpretation": "sudda2dvvbm7erou20",
      "dataPsmPart": "https://ofn.gov.cz/class/1742385455083-bd0f-315d-8a3d",
      "dataPsmIsReverse": false,
      "dataPsmIsDematerialize": null
    },
    "https://ofn.gov.cz/class/1742385485221-5a5f-c751-824a": {
      "types": [
        "https://ofn.gov.cz/slovník/psm/Class"
      ],
      "iri": "https://ofn.gov.cz/class/1742385485221-5a5f-c751-824a",
      "dataPsmHumanLabel": null,
      "dataPsmHumanDescription": null,
      "dataPsmTechnicalLabel": "catalog",
      "dataPsmInterpretation": "243cwg4pbham7era7fa",
      "dataPsmExtends": [],
      "dataPsmParts": [
        "https://ofn.gov.cz/association/1742385490434-3946-6937-ac3e",
        "https://ofn.gov.cz/association/1742385490498-02c5-4e66-8e9b"
      ],
      "dataPsmIsClosed": null
    },
    "https://ofn.gov.cz/class/1742385490402-39d1-958a-ad2d": {
      "types": [
        "https://ofn.gov.cz/slovník/psm/Class"
      ],
      "iri": "https://ofn.gov.cz/class/1742385490402-39d1-958a-ad2d",
      "dataPsmHumanLabel": null,
      "dataPsmHumanDescription": null,
      "dataPsmTechnicalLabel": "dataset",
      "dataPsmInterpretation": "mf8fkllsrlcm7erbfp6",
      "dataPsmExtends": [],
      "dataPsmParts": [
        "https://ofn.gov.cz/attribute/1742385495690-f5ea-07f2-b6e3",
        "https://ofn.gov.cz/attribute/1742385495727-8b28-5fad-87f5",
        "https://ofn.gov.cz/association/1742385495804-7dfc-c8b4-9b79",
        "https://ofn.gov.cz/association/1742385495878-96ff-7ea0-bc96"
      ],
      "dataPsmIsClosed": null
    },
    "https://ofn.gov.cz/association/1742385490434-3946-6937-ac3e": {
      "types": [
        "https://ofn.gov.cz/slovník/psm/AssociationEnd"
      ],
      "iri": "https://ofn.gov.cz/association/1742385490434-3946-6937-ac3e",
      "dataPsmHumanLabel": null,
      "dataPsmHumanDescription": null,
      "dataPsmTechnicalLabel": "dataset",
      "dataPsmInterpretation": "97y8dwlfyzm7ernblm",
      "dataPsmPart": "https://ofn.gov.cz/class/1742385490402-39d1-958a-ad2d",
      "dataPsmIsReverse": false,
      "dataPsmIsDematerialize": null
    },
    "https://ofn.gov.cz/class/1742385490466-3095-7c27-a2ea": {
      "types": [
        "https://ofn.gov.cz/slovník/psm/Class"
      ],
      "iri": "https://ofn.gov.cz/class/1742385490466-3095-7c27-a2ea",
      "dataPsmHumanLabel": null,
      "dataPsmHumanDescription": null,
      "dataPsmTechnicalLabel": "catalogued_resource",
      "dataPsmInterpretation": "0sh45hhgelobm7erbi8o",
      "dataPsmExtends": [],
      "dataPsmParts": [],
      "dataPsmIsClosed": null
    },
    "https://ofn.gov.cz/association/1742385490498-02c5-4e66-8e9b": {
      "types": [
        "https://ofn.gov.cz/slovník/psm/AssociationEnd"
      ],
      "iri": "https://ofn.gov.cz/association/1742385490498-02c5-4e66-8e9b",
      "dataPsmHumanLabel": null,
      "dataPsmHumanDescription": null,
      "dataPsmTechnicalLabel": "resource",
      "dataPsmInterpretation": "e6mnis4tz7m7ermq8i",
      "dataPsmPart": "https://ofn.gov.cz/class/1742385490466-3095-7c27-a2ea",
      "dataPsmIsReverse": false,
      "dataPsmIsDematerialize": null
    },
    "https://ofn.gov.cz/attribute/1742385495690-f5ea-07f2-b6e3": {
      "types": [
        "https://ofn.gov.cz/slovník/psm/Attribute"
      ],
      "iri": "https://ofn.gov.cz/attribute/1742385495690-f5ea-07f2-b6e3",
      "dataPsmHumanLabel": null,
      "dataPsmHumanDescription": null,
      "dataPsmTechnicalLabel": "temporal_resolution",
      "dataPsmInterpretation": "59gxoq9dal3m7ewuvyn",
      "dataPsmDatatype": "http://www.w3.org/2001/XMLSchema#duration"
    },
    "https://ofn.gov.cz/attribute/1742385495727-8b28-5fad-87f5": {
      "types": [
        "https://ofn.gov.cz/slovník/psm/Attribute"
      ],
      "iri": "https://ofn.gov.cz/attribute/1742385495727-8b28-5fad-87f5",
      "dataPsmHumanLabel": null,
      "dataPsmHumanDescription": null,
      "dataPsmTechnicalLabel": "spatial_resolution",
      "dataPsmInterpretation": "ita69p20yyrm7ewryoe",
      "dataPsmDatatype": "http://www.w3.org/2001/XMLSchema#decimal"
    },
    "https://ofn.gov.cz/class/1742385495769-707b-13cf-8abc": {
      "types": [
        "https://ofn.gov.cz/slovník/psm/Class"
      ],
      "iri": "https://ofn.gov.cz/class/1742385495769-707b-13cf-8abc",
      "dataPsmHumanLabel": null,
      "dataPsmHumanDescription": null,
      "dataPsmTechnicalLabel": "location",
      "dataPsmInterpretation": "cajwnrhcjlwm7ewo382",
      "dataPsmExtends": [],
      "dataPsmParts": [],
      "dataPsmIsClosed": null
    },
    "https://ofn.gov.cz/association/1742385495804-7dfc-c8b4-9b79": {
      "types": [
        "https://ofn.gov.cz/slovník/psm/AssociationEnd"
      ],
      "iri": "https://ofn.gov.cz/association/1742385495804-7dfc-c8b4-9b79",
      "dataPsmHumanLabel": null,
      "dataPsmHumanDescription": null,
      "dataPsmTechnicalLabel": "spatial/geographical_coverage",
      "dataPsmInterpretation": "fqu1ocr561mm7ewoudr",
      "dataPsmPart": "https://ofn.gov.cz/class/1742385495769-707b-13cf-8abc",
      "dataPsmIsReverse": false,
      "dataPsmIsDematerialize": null
    },
    "https://ofn.gov.cz/class/1742385495845-d97d-4c4f-a75a": {
      "types": [
        "https://ofn.gov.cz/slovník/psm/Class"
      ],
      "iri": "https://ofn.gov.cz/class/1742385495845-d97d-4c4f-a75a",
      "dataPsmHumanLabel": null,
      "dataPsmHumanDescription": null,
      "dataPsmTechnicalLabel": "frequency",
      "dataPsmInterpretation": "3u7jq3lazc1m7ewkyz7",
      "dataPsmExtends": [],
      "dataPsmParts": [],
      "dataPsmIsClosed": null
    },
    "https://ofn.gov.cz/association/1742385495878-96ff-7ea0-bc96": {
      "types": [
        "https://ofn.gov.cz/slovník/psm/AssociationEnd"
      ],
      "iri": "https://ofn.gov.cz/association/1742385495878-96ff-7ea0-bc96",
      "dataPsmHumanLabel": null,
      "dataPsmHumanDescription": null,
      "dataPsmTechnicalLabel": "frequency",
      "dataPsmInterpretation": "dllmnpajj8sm7ewlhal",
      "dataPsmPart": "https://ofn.gov.cz/class/1742385495845-d97d-4c4f-a75a",
      "dataPsmIsReverse": false,
      "dataPsmIsDematerialize": null
    }
  }
}