{
  "iri": "383e124b-b667-4de3-99ac-93e398350347",
  "types": [
    "http://dataspecer.com/resources/v1/psm"
  ],
  "userMetadata": {
    "label": {
      "cs": "Katalog",
      "en": "Catalog"
    },
    "description": {
      "cs": "Datová struktura pro Katalog. Řízená kolekce metadat o datových sadách a datových službách",
      "en": "Data structure for Catalog. A curated collection of metadata about resources."
    }
  },
  "metadata": {
    "creationDate": "2025-02-27T10:14:41.997Z",
    "modificationDate": "2025-03-19T11:58:17.181Z"
  },
  "_version": 1,
  "_exportVersion": 1,
  "_exportedAt": "2025-04-03T14:56:07.575Z",
  "_exportedBy": "http://localhost:3100"
}