{
  "iri": "3848a409-5ebe-450d-9ec6-17cc31680475",
  "types": [
    "http://dataspecer.com/resources/local/semantic-model"
  ],
  "userMetadata": {
    "label": {
      "en": "DCAT Default Application Profile"
    },
    "description": {
      "en": "Semantic model for the vocabulary"
    }
  },
  "metadata": {
    "creationDate": "2025-07-15T07:30:14.319Z",
    "modificationDate": "2025-07-17T08:26:42.032Z"
  },
  "_version": 1,
  "_exportVersion": 1,
  "_exportedAt": "2025-07-17T08:29:26.377Z",
  "_exportedBy": "http://localhost:3100"
}