{
  "iri": "3848a409-5ebe-450d-9ec6-17cc31680475",
  "types": [
    "http://dataspecer.com/resources/local/semantic-model"
  ],
  "userMetadata": {
    "label": {
      "en": "DCAT Default Application Profile"
    },
    "description": {
      "en": "Semantic model for the vocabulary"
    }
  },
  "metadata": {
    "creationDate": "2025-02-21T11:39:48.462Z",
    "modificationDate": "2025-04-14T13:57:00.415Z"
  },
  "_version": 1,
  "_exportVersion": 1,
  "_exportedAt": "2025-04-14T14:00:20.225Z",
  "_exportedBy": "http://localhost:3100"
}