{
  "identifier": "b9a56cd3-6121-4f33-87a6-35485211f2e5",
  "version": 1,
  "type": "http://dataspecer.com/resources/local/visual-model",
  "entities": [
    {
      "identifier": "b9a56cd3-6121-4f33-87a6-35485211f2e5-model-metadata-entity",
      "type": [
        "entity-model-type"
      ],
      "label": {
        "en": "Main view"
      }
    },
    {
      "type": [
        "http://dataspecer.com/resources/local/visual-model"
      ],
      "representedModel": "3848a409-5ebe-450d-9ec6-17cc31680475",
      "color": "#ff848b",
      "identifier": "n8m3nl"
    },
    {
      "type": [
        "http://dataspecer.com/resources/local/visual-model"
      ],
      "representedModel": "8xk6m",
      "color": "#8fab5c",
      "identifier": "p3cn6"
    },
    {
      "type": [
        "http://dataspecer.com/resources/local/visual-model"
      ],
      "representedModel": "cxy4y",
      "color": "#ff848b",
      "identifier": "bbl24"
    },
    {
      "type": [
        "http://dataspecer.com/resources/local/visual-model"
      ],
      "representedModel": "xe1mi",
      "color": "#1effbc",
      "identifier": "a94ml"
    },
    {
      "type": [
        "http://dataspecer.com/resources/local/visual-model"
      ],
      "representedModel": "kiqjdj",
      "color": "#d4f2d2",
      "identifier": "vaxpr"
    },
    {
      "type": [
        "http://dataspecer.com/resources/local/visual-model"
      ],
      "representedModel": "m2zr1",
      "color": "#ff70a6",
      "identifier": "z3trn"
    },
    {
      "type": [
        "http://dataspecer.com/resources/local/visual-model"
      ],
      "representedModel": "lqss7",
      "color": "#4dc9ab",
      "identifier": "uyttm"
    },
    {
      "type": [
        "http://dataspecer.com/resources/local/visual-model"
      ],
      "representedModel": "y84uh",
      "color": "#4dc9ab",
      "identifier": "9dm82"
    },
    {
      "model": "3848a409-5ebe-450d-9ec6-17cc31680475",
      "representedEntity": "243cwg4pbham7era7fa",
      "position": {
        "x": -460,
        "y": -390
      },
      "content": [],
      "visualModels": [],
      "type": [
        "visual-node"
      ],
      "identifier": "uj8j2"
    },
    {
      "model": "3848a409-5ebe-450d-9ec6-17cc31680475",
      "representedEntity": "mf8fkllsrlcm7erbfp6",
      "position": {
        "x": 610,
        "y": -320
      },
      "content": [
        "59gxoq9dal3m7ewuvyn",
        "ita69p20yyrm7ewryoe"
      ],
      "visualModels": [],
      "type": [
        "visual-node"
      ],
      "identifier": "xti2ch"
    },
    {
      "model": "3848a409-5ebe-450d-9ec6-17cc31680475",
      "representedEntity": "0sh45hhgelobm7erbi8o",
      "position": {
        "x": 730,
        "y": -850
      },
      "content": [
        "11yvaqzdn2hm7ev2b3i",
        "iymio5nasqm7oz7uub",
        "z00v4k2c61m7ev9toj",
        "rakkv08fu68m7evq39f",
        "rbr29a1ryjmm7ev439c",
        "mz98ny7qvzem7ev38xf",
        "y12wum0hutsm7ew5qqz",
        "gzj5ggcszdsm7ew7srk"
      ],
      "visualModels": [],
      "type": [
        "visual-node"
      ],
      "identifier": "plfvx"
    },
    {
      "model": "3848a409-5ebe-450d-9ec6-17cc31680475",
      "representedEntity": "8czcqvchnrjm7erdpbr",
      "position": {
        "x": -400,
        "y": -1020
      },
      "content": [],
      "visualModels": [],
      "type": [
        "visual-node"
      ],
      "identifier": "7bq1sf"
    },
    {
      "model": "3848a409-5ebe-450d-9ec6-17cc31680475",
      "representedRelationship": "7d0bkau0ogem7erf118",
      "waypoints": [],
      "visualSource": "uj8j2",
      "visualTarget": "7bq1sf",
      "type": [
        "visual-relationship"
      ],
      "identifier": "u4xna"
    },
    {
      "model": "3848a409-5ebe-450d-9ec6-17cc31680475",
      "representedEntity": "gghgo1hzwi6m7erfsf1",
      "position": {
        "x": 90,
        "y": 440
      },
      "content": [],
      "visualModels": [],
      "type": [
        "visual-node"
      ],
      "identifier": "ke0nh"
    },
    {
      "model": "3848a409-5ebe-450d-9ec6-17cc31680475",
      "representedRelationship": "wampvtooadrm7erh1vz",
      "waypoints": [],
      "visualSource": "uj8j2",
      "visualTarget": "ke0nh",
      "type": [
        "visual-relationship"
      ],
      "identifier": "4gxl1"
    },
    {
      "model": "3848a409-5ebe-450d-9ec6-17cc31680475",
      "representedRelationship": "e6mnis4tz7m7ermq8i",
      "waypoints": [],
      "visualSource": "uj8j2",
      "visualTarget": "plfvx",
      "type": [
        "visual-relationship"
      ],
      "identifier": "yojzg"
    },
    {
      "model": "3848a409-5ebe-450d-9ec6-17cc31680475",
      "representedRelationship": "97y8dwlfyzm7ernblm",
      "waypoints": [
        {
          "x": 0,
          "y": -220,
          "anchored": null
        }
      ],
      "visualSource": "uj8j2",
      "visualTarget": "xti2ch",
      "type": [
        "visual-relationship"
      ],
      "identifier": "flzsi"
    },
    {
      "model": "3848a409-5ebe-450d-9ec6-17cc31680475",
      "representedRelationship": "07hlr381b69qm7erp2fi",
      "waypoints": [],
      "visualSource": "uj8j2",
      "visualTarget": "uj8j2",
      "type": [
        "visual-relationship"
      ],
      "identifier": "jlru2"
    },
    {
      "model": "3848a409-5ebe-450d-9ec6-17cc31680475",
      "representedRelationship": "pvr1exk702dm7ervtl2",
      "waypoints": [],
      "visualSource": "plfvx",
      "visualTarget": "v9yg5",
      "type": [
        "visual-relationship"
      ],
      "identifier": "ui0au"
    },
    {
      "model": "3848a409-5ebe-450d-9ec6-17cc31680475",
      "representedEntity": "39ac3e0cblxm7erw4nt",
      "position": {
        "x": 1370,
        "y": -620
      },
      "content": [],
      "visualModels": [],
      "type": [
        "visual-node"
      ],
      "identifier": "v9yg5"
    },
    {
      "model": "3848a409-5ebe-450d-9ec6-17cc31680475",
      "representedEntity": "qmguydr6lm7euxdfh",
      "position": {
        "x": 0,
        "y": -180
      },
      "content": [],
      "visualModels": [],
      "type": [
        "visual-node"
      ],
      "identifier": "yq23k"
    },
    {
      "model": "3848a409-5ebe-450d-9ec6-17cc31680475",
      "representedRelationship": "sdwnos6vptm7euy8rf",
      "waypoints": [],
      "visualSource": "plfvx",
      "visualTarget": "yq23k",
      "type": [
        "visual-relationship"
      ],
      "identifier": "poo0b"
    },
    {
      "model": "3848a409-5ebe-450d-9ec6-17cc31680475",
      "representedEntity": "ycgdqph72hbm7euz500",
      "position": {
        "x": 1510,
        "y": -1330
      },
      "content": [],
      "visualModels": [],
      "type": [
        "visual-node"
      ],
      "identifier": "9gx54"
    },
    {
      "model": "3848a409-5ebe-450d-9ec6-17cc31680475",
      "representedRelationship": "pnzynfjzosm7euzlfq",
      "waypoints": [],
      "visualSource": "plfvx",
      "visualTarget": "9gx54",
      "type": [
        "visual-relationship"
      ],
      "identifier": "922d2"
    },
    {
      "model": "3848a409-5ebe-450d-9ec6-17cc31680475",
      "representedEntity": "0r80o2xdkgbm7euzz42",
      "position": {
        "x": 180,
        "y": -1090
      },
      "content": [],
      "visualModels": [],
      "type": [
        "visual-node"
      ],
      "identifier": "anpn8"
    },
    {
      "model": "3848a409-5ebe-450d-9ec6-17cc31680475",
      "representedRelationship": "ko8tfm9r7vm7ev0w44",
      "waypoints": [],
      "visualSource": "plfvx",
      "visualTarget": "anpn8",
      "type": [
        "visual-relationship"
      ],
      "identifier": "rnr6b"
    },
    {
      "model": "3848a409-5ebe-450d-9ec6-17cc31680475",
      "representedEntity": "mlrogkhmwgbm7ev4ktm",
      "position": {
        "x": 730,
        "y": -1160
      },
      "content": [],
      "visualModels": [],
      "type": [
        "visual-node"
      ],
      "identifier": "vlgc9"
    },
    {
      "model": "3848a409-5ebe-450d-9ec6-17cc31680475",
      "representedRelationship": "1gz4093ry1wim7ev61w9",
      "waypoints": [],
      "visualSource": "plfvx",
      "visualTarget": "vlgc9",
      "type": [
        "visual-relationship"
      ],
      "identifier": "9laok"
    },
    {
      "model": "3848a409-5ebe-450d-9ec6-17cc31680475",
      "representedRelationship": "rhr09cfuslom7ev8y04",
      "waypoints": [],
      "visualSource": "plfvx",
      "visualTarget": "anpn8",
      "type": [
        "visual-relationship"
      ],
      "identifier": "ntowv"
    },
    {
      "model": "3848a409-5ebe-450d-9ec6-17cc31680475",
      "representedEntity": "yjhw4nl9y1m7evjbqb",
      "position": {
        "x": 240,
        "y": -1400
      },
      "content": [],
      "visualModels": [],
      "type": [
        "visual-node"
      ],
      "identifier": "6w6of"
    },
    {
      "model": "3848a409-5ebe-450d-9ec6-17cc31680475",
      "representedRelationship": "hdogp3394hhm7evlr9j",
      "waypoints": [],
      "visualSource": "plfvx",
      "visualTarget": "6w6of",
      "type": [
        "visual-relationship"
      ],
      "identifier": "pnybv"
    },
    {
      "model": "3848a409-5ebe-450d-9ec6-17cc31680475",
      "representedEntity": "0n6zy53f3vtm7evnock",
      "position": {
        "x": 1560,
        "y": -970
      },
      "content": [],
      "visualModels": [],
      "type": [
        "visual-node"
      ],
      "identifier": "r5bn1"
    },
    {
      "model": "3848a409-5ebe-450d-9ec6-17cc31680475",
      "representedRelationship": "2pde680pma5m7evp5sd",
      "waypoints": [],
      "visualSource": "plfvx",
      "visualTarget": "r5bn1",
      "type": [
        "visual-relationship"
      ],
      "identifier": "ljbtw"
    },
    {
      "model": "3848a409-5ebe-450d-9ec6-17cc31680475",
      "representedRelationship": "5ylkixpzql9m7evrvvv",
      "waypoints": [],
      "visualSource": "plfvx",
      "visualTarget": "7bq1sf",
      "type": [
        "visual-relationship"
      ],
      "identifier": "yo0u5"
    },
    {
      "model": "3848a409-5ebe-450d-9ec6-17cc31680475",
      "representedEntity": "oexl6b63mlom7evs78u",
      "position": {
        "x": 1530,
        "y": -1150
      },
      "content": [],
      "visualModels": [],
      "type": [
        "visual-node"
      ],
      "identifier": "j9b5n"
    },
    {
      "model": "3848a409-5ebe-450d-9ec6-17cc31680475",
      "representedRelationship": "yzyos7q8kjm7evt3tq",
      "waypoints": [],
      "visualSource": "plfvx",
      "visualTarget": "j9b5n",
      "type": [
        "visual-relationship"
      ],
      "identifier": "bw4em"
    },
    {
      "model": "3848a409-5ebe-450d-9ec6-17cc31680475",
      "representedEntity": "x3qi7h3xnfgm7evtgn5",
      "position": {
        "x": 1430,
        "y": -250
      },
      "content": [],
      "visualModels": [],
      "type": [
        "visual-node"
      ],
      "identifier": "31c93"
    },
    {
      "model": "3848a409-5ebe-450d-9ec6-17cc31680475",
      "representedRelationship": "303tg0qil6m7evuaaw",
      "waypoints": [],
      "visualSource": "plfvx",
      "visualTarget": "31c93",
      "type": [
        "visual-relationship"
      ],
      "identifier": "ki137"
    },
    {
      "model": "3848a409-5ebe-450d-9ec6-17cc31680475",
      "representedRelationship": "c7ijob47dfbm7evv8dc",
      "waypoints": [],
      "visualSource": "plfvx",
      "visualTarget": "v9yg5",
      "type": [
        "visual-relationship"
      ],
      "identifier": "3thyoh"
    },
    {
      "type": [
        "http://dataspecer.com/resources/local/visual-model"
      ],
      "representedModel": "oul2b",
      "color": "#8da266",
      "identifier": "v48sk"
    },
    {
      "model": "3848a409-5ebe-450d-9ec6-17cc31680475",
      "representedEntity": "y6d69fn3i0fm7evywbi",
      "position": {
        "x": 1410,
        "y": -450
      },
      "content": [],
      "visualModels": [],
      "type": [
        "visual-node"
      ],
      "identifier": "tikw8"
    },
    {
      "model": "3848a409-5ebe-450d-9ec6-17cc31680475",
      "representedRelationship": "n9hyc7ut2zom7evzzcy",
      "waypoints": [],
      "visualSource": "plfvx",
      "visualTarget": "tikw8",
      "type": [
        "visual-relationship"
      ],
      "identifier": "yaymb"
    },
    {
      "type": [
        "http://dataspecer.com/resources/local/visual-model"
      ],
      "representedModel": "3swdwi",
      "color": "#d4f2d2",
      "identifier": "j96l7"
    },
    {
      "model": "3848a409-5ebe-450d-9ec6-17cc31680475",
      "representedEntity": "pz3atk0vu0sm7ewj0vw",
      "position": {
        "x": 630,
        "y": 160
      },
      "content": [
        "7rk3r1t9nycm7ewzxjq",
        "o9zkbze86jcm7oz79is",
        "945tircwytcm7exl6cd",
        "cw7yj1dwcjvm7exe2d0",
        "629wrm1tybm7exbodl",
        "7ecjp1yf15dm7ex25qs",
        "zb1rwgwc93qm7ex1rbu"
      ],
      "visualModels": [],
      "type": [
        "visual-node"
      ],
      "identifier": "sd9p8"
    },
    {
      "model": "3848a409-5ebe-450d-9ec6-17cc31680475",
      "representedEntity": "zs5uke1m0som7ewjnak",
      "position": {
        "x": 1340,
        "y": -490
      },
      "content": [],
      "visualModels": [],
      "type": [
        "visual-node"
      ],
      "identifier": "cq1fp"
    },
    {
      "model": "3848a409-5ebe-450d-9ec6-17cc31680475",
      "representedRelationship": "iboomebl6onm7ewko1u",
      "waypoints": [],
      "visualSource": "xti2ch",
      "visualTarget": "sd9p8",
      "type": [
        "visual-relationship"
      ],
      "identifier": "59bqu"
    },
    {
      "model": "3848a409-5ebe-450d-9ec6-17cc31680475",
      "representedEntity": "3u7jq3lazc1m7ewkyz7",
      "position": {
        "x": 1760,
        "y": 50
      },
      "content": [],
      "visualModels": [],
      "type": [
        "visual-node"
      ],
      "identifier": "hyxw6f"
    },
    {
      "model": "3848a409-5ebe-450d-9ec6-17cc31680475",
      "representedRelationship": "dllmnpajj8sm7ewlhal",
      "waypoints": [],
      "visualSource": "xti2ch",
      "visualTarget": "hyxw6f",
      "type": [
        "visual-relationship"
      ],
      "identifier": "g087n"
    },
    {
      "model": "3848a409-5ebe-450d-9ec6-17cc31680475",
      "representedRelationship": "204tikxubw8m7ewnssh",
      "waypoints": [],
      "visualSource": "xti2ch",
      "visualTarget": "cq1fp",
      "type": [
        "visual-relationship"
      ],
      "identifier": "woo2y"
    },
    {
      "model": "3848a409-5ebe-450d-9ec6-17cc31680475",
      "representedEntity": "cajwnrhcjlwm7ewo382",
      "position": {
        "x": 2120,
        "y": -190
      },
      "content": [
        "3br29oiw5t3m7ez4y7v",
        "ymsiyffwbxhm7ez4hvc"
      ],
      "visualModels": [],
      "type": [
        "visual-node"
      ],
      "identifier": "l8hdmj"
    },
    {
      "model": "3848a409-5ebe-450d-9ec6-17cc31680475",
      "representedRelationship": "fqu1ocr561mm7ewoudr",
      "waypoints": [],
      "visualSource": "xti2ch",
      "visualTarget": "l8hdmj",
      "type": [
        "visual-relationship"
      ],
      "identifier": "08q8v"
    },
    {
      "model": "3848a409-5ebe-450d-9ec6-17cc31680475",
      "representedEntity": "jxrw4uajbqm7ewtftl",
      "position": {
        "x": 1690,
        "y": 250
      },
      "content": [
        "u1iaacggj7m7ey8e3z",
        "lexsx7d236am7ey7tu2"
      ],
      "visualModels": [],
      "type": [
        "visual-node"
      ],
      "identifier": "725y1"
    },
    {
      "model": "3848a409-5ebe-450d-9ec6-17cc31680475",
      "representedRelationship": "fvkcl45awtm7ewu6o2",
      "waypoints": [],
      "visualSource": "xti2ch",
      "visualTarget": "725y1",
      "type": [
        "visual-relationship"
      ],
      "identifier": "jhakq"
    },
    {
      "model": "3848a409-5ebe-450d-9ec6-17cc31680475",
      "representedEntity": "5l5a0r0ssk4m7ewvedb",
      "position": {
        "x": 1230,
        "y": 320
      },
      "content": [],
      "visualModels": [],
      "type": [
        "visual-node"
      ],
      "identifier": "y7tsy"
    },
    {
      "model": "3848a409-5ebe-450d-9ec6-17cc31680475",
      "representedRelationship": "fz2wdpia7sdm7ewwkaq",
      "waypoints": [],
      "visualSource": "xti2ch",
      "visualTarget": "y7tsy",
      "type": [
        "visual-relationship"
      ],
      "identifier": "0zdqr"
    },
    {
      "model": "3848a409-5ebe-450d-9ec6-17cc31680475",
      "representedRelationship": "dz2hvvyubhum7ex34gl",
      "waypoints": [],
      "visualSource": "sd9p8",
      "visualTarget": "31c93",
      "type": [
        "visual-relationship"
      ],
      "identifier": "jt54i"
    },
    {
      "model": "3848a409-5ebe-450d-9ec6-17cc31680475",
      "representedRelationship": "kdvr347yscsm7ex3po5",
      "waypoints": [],
      "visualSource": "sd9p8",
      "visualTarget": "v9yg5",
      "type": [
        "visual-relationship"
      ],
      "identifier": "xciqx"
    },
    {
      "model": "3848a409-5ebe-450d-9ec6-17cc31680475",
      "representedRelationship": "0uhovv4n54vcm7ex4c5y",
      "waypoints": [],
      "visualSource": "sd9p8",
      "visualTarget": "v9yg5",
      "type": [
        "visual-relationship"
      ],
      "identifier": "zbiyyl"
    },
    {
      "model": "3848a409-5ebe-450d-9ec6-17cc31680475",
      "representedRelationship": "d12r0t9u3om7ex50iu",
      "waypoints": [],
      "visualSource": "sd9p8",
      "visualTarget": "tikw8",
      "type": [
        "visual-relationship"
      ],
      "identifier": "m8gfk"
    },
    {
      "model": "3848a409-5ebe-450d-9ec6-17cc31680475",
      "representedRelationship": "yy0rw1xxzvsm7ex61mt",
      "waypoints": [],
      "visualSource": "sd9p8",
      "visualTarget": "ke0nh",
      "type": [
        "visual-relationship"
      ],
      "identifier": "2hypa"
    },
    {
      "model": "3848a409-5ebe-450d-9ec6-17cc31680475",
      "representedRelationship": "019fc3c2cj8um7exaosr",
      "waypoints": [],
      "visualSource": "sd9p8",
      "visualTarget": "ke0nh",
      "type": [
        "visual-relationship"
      ],
      "identifier": "w7u5t"
    },
    {
      "model": "3848a409-5ebe-450d-9ec6-17cc31680475",
      "representedRelationship": "qt1l5ts1wam7exmanm",
      "waypoints": [],
      "visualSource": "sd9p8",
      "visualTarget": "yq23k",
      "type": [
        "visual-relationship"
      ],
      "identifier": "eq7iaj"
    },
    {
      "model": "3848a409-5ebe-450d-9ec6-17cc31680475",
      "representedEntity": "xue9xpumctmm7exmpta",
      "position": {
        "x": 990,
        "y": 680
      },
      "content": [],
      "visualModels": [],
      "type": [
        "visual-node"
      ],
      "identifier": "10p8"
    },
    {
      "model": "3848a409-5ebe-450d-9ec6-17cc31680475",
      "representedRelationship": "2yql4k7ktawm7exndnd",
      "waypoints": [],
      "visualSource": "sd9p8",
      "visualTarget": "10p8",
      "type": [
        "visual-relationship"
      ],
      "identifier": "6eg9zi"
    },
    {
      "model": "3848a409-5ebe-450d-9ec6-17cc31680475",
      "representedEntity": "cf6f5mom799m7exnmyz",
      "position": {
        "x": 380,
        "y": 670
      },
      "content": [],
      "visualModels": [],
      "type": [
        "visual-node"
      ],
      "identifier": "mgelef"
    },
    {
      "model": "3848a409-5ebe-450d-9ec6-17cc31680475",
      "representedRelationship": "ga3062mjnj6m7exohju",
      "waypoints": [],
      "visualSource": "sd9p8",
      "visualTarget": "mgelef",
      "type": [
        "visual-relationship"
      ],
      "identifier": "58q08"
    },
    {
      "model": "3848a409-5ebe-450d-9ec6-17cc31680475",
      "representedRelationship": "taad70j399m7exp2d0",
      "waypoints": [],
      "visualSource": "sd9p8",
      "visualTarget": "10p8",
      "type": [
        "visual-relationship"
      ],
      "identifier": "fdcl8"
    },
    {
      "model": "3848a409-5ebe-450d-9ec6-17cc31680475",
      "representedRelationship": "p6hwychsvqm7exphvc",
      "waypoints": [],
      "visualSource": "sd9p8",
      "visualTarget": "10p8",
      "type": [
        "visual-relationship"
      ],
      "identifier": "xuc60i"
    },
    {
      "type": [
        "http://dataspecer.com/resources/local/visual-model"
      ],
      "representedModel": "d5cch",
      "color": "#fc440f",
      "identifier": "yevby"
    },
    {
      "model": "3848a409-5ebe-450d-9ec6-17cc31680475",
      "representedEntity": "sqzk2o510shm7ey0ftn",
      "position": {
        "x": 1570,
        "y": -810
      },
      "content": [],
      "visualModels": [],
      "type": [
        "visual-node"
      ],
      "identifier": "m1odd"
    },
    {
      "model": "3848a409-5ebe-450d-9ec6-17cc31680475",
      "representedEntity": "3jwny4uqqb2m7ey0ntj",
      "position": {
        "x": -460,
        "y": 870
      },
      "content": [],
      "visualModels": [],
      "type": [
        "visual-node"
      ],
      "identifier": "pqwwe"
    },
    {
      "model": "3848a409-5ebe-450d-9ec6-17cc31680475",
      "representedEntity": "skwqtno6rwim7ey16sv",
      "position": {
        "x": -130,
        "y": 980
      },
      "content": [],
      "visualModels": [],
      "type": [
        "visual-node"
      ],
      "identifier": "we669"
    },
    {
      "model": "3848a409-5ebe-450d-9ec6-17cc31680475",
      "representedEntity": "zch5fpjweojm7ey1d6o",
      "position": {
        "x": -670,
        "y": 750
      },
      "content": [],
      "visualModels": [],
      "type": [
        "visual-node"
      ],
      "identifier": "mfewtf"
    },
    {
      "model": "3848a409-5ebe-450d-9ec6-17cc31680475",
      "representedEntity": "yrxpxt1obwnm7ey40v1",
      "position": {
        "x": 2220,
        "y": -1080
      },
      "content": [],
      "visualModels": [],
      "type": [
        "visual-node"
      ],
      "identifier": "2buxf"
    },
    {
      "model": "3848a409-5ebe-450d-9ec6-17cc31680475",
      "representedRelationship": "riw9bpdjlh9m7ey58ps",
      "waypoints": [],
      "visualSource": "r5bn1",
      "visualTarget": "2buxf",
      "type": [
        "visual-relationship"
      ],
      "identifier": "bzbrx"
    },
    {
      "model": "3848a409-5ebe-450d-9ec6-17cc31680475",
      "representedRelationship": "uh64nbak6c8m7ey5zsk",
      "waypoints": [],
      "visualSource": "j9b5n",
      "visualTarget": "2buxf",
      "type": [
        "visual-relationship"
      ],
      "identifier": "6xdbm"
    },
    {
      "type": [
        "http://dataspecer.com/resources/local/visual-model"
      ],
      "representedModel": "3h05c",
      "color": "#fc440f",
      "identifier": "wa4h2"
    },
    {
      "model": "3848a409-5ebe-450d-9ec6-17cc31680475",
      "representedEntity": "89owa7d1vgym7eycqyx",
      "position": {
        "x": 2370,
        "y": 220
      },
      "content": [],
      "visualModels": [],
      "type": [
        "visual-node"
      ],
      "identifier": "wkhzak"
    },
    {
      "model": "3848a409-5ebe-450d-9ec6-17cc31680475",
      "representedRelationship": "iosio2quhzhm7eydq3a",
      "waypoints": [],
      "visualSource": "725y1",
      "visualTarget": "wkhzak",
      "type": [
        "visual-relationship"
      ],
      "identifier": "6dggp"
    },
    {
      "type": [
        "http://dataspecer.com/resources/local/visual-model"
      ],
      "representedModel": "piljx",
      "color": "#8da266",
      "identifier": "kf0h6"
    },
    {
      "model": "3848a409-5ebe-450d-9ec6-17cc31680475",
      "representedEntity": "gxmzkx3d76m7eyfoep",
      "position": {
        "x": 2680,
        "y": -180
      },
      "content": [],
      "visualModels": [],
      "type": [
        "visual-node"
      ],
      "identifier": "79x4p"
    },
    {
      "type": [
        "http://dataspecer.com/resources/local/visual-model"
      ],
      "representedModel": "kol19",
      "color": "#d4f2d2",
      "identifier": "in2lv"
    },
    {
      "model": "3848a409-5ebe-450d-9ec6-17cc31680475",
      "representedRelationship": "e5wdk5q6yndm7eyy8jp",
      "waypoints": [],
      "visualSource": "l8hdmj",
      "visualTarget": "79x4p",
      "type": [
        "visual-relationship"
      ],
      "identifier": "vj6vk"
    },
    {
      "model": "3848a409-5ebe-450d-9ec6-17cc31680475",
      "representedRelationship": "tinybtfe178m7hrcs46",
      "waypoints": [],
      "visualSource": "plfvx",
      "visualTarget": "m1odd",
      "type": [
        "visual-relationship"
      ],
      "identifier": "3o54t"
    },
    {
      "model": "3848a409-5ebe-450d-9ec6-17cc31680475",
      "representedEntity": "8u4md48q4ytm7lihd9c",
      "position": {
        "x": 420,
        "y": 1110
      },
      "content": [
        "3fal2rgid38m7lvoomb"
      ],
      "visualModels": [],
      "type": [
        "visual-node"
      ],
      "identifier": "wqmqeg"
    },
    {
      "model": "3848a409-5ebe-450d-9ec6-17cc31680475",
      "representedEntity": "5cue4nmsoprm7liikcb",
      "position": {
        "x": 380,
        "y": 870
      },
      "content": [],
      "visualModels": [],
      "type": [
        "visual-node"
      ],
      "identifier": "7wppf"
    },
    {
      "model": "3848a409-5ebe-450d-9ec6-17cc31680475",
      "representedRelationship": "r9lmg9gb5sm7lijpyh",
      "waypoints": [],
      "visualSource": "wqmqeg",
      "visualTarget": "7wppf",
      "type": [
        "visual-relationship"
      ],
      "identifier": "81g2s"
    },
    {
      "model": "3848a409-5ebe-450d-9ec6-17cc31680475",
      "representedEntity": "pbdfdcxcsdm7erbcvj",
      "position": {
        "x": -90,
        "y": -810
      },
      "content": [
        "ogf51dd6cmsm7ewddv6",
        "djpmt5swkzvm7oz6rqf",
        "bncg7l8in8m7ewfhgm",
        "4kg5qlblie5m7eweo6g"
      ],
      "visualModels": [],
      "type": [
        "visual-node"
      ],
      "identifier": "mvgw8"
    },
    {
      "model": "3848a409-5ebe-450d-9ec6-17cc31680475",
      "representedRelationship": "aikucdn7rxqm7ewhy8o",
      "waypoints": [],
      "visualSource": "mvgw8",
      "visualTarget": "yq23k",
      "type": [
        "visual-relationship"
      ],
      "identifier": "uuwv8"
    },
    {
      "model": "3848a409-5ebe-450d-9ec6-17cc31680475",
      "representedRelationship": "9rccm0s4054m7ewgwdw",
      "waypoints": [],
      "visualSource": "mvgw8",
      "visualTarget": "plfvx",
      "type": [
        "visual-relationship"
      ],
      "identifier": "ir6ek"
    },
    {
      "model": "3848a409-5ebe-450d-9ec6-17cc31680475",
      "representedRelationship": "x6b1lx74xom7erphow",
      "waypoints": [],
      "visualSource": "uj8j2",
      "visualTarget": "mvgw8",
      "type": [
        "visual-relationship"
      ],
      "identifier": "y36ovk"
    },
    {
      "model": "3848a409-5ebe-450d-9ec6-17cc31680475",
      "representedRelationship": "dwbr33g9fvm7ext7w5",
      "waypoints": [],
      "visualSource": "sd9p8",
      "visualTarget": "wqmqeg",
      "type": [
        "visual-relationship"
      ],
      "identifier": "ecbt2"
    },
    {
      "model": "3848a409-5ebe-450d-9ec6-17cc31680475",
      "representedRelationship": "krpi9bvub6dm7eycjr6",
      "waypoints": [],
      "visualSource": "725y1",
      "visualTarget": "wkhzak",
      "type": [
        "visual-relationship"
      ],
      "identifier": "ongym"
    },
    {
      "model": "3848a409-5ebe-450d-9ec6-17cc31680475",
      "representedRelationship": "6b5dywlrb64m860z060",
      "waypoints": [],
      "visualSource": "xti2ch",
      "visualTarget": "plfvx",
      "type": [
        "visual-relationship"
      ],
      "identifier": "ocodf"
    },
    {
      "model": "3848a409-5ebe-450d-9ec6-17cc31680475",
      "representedEntity": "bdsygccukp8m7ero9sa",
      "position": {
        "x": -400,
        "y": 240
      },
      "content": [],
      "visualModels": [],
      "type": [
        "visual-node"
      ],
      "identifier": "d55ui"
    },
    {
      "model": "3848a409-5ebe-450d-9ec6-17cc31680475",
      "representedRelationship": "okv0tt9ouqim7exz5u7",
      "waypoints": [],
      "visualSource": "d55ui",
      "visualTarget": "xti2ch",
      "type": [
        "visual-relationship"
      ],
      "identifier": "uapfqg"
    },
    {
      "model": "3848a409-5ebe-450d-9ec6-17cc31680475",
      "representedRelationship": "cqrawux8v2pm7exys87",
      "waypoints": [],
      "visualSource": "d55ui",
      "visualTarget": "ke0nh",
      "type": [
        "visual-relationship"
      ],
      "identifier": "l9jtx"
    },
    {
      "model": "3848a409-5ebe-450d-9ec6-17cc31680475",
      "representedRelationship": "xav9ozgatabm7exy2y5",
      "waypoints": [],
      "visualSource": "d55ui",
      "visualTarget": "ke0nh",
      "type": [
        "visual-relationship"
      ],
      "identifier": "q3gnq"
    },
    {
      "model": "3848a409-5ebe-450d-9ec6-17cc31680475",
      "representedRelationship": "jokxboubl7mm7ex9z5v",
      "waypoints": [],
      "visualSource": "sd9p8",
      "visualTarget": "d55ui",
      "type": [
        "visual-relationship"
      ],
      "identifier": "d93z5"
    },
    {
      "model": "3848a409-5ebe-450d-9ec6-17cc31680475",
      "representedRelationship": "sudda2dvvbm7erou20",
      "waypoints": [],
      "visualSource": "uj8j2",
      "visualTarget": "d55ui",
      "type": [
        "visual-relationship"
      ],
      "identifier": "sdw5a"
    },
    {
      "model": "3848a409-5ebe-450d-9ec6-17cc31680475",
      "representedRelationship": "26bzht5dw9dm8610008",
      "waypoints": [],
      "visualSource": "d55ui",
      "visualTarget": "plfvx",
      "type": [
        "visual-relationship"
      ],
      "identifier": "mqbgu"
    },
    {
      "model": "3848a409-5ebe-450d-9ec6-17cc31680475",
      "representedRelationship": "9z3xd36e42tm8610m9p",
      "waypoints": [],
      "visualSource": "cq1fp",
      "visualTarget": "xti2ch",
      "type": [
        "visual-relationship"
      ],
      "identifier": "jvq6k"
    },
    {
      "model": "3848a409-5ebe-450d-9ec6-17cc31680475",
      "representedRelationship": "8ma0u2f87om861197y",
      "waypoints": [],
      "visualSource": "uj8j2",
      "visualTarget": "xti2ch",
      "type": [
        "visual-relationship"
      ],
      "identifier": "igavl"
    }
  ]
}