{
  "iri": "b9a56cd3-6121-4f33-87a6-35485211f2e5",
  "types": [
    "http://dataspecer.com/resources/local/visual-model"
  ],
  "userMetadata": {
    "label": {
      "en": "Main view"
    },
    "description": {
      "en": "View model for the vocabulary"
    }
  },
  "metadata": {
    "creationDate": "2025-02-21T11:39:48.684Z",
    "modificationDate": "2025-04-03T14:33:13.061Z"
  },
  "_version": 1,
  "_exportVersion": 1,
  "_exportedAt": "2025-04-03T14:56:07.463Z",
  "_exportedBy": "http://localhost:3100"
}