{
  "iri": "31c15e62-6f46-4c53-ad4d-cf900421feb6/9c72830f-55aa-4622-aba5-cfdf595e1bc0/5b6d0e9b-0960-41fc-a2c8-ea72bd80115d",
  "types": [
    "https://dataspecer.com/core/model-descriptor/pim-store-wrapper"
  ],
  "userMetadata": {
    "documentBaseUrl": "https://op.europa.eu/documents/3938058/11669184/eli.owl/"
  },
  "metadata": {
    "creationDate": "2025-04-15T08:44:41.548Z",
    "modificationDate": "2025-04-15T08:44:41.847Z"
  },
  "_version": 1,
  "_exportVersion": 1,
  "_exportedAt": "2025-04-15T08:44:56.005Z",
  "_exportedBy": "http://localhost:3100"
}