{
  "iri": "3380f69e-138c-4c8d-b067-316e25615d88/5784bbd8-ca6b-434f-8bf6-4267da54f7ec/5341a006-92ca-4583-9618-ed9f12cd1422",
  "types": [
    "https://dataspecer.com/core/model-descriptor/pim-store-wrapper"
  ],
  "userMetadata": {
    "documentBaseUrl": "https://www.dublincore.org/specifications/dublin-core/dcmi-terms/dublin_core_terms.ttl",
    "label": {
      "en": "dublin_core_terms"
    }
  },
  "metadata": {
    "creationDate": "2025-04-14T14:04:26.258Z",
    "modificationDate": "2025-04-15T08:39:54.198Z"
  },
  "_version": 1,
  "_exportVersion": 1,
  "_exportedAt": "2025-04-15T08:40:32.724Z",
  "_exportedBy": "http://localhost:3100"
}