{
  "iri": "3380f69e-138c-4c8d-b067-316e25615d88/5784bbd8-ca6b-434f-8bf6-4267da54f7ec/82ed6592-3ca6-49bf-98fa-8fc7b75fa569",
  "types": [
    "https://dataspecer.com/core/model-descriptor/pim-store-wrapper"
  ],
  "userMetadata": {
    "documentBaseUrl": "https://semiceu.github.io/Core-Location-Vocabulary/releases/2.00/voc/core-location-ap.ttl",
    "label": {
      "en": "core-location-ap"
    }
  },
  "metadata": {
    "creationDate": "2025-04-14T14:04:26.097Z",
    "modificationDate": "2025-04-15T08:39:54.131Z"
  },
  "_version": 1,
  "_exportVersion": 1,
  "_exportedAt": "2025-04-15T08:40:32.713Z",
  "_exportedBy": "http://localhost:3100"
}