{
  "iri": "3380f69e-138c-4c8d-b067-316e25615d88/5784bbd8-ca6b-434f-8bf6-4267da54f7ec/f8b0be4a-c701-48de-b6e5-facd5ae7aebf",
  "types": [
    "https://dataspecer.com/core/model-descriptor/pim-store-wrapper"
  ],
  "userMetadata": {
    "documentBaseUrl": "https://www.w3.org/ns/legacy_locn.ttl",
    "label": {
      "en": "legacy_locn"
    }
  },
  "metadata": {
    "creationDate": "2025-04-14T14:04:29.673Z",
    "modificationDate": "2025-04-15T08:39:54.462Z"
  },
  "_version": 1,
  "_exportVersion": 1,
  "_exportedAt": "2025-04-15T08:40:32.735Z",
  "_exportedBy": "http://localhost:3100"
}