{
  "iri": "3380f69e-138c-4c8d-b067-316e25615d88/5784bbd8-ca6b-434f-8bf6-4267da54f7ec/profile",
  "types": [
    "http://dataspecer.com/resources/local/semantic-model"
  ],
  "userMetadata": {
    "label": {
      "en": "DCAT Default Application Profile"
    },
    "documentBaseUrl": "https://mff-uk.github.io/specifications/dcat-dap/"
  },
  "metadata": {
    "creationDate": "2025-04-14T14:04:30.860Z",
    "modificationDate": "2025-04-15T08:39:54.670Z"
  },
  "_version": 1,
  "_exportVersion": 1,
  "_exportedAt": "2025-04-15T08:40:32.740Z",
  "_exportedBy": "http://localhost:3100"
}