{
  "iri": "3380f69e-138c-4c8d-b067-316e25615d88",
  "types": [
    "http://dataspecer.com/resources/local/package"
  ],
  "userMetadata": {
    "label": {
      "en": "DCAT-AP 3.0.1 based on DCAT 3 DAP",
      "cs": "DCAT-AP 3.0.1 na základě DCAT 3 DAP"
    },
    "description": {}
  },
  "metadata": {
    "creationDate": "2025-07-15T08:22:18.836Z",
    "modificationDate": "2025-07-17T08:35:38.532Z"
  },
  "_version": 1,
  "_exportVersion": 1,
  "_exportedAt": "2025-07-17T08:36:14.432Z",
  "_exportedBy": "http://localhost:3100"
}