{
  "iri": "6c051c9e-4d0e-4c35-813b-690c6742aad1",
  "types": [
    "http://dataspecer.com/resources/local/semantic-model"
  ],
  "userMetadata": {
    "label": {
      "en": "DCAT-AP based on DCAT-DAP"
    },
    "description": {
      "en": "Semantic model for the profile"
    }
  },
  "metadata": {
    "creationDate": "2025-07-15T08:22:18.954Z",
    "modificationDate": "2025-07-15T08:22:19.071Z"
  },
  "_version": 1,
  "_exportVersion": 1,
  "_exportedAt": "2025-07-17T08:36:14.296Z",
  "_exportedBy": "http://localhost:3100"
}