{
  "identifier": "rr5e6",
  "version": 1,
  "type": "http://dataspecer.com/resources/local/visual-model",
  "entities": [
    {
      "type": [
        "http://dataspecer.com/resources/local/visual-model"
      ],
      "representedModel": "6c051c9e-4d0e-4c35-813b-690c6742aad1",
      "color": "#70d6ff",
      "identifier": "2c8r7"
    },
    {
      "type": [
        "http://dataspecer.com/resources/local/visual-model"
      ],
      "representedModel": "cejud",
      "color": "#1effbc",
      "identifier": "toz5y"
    },
    {
      "type": [
        "http://dataspecer.com/resources/local/visual-model"
      ],
      "representedModel": "okfhw",
      "color": "#e63462",
      "identifier": "n3vcrh"
    },
    {
      "identifier": "rr5e6-model-metadata-entity",
      "type": [
        "entity-model-type"
      ],
      "label": {
        "en": "View"
      }
    },
    {
      "model": "6c051c9e-4d0e-4c35-813b-690c6742aad1",
      "representedEntity": "zoim3eq4hl9m7n8tqa1",
      "position": {
        "x": 1890,
        "y": 1360
      },
      "content": [
        "31f1qa2zrlqm7osadex",
        "0pi06h6zj7o9m7owxqlg",
        "8ailzvtajwm7on3uqo",
        "2tng2rz1w7km7owx1zg",
        "pg1ygd2tf4nm7on10ur",
        "997421r1axm7ncjtgo",
        "cvigd3sgvrpm7w06ny1",
        "yd8z2vjksvdm7ozc63h",
        "4uuiblr69gm7ox85k5"
      ],
      "visualModels": [],
      "type": [
        "visual-node"
      ],
      "identifier": "4wbck"
    },
    {
      "model": "6c051c9e-4d0e-4c35-813b-690c6742aad1",
      "representedRelationship": "0z5thq05e5qm7omybj1",
      "waypoints": [
        {
          "x": 2480,
          "y": 1460,
          "anchored": null
        },
        {
          "x": 2480,
          "y": 1390,
          "anchored": null
        }
      ],
      "visualSource": "4wbck",
      "visualTarget": "4wbck",
      "type": [
        "visual-relationship"
      ],
      "identifier": "hzkrw"
    },
    {
      "model": "6c051c9e-4d0e-4c35-813b-690c6742aad1",
      "representedRelationship": "fn0cblazvifm7nco87z",
      "waypoints": [
        {
          "x": 1700,
          "y": 1510,
          "anchored": null
        },
        {
          "x": 1700,
          "y": 1600,
          "anchored": null
        }
      ],
      "visualSource": "4wbck",
      "visualTarget": "4wbck",
      "type": [
        "visual-relationship"
      ],
      "identifier": "h338w"
    },
    {
      "model": "6c051c9e-4d0e-4c35-813b-690c6742aad1",
      "representedEntity": "guif2je1xcbm7on4kfg",
      "position": {
        "x": 1770,
        "y": 1040
      },
      "content": [
        "7rjmygcs8nbm7on5qtx"
      ],
      "visualModels": [],
      "type": [
        "visual-node"
      ],
      "identifier": "sozsj"
    },
    {
      "model": "6c051c9e-4d0e-4c35-813b-690c6742aad1",
      "representedRelationship": "0xtlfkvp8wgm7on6vcy",
      "waypoints": [],
      "visualSource": "4wbck",
      "visualTarget": "sozsj",
      "type": [
        "visual-relationship"
      ],
      "identifier": "hcjz9"
    },
    {
      "model": "6c051c9e-4d0e-4c35-813b-690c6742aad1",
      "representedEntity": "yuzslylve9m7n8txgg",
      "position": {
        "x": 2540,
        "y": 940
      },
      "content": [
        "ulngxuqgguqm7otk946",
        "0llrr9j76ebm7otmqf0",
        "17om52kp9dnm7oxd4ys",
        "c9mn4o3unhm7ottwev",
        "mbu3y4agso9m7othj37",
        "7aepzgquoehm7otnflt",
        "iem27a9iycm7oxe023",
        "ujbkbo3vbum7otpnbv",
        "t5wb7smh0jgm7ot6i9u",
        "ds4ejxplwt9m7ot58k9",
        "eza72qsbm7ozfa1r",
        "znd4as3dwaam7otoi5k",
        "s87xp1lrbom7otlhro"
      ],
      "visualModels": [],
      "type": [
        "visual-node"
      ],
      "identifier": "1zqxgj"
    },
    {
      "model": "6c051c9e-4d0e-4c35-813b-690c6742aad1",
      "representedRelationship": "ddn9qy7sifwm7otqndc",
      "waypoints": [],
      "visualSource": "1zqxgj",
      "visualTarget": "sozsj",
      "type": [
        "visual-relationship"
      ],
      "identifier": "t08dd"
    },
    {
      "model": "6c051c9e-4d0e-4c35-813b-690c6742aad1",
      "representedRelationship": "f9d7aodvqklm7os836f",
      "waypoints": [
        {
          "x": 2200,
          "y": 1250,
          "anchored": null
        }
      ],
      "visualSource": "4wbck",
      "visualTarget": "1zqxgj",
      "type": [
        "visual-relationship"
      ],
      "identifier": "hh9gy"
    },
    {
      "model": "6c051c9e-4d0e-4c35-813b-690c6742aad1",
      "representedEntity": "20fkvav281ym7n8u85l",
      "position": {
        "x": 3360,
        "y": 1090
      },
      "content": [],
      "visualModels": [],
      "type": [
        "visual-node"
      ],
      "identifier": "vk26hj"
    },
    {
      "model": "6c051c9e-4d0e-4c35-813b-690c6742aad1",
      "representedRelationship": "thyu390v71jm91ijx2f",
      "waypoints": [],
      "visualSource": "1zqxgj",
      "visualTarget": "vk26hj",
      "type": [
        "visual-relationship"
      ],
      "identifier": "kjwqw"
    },
    {
      "model": "6c051c9e-4d0e-4c35-813b-690c6742aad1",
      "representedEntity": "1scx2ocw9sam7nas754",
      "position": {
        "x": 2540,
        "y": 2490
      },
      "content": [
        "r1fd5svhjzm7nbecel",
        "da9q6d0mdhbm7nb9lid"
      ],
      "visualModels": [],
      "type": [
        "visual-node"
      ],
      "identifier": "d9r12"
    },
    {
      "model": "6c051c9e-4d0e-4c35-813b-690c6742aad1",
      "representedRelationship": "kwmxcvzimehm7otrjba",
      "waypoints": [
        {
          "x": 2760,
          "y": 740,
          "anchored": null
        },
        {
          "x": 1560,
          "y": 740,
          "anchored": null
        },
        {
          "x": 1560,
          "y": 2600,
          "anchored": null
        }
      ],
      "visualSource": "1zqxgj",
      "visualTarget": "d9r12",
      "type": [
        "visual-relationship"
      ],
      "identifier": "l33l6"
    },
    {
      "model": "6c051c9e-4d0e-4c35-813b-690c6742aad1",
      "representedRelationship": "t5pqkij572pm7ornhcg",
      "waypoints": [
        {
          "x": 1960,
          "y": 2510,
          "anchored": null
        }
      ],
      "visualSource": "4wbck",
      "visualTarget": "d9r12",
      "type": [
        "visual-relationship"
      ],
      "identifier": "4wsg"
    },
    {
      "model": "6c051c9e-4d0e-4c35-813b-690c6742aad1",
      "representedRelationship": "u9w0gdprf1m7ncrm0t",
      "waypoints": [
        {
          "x": 1900,
          "y": 2560,
          "anchored": null
        }
      ],
      "visualSource": "4wbck",
      "visualTarget": "d9r12",
      "type": [
        "visual-relationship"
      ],
      "identifier": "nrkkn"
    },
    {
      "model": "6c051c9e-4d0e-4c35-813b-690c6742aad1",
      "representedEntity": "2xuxg7xnkcem7orxmst",
      "position": {
        "x": 2530,
        "y": 2020
      },
      "content": [
        "ejr0snn1x7hm7p4u3va",
        "8yrlre1l6jqm7p4ts0u",
        "03uajt7nhj94m7p4s95i",
        "n8ohqw59anim7p4siev"
      ],
      "visualModels": [],
      "type": [
        "visual-node"
      ],
      "identifier": "s5tfmh"
    },
    {
      "model": "6c051c9e-4d0e-4c35-813b-690c6742aad1",
      "representedRelationship": "pw0se0lu1iem7os96tp",
      "waypoints": [
        {
          "x": 2110,
          "y": 2100,
          "anchored": null
        }
      ],
      "visualSource": "4wbck",
      "visualTarget": "s5tfmh",
      "type": [
        "visual-relationship"
      ],
      "identifier": "bocmr"
    },
    {
      "model": "6c051c9e-4d0e-4c35-813b-690c6742aad1",
      "representedEntity": "ketrrzwrqtqm7olj9yn",
      "position": {
        "x": 2550,
        "y": 1690
      },
      "content": [
        "ku541nw1atlm7oznbjx",
        "4r9wkr9nj97m7ozmz2c",
        "8xa9c85xbh4m7ozo9ux"
      ],
      "visualModels": [],
      "type": [
        "visual-node"
      ],
      "identifier": "6jfek"
    },
    {
      "model": "6c051c9e-4d0e-4c35-813b-690c6742aad1",
      "representedRelationship": "tnec9us08xcm7olkv69",
      "waypoints": [
        {
          "x": 2300,
          "y": 1780,
          "anchored": null
        }
      ],
      "visualSource": "4wbck",
      "visualTarget": "6jfek",
      "type": [
        "visual-relationship"
      ],
      "identifier": "aaumu"
    },
    {
      "model": "6c051c9e-4d0e-4c35-813b-690c6742aad1",
      "representedEntity": "wl0y2ix9vpgm7n8tuwx",
      "position": {
        "x": 2540,
        "y": 1380
      },
      "content": [
        "lzqrahpd9fim7oseet7",
        "9monf4q4bm7osdff1",
        "jn65i0hlv2m7ox9ehc",
        "fccyw3w32v9m7ozei74",
        "er4dv45l865m7osvhlu",
        "ux2zsi4xmpm7oxarqm",
        "irkf4p0ebhm7oxa41x"
      ],
      "visualModels": [],
      "type": [
        "visual-node"
      ],
      "identifier": "kxevb"
    },
    {
      "model": "6c051c9e-4d0e-4c35-813b-690c6742aad1",
      "representedRelationship": "ud4bwz7fhqm7osyu06",
      "waypoints": [
        {
          "x": 2390,
          "y": 1620,
          "anchored": null
        },
        {
          "x": 2390,
          "y": 1560,
          "anchored": null
        }
      ],
      "visualSource": "kxevb",
      "visualTarget": "kxevb",
      "type": [
        "visual-relationship"
      ],
      "identifier": "os1g"
    },
    {
      "model": "6c051c9e-4d0e-4c35-813b-690c6742aad1",
      "representedRelationship": "mx9dm4hpvfm7osx5mo",
      "waypoints": [
        {
          "x": 3450,
          "y": 1440,
          "anchored": null
        }
      ],
      "visualSource": "kxevb",
      "visualTarget": "vk26hj",
      "type": [
        "visual-relationship"
      ],
      "identifier": "6i9s9"
    },
    {
      "model": "6c051c9e-4d0e-4c35-813b-690c6742aad1",
      "representedRelationship": "4242zkz5bw8m7orpoov",
      "waypoints": [],
      "visualSource": "4wbck",
      "visualTarget": "kxevb",
      "type": [
        "visual-relationship"
      ],
      "identifier": "21rpdh"
    },
    {
      "model": "6c051c9e-4d0e-4c35-813b-690c6742aad1",
      "representedEntity": "jtw259sgvfm7n8tzri",
      "position": {
        "x": 3690,
        "y": 1520
      },
      "content": [
        "klaoz03kq4gm7oxor7e",
        "vsi8rkvwixm7oyccp8",
        "80b1km0akbkm7oxjg4m",
        "r0lzk2hhiem7oxvapq",
        "fon9z9gmhtm7oy4o6u",
        "wnr9aqo0dhem7oy6exc",
        "ov7jtdwtkcqm7oyblbu",
        "e2cqskzxv75m7otz64x",
        "betoqxc7k3nm7otyjw2",
        "lfi086hvzrm7oyw3d1",
        "hvkxqsgdym5m7ousepf",
        "0i72i7lewabm7oxgp3e",
        "pnmbve4dgnfm91j5n1x",
        "1eja6qe7lklm7oxyym0",
        "5hzmeggh6zmm7oxk7no",
        "zao6fn6l6ugm7oxnj1n",
        "humpwrutmv4m7oxq20l",
        "y5nwrmbzwtsm7oxw12l",
        "pw97ei4fmcm7oyarzq",
        "9n815usyjarm7u9iczy",
        "6fuz2kmnf07m7oxsp4i",
        "lxwmynv1q3m7p10s8s",
        "u6hs84ef8wem7out1xw",
        "i1519m8p6aim7oxi8j5",
        "fc1697766hqm7oy8p0m",
        "9a4qgp99vepm7ozfwq5",
        "jxtne7qi2kam7oy9f3i"
      ],
      "visualModels": [],
      "type": [
        "visual-node"
      ],
      "identifier": "16vdr"
    },
    {
      "model": "6c051c9e-4d0e-4c35-813b-690c6742aad1",
      "representedRelationship": "y5zds80a2pmm7oyy6hs",
      "waypoints": [],
      "visualSource": "16vdr",
      "visualTarget": "6jfek",
      "type": [
        "visual-relationship"
      ],
      "identifier": "f79m0f"
    },
    {
      "model": "6c051c9e-4d0e-4c35-813b-690c6742aad1",
      "representedRelationship": "jojktv3p5idm7oy5jqb",
      "waypoints": [],
      "visualSource": "16vdr",
      "visualTarget": "s5tfmh",
      "type": [
        "visual-relationship"
      ],
      "identifier": "eu2fzh"
    },
    {
      "model": "6c051c9e-4d0e-4c35-813b-690c6742aad1",
      "representedRelationship": "7ile16tzbafm7oy0j95",
      "waypoints": [
        {
          "x": 3450,
          "y": 1960,
          "anchored": null
        },
        {
          "x": 3450,
          "y": 2040,
          "anchored": null
        }
      ],
      "visualSource": "16vdr",
      "visualTarget": "16vdr",
      "type": [
        "visual-relationship"
      ],
      "identifier": "4l4a6l"
    },
    {
      "model": "6c051c9e-4d0e-4c35-813b-690c6742aad1",
      "representedRelationship": "oeruljxrsym7oxqmpe",
      "waypoints": [
        {
          "x": 3910,
          "y": 2360,
          "anchored": null
        },
        {
          "x": 2750,
          "y": 2360,
          "anchored": null
        }
      ],
      "visualSource": "16vdr",
      "visualTarget": "d9r12",
      "type": [
        "visual-relationship"
      ],
      "identifier": "qruee"
    },
    {
      "model": "6c051c9e-4d0e-4c35-813b-690c6742aad1",
      "representedRelationship": "5qqrpxw2huhm7outtcu",
      "waypoints": [
        {
          "x": 3970,
          "y": 2410,
          "anchored": null
        },
        {
          "x": 2850,
          "y": 2410,
          "anchored": null
        }
      ],
      "visualSource": "16vdr",
      "visualTarget": "d9r12",
      "type": [
        "visual-relationship"
      ],
      "identifier": "xdy0v"
    },
    {
      "model": "6c051c9e-4d0e-4c35-813b-690c6742aad1",
      "representedRelationship": "nxm2qgo9f7jm7ott25x",
      "waypoints": [
        {
          "x": 3920,
          "y": 1300,
          "anchored": null
        }
      ],
      "visualSource": "1zqxgj",
      "visualTarget": "16vdr",
      "type": [
        "visual-relationship"
      ],
      "identifier": "x92jn"
    },
    {
      "model": "6c051c9e-4d0e-4c35-813b-690c6742aad1",
      "representedRelationship": "f9urusuuzjm7ncsoo0",
      "waypoints": [
        {
          "x": 2250,
          "y": 1880,
          "anchored": null
        }
      ],
      "visualSource": "4wbck",
      "visualTarget": "16vdr",
      "type": [
        "visual-relationship"
      ],
      "identifier": "2at9q"
    },
    {
      "model": "6c051c9e-4d0e-4c35-813b-690c6742aad1",
      "representedRelationship": "bdajc45xevam91jg2zg",
      "waypoints": [],
      "visualSource": "16vdr",
      "visualTarget": "vk26hj",
      "type": [
        "visual-relationship"
      ],
      "identifier": "78n9y"
    },
    {
      "model": "6c051c9e-4d0e-4c35-813b-690c6742aad1",
      "representedRelationship": "p5jetw0nlosm91ji2gx",
      "waypoints": [
        {
          "x": 3480,
          "y": 1640
        },
        {
          "x": 3480,
          "y": 1720
        }
      ],
      "visualSource": "16vdr",
      "visualTarget": "16vdr",
      "type": [
        "visual-relationship"
      ],
      "identifier": "xjduv"
    },
    {
      "model": "6c051c9e-4d0e-4c35-813b-690c6742aad1",
      "representedEntity": "1sqn8btjk37m7n8u2ey",
      "position": {
        "x": 4410,
        "y": 2380
      },
      "content": [
        "f09yoxk3ih5m7oyuelc",
        "x70pjp30auom7oytmn5",
        "vx7a138mezm7oywmp1",
        "7penjkfwwx5m7ozjpg2",
        "4oiekit2b0bm7ozi31c",
        "b06lxolntxm7oyyvt9",
        "3tzoh10yemdm7ozksmk",
        "0jge9kc03f0rm7ozldby",
        "4jt31s9zdmcm7ozgjrv"
      ],
      "visualModels": [],
      "type": [
        "visual-node"
      ],
      "identifier": "vdm64"
    },
    {
      "model": "6c051c9e-4d0e-4c35-813b-690c6742aad1",
      "representedRelationship": "y47yiklymom7ozivy6",
      "waypoints": [],
      "visualSource": "vdm64",
      "visualTarget": "d9r12",
      "type": [
        "visual-relationship"
      ],
      "identifier": "95pefg"
    },
    {
      "model": "6c051c9e-4d0e-4c35-813b-690c6742aad1",
      "representedRelationship": "zmgffe6qh4m7ovtn3j",
      "waypoints": [
        {
          "x": 4030,
          "y": 2490,
          "anchored": null
        }
      ],
      "visualSource": "16vdr",
      "visualTarget": "vdm64",
      "type": [
        "visual-relationship"
      ],
      "identifier": "iyxww"
    },
    {
      "model": "6c051c9e-4d0e-4c35-813b-690c6742aad1",
      "representedRelationship": "dqwreruwmaam91jkzto",
      "waypoints": [
        {
          "x": 4440,
          "y": 1120,
          "anchored": null
        }
      ],
      "visualSource": "vdm64",
      "visualTarget": "vk26hj",
      "type": [
        "visual-relationship"
      ],
      "identifier": "87z6yf"
    },
    {
      "model": "6c051c9e-4d0e-4c35-813b-690c6742aad1",
      "representedEntity": "f9yy8onwfdm7n8u4bg",
      "position": {
        "x": 4420,
        "y": 1330
      },
      "content": [
        "neqj0u3oqwm7p5j3ve",
        "3hfzx46zh9lm7p5040u",
        "6l20y7df3urm7p52f1h",
        "q3b1bkj0k6bm7p54vrt",
        "obbchoft1zhm7p5czdj",
        "4pz00bwdwnm7p5hl1a",
        "wago2l375bnm7p5f5ry",
        "t8xs6owg7lm7p5fjgq",
        "3zob9vbptz4m7p4yrwi",
        "bdb40r0878sm7p5c8p3",
        "al1my8wv7ram7p5eivu",
        "mzutefwtbkgm7p57gah",
        "zdrzk1h9ukm7p5dqp4",
        "94nl7zj08xm7p5id7f",
        "5wdgfoiv08jm7p5g1r2",
        "r2zvm0apt1m7p545ef",
        "23jdilsqbmnm7p569qs",
        "ewunoh4vnn8m7p51ame",
        "gaya7u5zg38m7p4y7yj",
        "2f1589jwxc5m7p4zb65",
        "e9b8a31phw6m7p535w5",
        "zh2obvsvhnnm7p55jog"
      ],
      "visualModels": [],
      "type": [
        "visual-node"
      ],
      "identifier": "hzubi"
    },
    {
      "model": "6c051c9e-4d0e-4c35-813b-690c6742aad1",
      "representedRelationship": "re5pckqfw5jm7p585bd",
      "waypoints": [
        {
          "x": 4630,
          "y": 710,
          "anchored": null
        },
        {
          "x": 2000,
          "y": 710,
          "anchored": null
        }
      ],
      "visualSource": "hzubi",
      "visualTarget": "sozsj",
      "type": [
        "visual-relationship"
      ],
      "identifier": "gq036j"
    },
    {
      "model": "6c051c9e-4d0e-4c35-813b-690c6742aad1",
      "representedRelationship": "um5axvbeopcm7p4xhkc",
      "waypoints": [
        {
          "x": 4500,
          "y": 980,
          "anchored": null
        }
      ],
      "visualSource": "hzubi",
      "visualTarget": "1zqxgj",
      "type": [
        "visual-relationship"
      ],
      "identifier": "xczjg"
    },
    {
      "model": "6c051c9e-4d0e-4c35-813b-690c6742aad1",
      "representedRelationship": "qoqbapxycuem7oxzujc",
      "waypoints": [],
      "visualSource": "16vdr",
      "visualTarget": "hzubi",
      "type": [
        "visual-relationship"
      ],
      "identifier": "tyv0c"
    },
    {
      "model": "6c051c9e-4d0e-4c35-813b-690c6742aad1",
      "representedRelationship": "3rjpmrfgaojm7ouurh6",
      "waypoints": [
        {
          "x": 4180,
          "y": 1870,
          "anchored": null
        }
      ],
      "visualSource": "16vdr",
      "visualTarget": "hzubi",
      "type": [
        "visual-relationship"
      ],
      "identifier": "ud2na"
    },
    {
      "type": [
        "http://dataspecer.com/resources/local/visual-model"
      ],
      "representedModel": "3380f69e-138c-4c8d-b067-316e25615d88/5784bbd8-ca6b-434f-8bf6-4267da54f7ec/8c1eb2e8-d0e7-44b1-8042-ba58ac230032",
      "color": "#70d6ff",
      "identifier": "0betxj"
    },
    {
      "type": [
        "http://dataspecer.com/resources/local/visual-model"
      ],
      "representedModel": "3380f69e-138c-4c8d-b067-316e25615d88/5784bbd8-ca6b-434f-8bf6-4267da54f7ec/909b9cd2-b3a7-410c-a63d-b36ded1ccdea",
      "color": "#b4e33d",
      "identifier": "zlqji"
    },
    {
      "type": [
        "http://dataspecer.com/resources/local/visual-model"
      ],
      "representedModel": "3380f69e-138c-4c8d-b067-316e25615d88/5784bbd8-ca6b-434f-8bf6-4267da54f7ec/fdbb88ad-bf28-4ad1-95e0-208aadf37e0c",
      "color": "#ffb770",
      "identifier": "5gmw"
    },
    {
      "type": [
        "http://dataspecer.com/resources/local/visual-model"
      ],
      "representedModel": "3380f69e-138c-4c8d-b067-316e25615d88/5784bbd8-ca6b-434f-8bf6-4267da54f7ec/960ffc1e-ca35-4ba9-9f5e-d03b36322c1e",
      "color": "#b8a3d3",
      "identifier": "jj4k8"
    },
    {
      "type": [
        "http://dataspecer.com/resources/local/visual-model"
      ],
      "representedModel": "3380f69e-138c-4c8d-b067-316e25615d88/5784bbd8-ca6b-434f-8bf6-4267da54f7ec/0060c003-662a-4334-ae70-af2bf2bc6c1d",
      "color": "#ffb770",
      "identifier": "8zogel"
    },
    {
      "type": [
        "http://dataspecer.com/resources/local/visual-model"
      ],
      "representedModel": "3380f69e-138c-4c8d-b067-316e25615d88/5784bbd8-ca6b-434f-8bf6-4267da54f7ec/82ed6592-3ca6-49bf-98fa-8fc7b75fa569",
      "color": "#ffd670",
      "identifier": "oaneo"
    },
    {
      "type": [
        "http://dataspecer.com/resources/local/visual-model"
      ],
      "representedModel": "3380f69e-138c-4c8d-b067-316e25615d88/5784bbd8-ca6b-434f-8bf6-4267da54f7ec/5341a006-92ca-4583-9618-ed9f12cd1422",
      "color": "#70d6ff",
      "identifier": "2dh"
    },
    {
      "type": [
        "http://dataspecer.com/resources/local/visual-model"
      ],
      "representedModel": "3380f69e-138c-4c8d-b067-316e25615d88/5784bbd8-ca6b-434f-8bf6-4267da54f7ec/0295df51-acb5-4697-85ab-a984df286d30",
      "color": "#ff9770",
      "identifier": "q2gep"
    },
    {
      "type": [
        "http://dataspecer.com/resources/local/visual-model"
      ],
      "representedModel": "3380f69e-138c-4c8d-b067-316e25615d88/5784bbd8-ca6b-434f-8bf6-4267da54f7ec/b5da7e00-3302-4303-b6e7-59d6d95c425f",
      "color": "#8fab5c",
      "identifier": "esz23h"
    },
    {
      "type": [
        "http://dataspecer.com/resources/local/visual-model"
      ],
      "representedModel": "3380f69e-138c-4c8d-b067-316e25615d88/5784bbd8-ca6b-434f-8bf6-4267da54f7ec/104be003-abf1-4b0b-990f-9228b5437f93",
      "color": "#ff848b",
      "identifier": "x96xnj"
    },
    {
      "type": [
        "http://dataspecer.com/resources/local/visual-model"
      ],
      "representedModel": "3380f69e-138c-4c8d-b067-316e25615d88/5784bbd8-ca6b-434f-8bf6-4267da54f7ec/f8b0be4a-c701-48de-b6e5-facd5ae7aebf",
      "color": "#1effbc",
      "identifier": "ouw5d"
    },
    {
      "type": [
        "http://dataspecer.com/resources/local/visual-model"
      ],
      "representedModel": "3380f69e-138c-4c8d-b067-316e25615d88/5784bbd8-ca6b-434f-8bf6-4267da54f7ec/65a712dc-bc6a-44d6-97fd-66ef6c47bb76",
      "color": "#ff9770",
      "identifier": "l728j"
    },
    {
      "type": [
        "http://dataspecer.com/resources/local/visual-model"
      ],
      "representedModel": "3380f69e-138c-4c8d-b067-316e25615d88/5784bbd8-ca6b-434f-8bf6-4267da54f7ec/4b9b058b-e1e8-4a31-9e61-59954e72a415",
      "color": "#d4f2d2",
      "identifier": "127dwk"
    },
    {
      "type": [
        "http://dataspecer.com/resources/local/visual-model"
      ],
      "representedModel": "3380f69e-138c-4c8d-b067-316e25615d88/5784bbd8-ca6b-434f-8bf6-4267da54f7ec/profile",
      "color": "#b8d6b8",
      "identifier": "8urq2"
    },
    {
      "model": "6c051c9e-4d0e-4c35-813b-690c6742aad1",
      "representedEntity": "t6zsav79kwm7nclbbz",
      "position": {
        "x": 4950,
        "y": 1970
      },
      "content": [],
      "visualModels": [],
      "type": [
        "visual-node"
      ],
      "identifier": "yoq1r"
    },
    {
      "model": "6c051c9e-4d0e-4c35-813b-690c6742aad1",
      "representedEntity": "dfif61p5qfam7p4rcti",
      "position": {
        "x": 4950,
        "y": 2110
      },
      "content": [],
      "visualModels": [],
      "type": [
        "visual-node"
      ],
      "identifier": "axb52"
    },
    {
      "model": "6c051c9e-4d0e-4c35-813b-690c6742aad1",
      "representedEntity": "ueda1xqkg5om7os3vzh",
      "position": {
        "x": 4950,
        "y": 2250
      },
      "content": [],
      "visualModels": [],
      "type": [
        "visual-node"
      ],
      "identifier": "g637y"
    }
  ]
}