{
  "iri": "3380f69e-138c-4c8d-b067-316e25615d88/0ad54d77-c83b-4be2-922f-a45bc31318be",
  "types": [
    "http://dataspecer.com/resources/local/package"
  ],
  "userMetadata": {
    "label": {
      "en": "DCAT 3 Default Application Profile",
      "cs": "Výchozí aplikační profil DCAT 3"
    },
    "description": {},
    "importedFromUrl": "https://mff-uk.github.io/specifications/dcat-dap/",
    "documentBaseUrl": "https://mff-uk.github.io/specifications/dcat-dap/"
  },
  "metadata": {
    "creationDate": "2025-04-29T06:26:26.341Z",
    "modificationDate": "2025-05-01T07:22:01.017Z"
  },
  "_version": 1,
  "_exportVersion": 1,
  "_exportedAt": "2025-05-01T07:31:20.780Z",
  "_exportedBy": "http://localhost:3100"
}