{
  "iri": "3380f69e-138c-4c8d-b067-316e25615d88/0ad54d77-c83b-4be2-922f-a45bc31318be/063dc114-a3ab-4001-8b40-2b61d7e1d670",
  "types": [
    "https://dataspecer.com/core/model-descriptor/pim-store-wrapper"
  ],
  "userMetadata": {
    "documentBaseUrl": "https://www.w3.org/ns/legacy_adms",
    "label": {
      "en": "legacy_adms"
    }
  },
  "metadata": {
    "creationDate": "2025-04-29T06:26:29.084Z",
    "modificationDate": "2025-05-01T07:22:00.722Z"
  },
  "_version": 1,
  "_exportVersion": 1,
  "_exportedAt": "2025-05-01T07:31:20.754Z",
  "_exportedBy": "http://localhost:3100"
}