{
  "iri": "3380f69e-138c-4c8d-b067-316e25615d88/0ad54d77-c83b-4be2-922f-a45bc31318be/24171ce8-a25d-4d53-8ac2-65a7dd9d5630",
  "types": [
    "https://dataspecer.com/core/model-descriptor/pim-store-wrapper"
  ],
  "userMetadata": {
    "documentBaseUrl": "https://datagov-cz.github.io/cache-slovniku/foaf.ttl",
    "label": {
      "en": "foaf"
    }
  },
  "metadata": {
    "creationDate": "2025-04-29T06:26:26.547Z",
    "modificationDate": "2025-05-01T06:44:50.994Z"
  },
  "_version": 1,
  "_exportVersion": 1,
  "_exportedAt": "2025-05-01T06:45:25.513Z",
  "_exportedBy": "http://localhost:3100"
}