{
  "iri": "3380f69e-138c-4c8d-b067-316e25615d88/0ad54d77-c83b-4be2-922f-a45bc31318be/691eb9bb-8811-451d-998a-171cd202bb13",
  "types": [
    "https://dataspecer.com/core/model-descriptor/pim-store-wrapper"
  ],
  "userMetadata": {
    "documentBaseUrl": "https://www.w3.org/ns/prov-o",
    "label": {
      "en": "prov-o"
    }
  },
  "metadata": {
    "creationDate": "2025-04-29T06:26:30.080Z",
    "modificationDate": "2025-05-01T06:44:51.790Z"
  },
  "_version": 1,
  "_exportVersion": 1,
  "_exportedAt": "2025-05-01T06:45:25.561Z",
  "_exportedBy": "http://localhost:3100"
}