{
  "iri": "3380f69e-138c-4c8d-b067-316e25615d88/0ad54d77-c83b-4be2-922f-a45bc31318be/b1b717fe-5f83-4dbd-b881-ab5b04a9a37d",
  "types": [
    "https://dataspecer.com/core/model-descriptor/pim-store-wrapper"
  ],
  "userMetadata": {
    "documentBaseUrl": "https://www.dublincore.org/specifications/dublin-core/dcmi-terms/dublin_core_terms.ttl",
    "label": {
      "en": "dublin_core_terms"
    }
  },
  "metadata": {
    "creationDate": "2025-04-29T06:26:28.042Z",
    "modificationDate": "2025-04-29T06:26:28.133Z"
  },
  "_version": 1,
  "_exportVersion": 1,
  "_exportedAt": "2025-04-29T06:30:41.571Z",
  "_exportedBy": "http://localhost:3100"
}