{
  "iri": "3380f69e-138c-4c8d-b067-316e25615d88/0ad54d77-c83b-4be2-922f-a45bc31318be/e8af5a2d-5dac-436a-82e8-f8bd3691813d",
  "types": [
    "https://dataspecer.com/core/model-descriptor/pim-store-wrapper"
  ],
  "userMetadata": {
    "documentBaseUrl": "https://datagov-cz.github.io/cache-slovniku/spdx-ontology.2.3.1.ttl",
    "label": {
      "en": "spdx-ontology"
    }
  },
  "metadata": {
    "creationDate": "2025-04-29T06:26:27.331Z",
    "modificationDate": "2025-05-01T06:44:51.187Z"
  },
  "_version": 1,
  "_exportVersion": 1,
  "_exportedAt": "2025-05-01T06:45:25.540Z",
  "_exportedBy": "http://localhost:3100"
}