{
  "iri": "3380f69e-138c-4c8d-b067-316e25615d88",
  "types": [
    "http://dataspecer.com/resources/local/package"
  ],
  "userMetadata": {
    "label": {
      "en": "DCAT-AP 3.0.0 based on DCAT 3 DAP",
      "cs": "DCAT-AP 3.0.0 na základě DCAT 3 DAP"
    },
    "description": {}
  },
  "metadata": {
    "creationDate": "2025-03-07T10:39:18.137Z",
    "modificationDate": "2025-05-13T10:59:05.270Z"
  },
  "_version": 1,
  "_exportVersion": 1,
  "_exportedAt": "2025-05-13T10:59:25.814Z",
  "_exportedBy": "http://localhost:3100"
}