{
  "iri": "3380f69e-138c-4c8d-b067-316e25615d88/780d2bd9-61d5-49bc-8632-97ca848a399f",
  "types": [
    "http://dataspecer.com/resources/local/package"
  ],
  "userMetadata": {
    "label": {
      "en": "DCAT 3 Default Application Profile",
      "cs": "Výchozí aplikační profil DCAT 3"
    },
    "description": {},
    "importedFromUrl": "https://mff-uk.github.io/specifications/dcat-dap/",
    "documentBaseUrl": "https://mff-uk.github.io/specifications/dcat-dap/"
  },
  "metadata": {
    "creationDate": "2025-07-15T07:59:10.620Z",
    "modificationDate": "2025-07-15T07:59:12.602Z"
  },
  "_version": 1,
  "_exportVersion": 1,
  "_exportedAt": "2025-07-15T08:06:36.343Z",
  "_exportedBy": "http://localhost:3100"
}