{
  "iri": "3380f69e-138c-4c8d-b067-316e25615d88/780d2bd9-61d5-49bc-8632-97ca848a399f/0c68c79f-6238-4631-adfe-544a9227c1b7",
  "types": [
    "https://dataspecer.com/core/model-descriptor/pim-store-wrapper"
  ],
  "userMetadata": {
    "documentBaseUrl": "https://datagov-cz.github.io/cache-slovniku/skos.rdf",
    "label": {
      "en": "skos"
    }
  },
  "metadata": {
    "creationDate": "2025-07-15T08:22:19.544Z",
    "modificationDate": "2025-07-15T08:22:19.637Z"
  },
  "_version": 1,
  "_exportVersion": 1,
  "_exportedAt": "2025-07-15T08:22:47.767Z",
  "_exportedBy": "http://localhost:3100"
}