{
  "iri": "3380f69e-138c-4c8d-b067-316e25615d88/780d2bd9-61d5-49bc-8632-97ca848a399f/1958fca6-902d-467f-bc99-a8d1f92e1026",
  "types": [
    "https://dataspecer.com/core/model-descriptor/pim-store-wrapper"
  ],
  "userMetadata": {
    "documentBaseUrl": "https://datagov-cz.github.io/cache-slovniku/time.ttl",
    "label": {
      "en": "time"
    }
  },
  "metadata": {
    "creationDate": "2025-07-15T08:22:19.721Z",
    "modificationDate": "2025-07-15T08:22:19.814Z"
  },
  "_version": 1,
  "_exportVersion": 1,
  "_exportedAt": "2025-07-15T08:22:47.769Z",
  "_exportedBy": "http://localhost:3100"
}