{
  "iri": "3380f69e-138c-4c8d-b067-316e25615d88/780d2bd9-61d5-49bc-8632-97ca848a399f/b5a4b140-4cea-43c8-acc3-0b3bd00ea44f",
  "types": [
    "https://dataspecer.com/core/model-descriptor/pim-store-wrapper"
  ],
  "userMetadata": {
    "documentBaseUrl": "https://www.w3.org/ns/legacy_locn.ttl",
    "label": {
      "en": "legacy_locn"
    }
  },
  "metadata": {
    "creationDate": "2025-07-15T08:22:21.034Z",
    "modificationDate": "2025-07-15T08:22:21.105Z"
  },
  "_version": 1,
  "_exportVersion": 1,
  "_exportedAt": "2025-07-15T08:22:47.800Z",
  "_exportedBy": "http://localhost:3100"
}