{
  "iri": "3380f69e-138c-4c8d-b067-316e25615d88/780d2bd9-61d5-49bc-8632-97ca848a399f/d74260a0-3be4-4f36-8611-b6dc0193dda7",
  "types": [
    "https://dataspecer.com/core/model-descriptor/pim-store-wrapper"
  ],
  "userMetadata": {
    "documentBaseUrl": "https://datagov-cz.github.io/cache-slovniku/foaf.ttl",
    "label": {
      "en": "foaf"
    }
  },
  "metadata": {
    "creationDate": "2025-07-15T07:59:12.396Z",
    "modificationDate": "2025-07-15T07:59:12.466Z"
  },
  "_version": 1,
  "_exportVersion": 1,
  "_exportedAt": "2025-07-15T08:06:36.335Z",
  "_exportedBy": "http://localhost:3100"
}