{
  "iri": "1c990cc1-535e-48d8-816c-e3f8b6e2a093/aa3b549c-0c64-4fbf-8486-099f4772026e/1e3d00c2-6a8f-4c98-98d5-deaf0f80102e",
  "types": [
    "https://dataspecer.com/core/model-descriptor/pim-store-wrapper"
  ],
  "userMetadata": {
    "documentBaseUrl": "https://semiceu.github.io/DCAT-AP/r5r/releases/3.0.0/voc/r5r.jsonld",
    "label": {
      "en": "r5r"
    }
  },
  "metadata": {
    "creationDate": "2026-01-09T08:51:15.719Z",
    "modificationDate": "2026-01-09T08:52:01.369Z"
  },
  "_version": 1,
  "_exportVersion": 1,
  "_exportedAt": "2026-01-09T08:58:15.807Z",
  "_exportedBy": "http://localhost:3100"
}