{
  "iri": "1c990cc1-535e-48d8-816c-e3f8b6e2a093/aa3b549c-0c64-4fbf-8486-099f4772026e/98bf4cf3-3933-48aa-b7da-c5192147af39",
  "types": [
    "https://dataspecer.com/core/model-descriptor/pim-store-wrapper"
  ],
  "userMetadata": {
    "documentBaseUrl": "https://op.europa.eu/documents/3938058/11669184/eli.owl/",
    "label": {
      "en": "eli"
    }
  },
  "metadata": {
    "creationDate": "2026-01-09T08:51:16.210Z",
    "modificationDate": "2026-01-09T08:52:01.447Z"
  },
  "_version": 1,
  "_exportVersion": 1,
  "_exportedAt": "2026-01-09T08:58:15.810Z",
  "_exportedBy": "http://localhost:3100"
}