{
  "iri": "31c15e62-6f46-4c53-ad4d-cf900421feb6/8f22fffc-b41a-455f-87f7-e9e3c2f6dc90/profile",
  "types": [
    "http://dataspecer.com/resources/local/semantic-model"
  ],
  "userMetadata": {
    "label": {
      "en": "DCAT-AP 3.0.0 based on DCAT 3 DAP"
    },
    "documentBaseUrl": "https://mff-uk.github.io/specifications/dcat-ap/"
  },
  "metadata": {
    "creationDate": "2025-04-29T06:44:28.747Z",
    "modificationDate": "2025-04-29T06:44:28.770Z"
  },
  "_version": 1,
  "_exportVersion": 1,
  "_exportedAt": "2025-04-29T06:45:11.834Z",
  "_exportedBy": "http://localhost:3100"
}