{
  "iri": "28798643-e04a-482d-95d0-0825189373f8",
  "types": [
    "http://dataspecer.com/resources/local/package"
  ],
  "userMetadata": {
    "label": {
      "cs": "DCAT-AP-CZ - podmínky užití",
      "en": "DCAT-AP-CZ - terms of use"
    },
    "description": {}
  },
  "metadata": {
    "creationDate": "2025-03-04T10:39:55.543Z",
    "modificationDate": "2025-04-04T11:29:09.780Z"
  },
  "_version": 1,
  "_exportVersion": 1,
  "_exportedAt": "2025-04-04T11:29:24.730Z",
  "_exportedBy": "http://localhost:3100"
}