{
  "type": "http://dataspecer.com/resources/local/semantic-model",
  "modelId": "33ddec23-f525-4d63-ab25-245c7b940990",
  "modelAlias": "DCAT-AP-CZ - podmínky užití",
  "baseIri": "https://data.gov.cz/slovník/podmínky-užití/",
  "entities": {
    "zmttvf3wcbsm7ud0v6h": {
      "id": "zmttvf3wcbsm7ud0v6h",
      "iri": "Specifikace",
      "type": [
        "class"
      ],
      "name": {
        "cs": "Specifikace podmínek užití",
        "en": "Terms of use specification"
      },
      "description": {}
    },
    "0skv5hcvu67m7ud1ct9": {
      "id": "0skv5hcvu67m7ud1ct9",
      "iri": null,
      "child": "zmttvf3wcbsm7ud0v6h",
      "parent": "http://purl.org/dc/terms/LicenseDocument",
      "type": [
        "generalization"
      ]
    },
    "hetlfla483bm7ud3idr": {
      "id": "hetlfla483bm7ud3idr",
      "type": [
        "relationship"
      ],
      "iri": null,
      "name": {},
      "description": {},
      "ends": [
        {
          "name": {},
          "description": {},
          "concept": "http://www.w3.org/ns/dcat#Distribution",
          "iri": null
        },
        {
          "name": {
            "cs": "Specifikace podmínek užití",
            "en": "Terms of use specification"
          },
          "description": {},
          "concept": "zmttvf3wcbsm7ud0v6h",
          "iri": "specifikace"
        }
      ]
    },
    "gpmuh37ttpm7ud3t8k": {
      "id": "gpmuh37ttpm7ud3t8k",
      "iri": "916f32b4-ae3d-4bd5-8755-0ff348070106",
      "child": "hetlfla483bm7ud3idr",
      "parent": "http://purl.org/dc/terms/license",
      "type": [
        "generalization"
      ]
    },
    "gnrjet4dmggm7ud78mq": {
      "id": "gnrjet4dmggm7ud78mq",
      "type": [
        "relationship"
      ],
      "iri": null,
      "name": {},
      "description": {},
      "ends": [
        {
          "name": {},
          "description": {},
          "concept": "zmttvf3wcbsm7ud0v6h",
          "iri": null
        },
        {
          "name": {
            "cs": "Autorské dílo",
            "en": "Copyrighted work"
          },
          "description": {},
          "concept": "http://purl.org/dc/terms/LicenseDocument",
          "iri": "autorské-dílo"
        }
      ]
    },
    "xmaskp950bjm7ud85st": {
      "id": "xmaskp950bjm7ud85st",
      "type": [
        "relationship"
      ],
      "iri": null,
      "name": {},
      "description": {},
      "ends": [
        {
          "name": {},
          "description": {},
          "concept": "zmttvf3wcbsm7ud0v6h",
          "iri": null
        },
        {
          "name": {
            "cs": "Jména autorů díla",
            "en": "Names of authors"
          },
          "description": {},
          "concept": "http://www.w3.org/1999/02/22-rdf-syntax-ns#langString",
          "iri": "autor"
        }
      ]
    },
    "pismv2ntscm7ud8tu2": {
      "id": "pismv2ntscm7ud8tu2",
      "type": [
        "relationship"
      ],
      "iri": null,
      "name": {},
      "description": {},
      "ends": [
        {
          "name": {},
          "description": {},
          "concept": "zmttvf3wcbsm7ud0v6h",
          "iri": null
        },
        {
          "name": {
            "cs": "Jména autorů originální databáze",
            "en": "Names of authors of database"
          },
          "description": {},
          "concept": "http://www.w3.org/1999/02/22-rdf-syntax-ns#langString",
          "iri": "autor-databáze"
        }
      ]
    },
    "2t33k4yn5d7m7udb5us": {
      "id": "2t33k4yn5d7m7udb5us",
      "type": [
        "relationship"
      ],
      "iri": null,
      "name": {},
      "description": {},
      "ends": [
        {
          "name": {},
          "description": {},
          "concept": "zmttvf3wcbsm7ud0v6h",
          "iri": null
        },
        {
          "name": {
            "cs": "Originální databáze",
            "en": "Copyrighted database"
          },
          "description": {},
          "concept": "http://purl.org/dc/terms/LicenseDocument",
          "iri": "databáze-jako-autorské-dílo"
        }
      ]
    },
    "vyze7o0hyapm7udbx48": {
      "id": "vyze7o0hyapm7udbx48",
      "type": [
        "relationship"
      ],
      "iri": null,
      "name": {},
      "description": {},
      "ends": [
        {
          "name": {},
          "description": {},
          "concept": "zmttvf3wcbsm7ud0v6h",
          "iri": null
        },
        {
          "name": {
            "cs": "Zvláštní právo pořizovatele databáze",
            "en": "Sui generis database rights"
          },
          "description": {},
          "concept": "http://purl.org/dc/terms/LicenseDocument",
          "iri": "databáze-chráněná-zvláštními-právy"
        }
      ]
    },
    "b3cqzof5s6tm7udcy28": {
      "id": "b3cqzof5s6tm7udcy28",
      "type": [
        "relationship"
      ],
      "iri": null,
      "name": {},
      "description": {},
      "ends": [
        {
          "name": {},
          "description": {},
          "concept": "zmttvf3wcbsm7ud0v6h",
          "iri": null
        },
        {
          "name": {
            "cs": "Osobní údaje",
            "en": "Personal data"
          },
          "description": {},
          "concept": "http://purl.org/dc/terms/LicenseDocument",
          "iri": "osobní-údaje"
        }
      ]
    }
  }
}