{
  "iri": "33ddec23-f525-4d63-ab25-245c7b940990",
  "types": [
    "http://dataspecer.com/resources/local/semantic-model"
  ],
  "userMetadata": {
    "label": {
      "en": "DCAT-AP-CZ - podmínky užití"
    },
    "description": {
      "en": "Semantic model for the vocabulary"
    }
  },
  "metadata": {
    "creationDate": "2025-03-04T10:39:55.589Z",
    "modificationDate": "2025-04-14T14:49:55.260Z"
  },
  "_version": 1,
  "_exportVersion": 1,
  "_exportedAt": "2025-04-14T14:50:08.213Z",
  "_exportedBy": "http://localhost:3100"
}