{
  "iri": "8612bc65-7f0c-456c-83af-6bff1023c1bf",
  "types": [
    "http://dataspecer.com/resources/local/visual-model"
  ],
  "userMetadata": {
    "label": {
      "en": "Main view"
    },
    "description": {
      "en": "View model for the vocabulary"
    }
  },
  "metadata": {
    "creationDate": "2025-03-04T10:39:55.755Z",
    "modificationDate": "2025-04-14T14:49:55.576Z"
  },
  "_version": 1,
  "_exportVersion": 1,
  "_exportedAt": "2025-04-14T14:50:08.216Z",
  "_exportedBy": "http://localhost:3100"
}