{
  "iri": "31c15e62-6f46-4c53-ad4d-cf900421feb6/d9112763-b3b6-41bd-84cf-592d04e66bfe/5f80a6ab-4b07-4b46-a752-0ae7d935fe0b",
  "types": [
    "https://dataspecer.com/core/model-descriptor/pim-store-wrapper"
  ],
  "userMetadata": {
    "documentBaseUrl": "https://op.europa.eu/documents/3938058/11669184/eli.owl/"
  },
  "metadata": {
    "creationDate": "2025-04-14T14:53:07.928Z",
    "modificationDate": "2025-04-14T14:56:52.369Z"
  },
  "_version": 1,
  "_exportVersion": 1,
  "_exportedAt": "2025-04-14T14:57:13.829Z",
  "_exportedBy": "http://localhost:3100"
}