{
  "iri": "1c990cc1-535e-48d8-816c-e3f8b6e2a093/aa3b549c-0c64-4fbf-8486-099f4772026e/bdd406f1-0bbc-42b1-ac02-e03ba03836cb/03d2bfd5-6ad4-492b-8639-1bcb09d24d34",
  "types": [
    "https://dataspecer.com/core/model-descriptor/pim-store-wrapper"
  ],
  "userMetadata": {
    "documentBaseUrl": "https://www.w3.org/2006/vcard/ns",
    "label": {
      "en": "ns"
    }
  },
  "metadata": {
    "creationDate": "2026-01-09T08:51:18.032Z",
    "modificationDate": "2026-01-09T08:52:01.913Z"
  },
  "_version": 1,
  "_exportVersion": 1,
  "_exportedAt": "2026-01-09T08:58:15.835Z",
  "_exportedBy": "http://localhost:3100"
}