{
  "iri": "1c990cc1-535e-48d8-816c-e3f8b6e2a093/aa3b549c-0c64-4fbf-8486-099f4772026e/bdd406f1-0bbc-42b1-ac02-e03ba03836cb/2c534e10-771a-46c0-b69b-9243edaff542",
  "types": [
    "https://dataspecer.com/core/model-descriptor/pim-store-wrapper"
  ],
  "userMetadata": {
    "documentBaseUrl": "https://semiceu.github.io/Core-Location-Vocabulary/releases/2.00/voc/core-location-ap.ttl",
    "label": {
      "en": "core-location-ap"
    }
  },
  "metadata": {
    "creationDate": "2026-01-09T08:51:20.183Z",
    "modificationDate": "2026-01-09T08:52:02.285Z"
  },
  "_version": 1,
  "_exportVersion": 1,
  "_exportedAt": "2026-01-09T08:58:15.843Z",
  "_exportedBy": "http://localhost:3100"
}