{
  "iri": "1c990cc1-535e-48d8-816c-e3f8b6e2a093/aa3b549c-0c64-4fbf-8486-099f4772026e/bdd406f1-0bbc-42b1-ac02-e03ba03836cb/675ce9ce-b1ad-430f-971a-43a8e8893e45",
  "types": [
    "https://dataspecer.com/core/model-descriptor/pim-store-wrapper"
  ],
  "userMetadata": {
    "documentBaseUrl": "https://www.w3.org/ns/legacy_locn.ttl",
    "label": {
      "en": "legacy_locn"
    }
  },
  "metadata": {
    "creationDate": "2026-01-09T08:51:17.611Z",
    "modificationDate": "2026-01-09T08:52:01.818Z"
  },
  "_version": 1,
  "_exportVersion": 1,
  "_exportedAt": "2026-01-09T08:58:15.833Z",
  "_exportedBy": "http://localhost:3100"
}