{
  "iri": "1c990cc1-535e-48d8-816c-e3f8b6e2a093/aa3b549c-0c64-4fbf-8486-099f4772026e/bdd406f1-0bbc-42b1-ac02-e03ba03836cb/6a3afd1d-2c04-4896-a948-b715709edf6e",
  "types": [
    "https://dataspecer.com/core/model-descriptor/pim-store-wrapper"
  ],
  "userMetadata": {
    "documentBaseUrl": "https://datagov-cz.github.io/cache-slovniku/spdx-ontology.2.3.1.ttl",
    "label": {
      "en": "spdx-ontology"
    }
  },
  "metadata": {
    "creationDate": "2026-01-09T08:51:23.004Z",
    "modificationDate": "2026-01-09T08:52:02.778Z"
  },
  "_version": 1,
  "_exportVersion": 1,
  "_exportedAt": "2026-01-09T08:58:15.858Z",
  "_exportedBy": "http://localhost:3100"
}