{
  "iri": "1c990cc1-535e-48d8-816c-e3f8b6e2a093/aa3b549c-0c64-4fbf-8486-099f4772026e/bdd406f1-0bbc-42b1-ac02-e03ba03836cb/7322b32e-f7fe-4527-89b0-37fe466b1364",
  "types": [
    "https://dataspecer.com/core/model-descriptor/pim-store-wrapper"
  ],
  "userMetadata": {
    "documentBaseUrl": "https://www.w3.org/ns/prov-o",
    "label": {
      "en": "prov-o"
    }
  },
  "metadata": {
    "creationDate": "2026-01-09T08:51:21.945Z",
    "modificationDate": "2026-01-09T08:52:02.490Z"
  },
  "_version": 1,
  "_exportVersion": 1,
  "_exportedAt": "2026-01-09T08:58:15.849Z",
  "_exportedBy": "http://localhost:3100"
}